nohup: ignoring input
Fri Aug 01 2025 20:18:41 GMT-0400 (Eastern Daylight Time)
Server running on http://localhost:3001
[WS] Pi WebSocket server listening on ws://localhost:8081/
[WS] App WebSocket server listening on ws://localhost:8082/
[PING] 🔁 Tick — 2025-08-02T00:19:00.018Z
[PING] 🏠 Found 1
[PING-PI] ❌ Could not reach homebase C554CE816A718CDE
[PING-ESP] Considering HB IDs: [ 'C554CE816A718CDE' ]
[PING-ESP] Online HB IDs: []
[PING-ESP] 🚫 Skipping ESP pings (DB offline) hb=C554CE816A718CDE
[PING] ✅ All pings dispatched

[WebSocket] Homebase connected: C554CE816A718CDE
[WebSocket] Homebase connected: C554CE816A718CDE
[PING] 🔁 Tick — 2025-08-02T00:20:00.022Z
[CRON] 2025-08-02T00:20:00.024Z — dow=5, bucket=244
[PING] 🏠 Found 1
[CRON] ▶ ON  slots to start/continue: 0
[CRON] ▶ OFF slots to stop        : 0
[CRON] ✓ pass complete

[PING-PI] ✅ Homebase C554CE816A718CDE is ONLINE
[PING-ESP] Considering HB IDs: [ 'C554CE816A718CDE' ]
[PING-ESP] Online HB IDs: [ 'C554CE816A718CDE' ]
[PING-ESP] 🛰️ Sent ping to esp32-c41d.local
[PING] ✅ All pings dispatched

[PING-ESP32] Received pong for device C41D-C41D87EA-87EABF8C — ONLINE: true

=== HomeBase Name Request ===
Authenticated User ID: cmd9p4fp000001lntwxsahm5c
Database Query Result: { name: 'HomeBase 8CDE', id: 'C554CE816A718CDE', online: true }
Returning HomeBase name: HomeBase 8CDE

=== HomeBase Name Request ===
Authenticated User ID: cmd9p4fp000001lntwxsahm5c
Database Query Result: { name: 'HomeBase 8CDE', id: 'C554CE816A718CDE', online: true }
Returning HomeBase name: HomeBase 8CDE
hit devices/list
[WebSocket] App connected: C554CE816A718CDE
[API] Request to turn ON zone 1 on device C41D-C41D87EA-87EABF8C
[API] Successfully toggled zone 1 ON and updated DB for C41D-C41D87EA-87EABF8C
[API] Request to turn OFF zone 1 on device C41D-C41D87EA-87EABF8C
[API] Successfully toggled zone 1 OFF and updated DB for C41D-C41D87EA-87EABF8C
[API] Request to turn ON zone 1 on device C41D-C41D87EA-87EABF8C
[API] Successfully toggled zone 1 ON and updated DB for C41D-C41D87EA-87EABF8C
[API] Request to turn OFF zone 1 on device C41D-C41D87EA-87EABF8C
[API] Successfully toggled zone 1 OFF and updated DB for C41D-C41D87EA-87EABF8C
[API] Request to turn ON zone 1 on device C41D-C41D87EA-87EABF8C
[API] Successfully toggled zone 1 ON and updated DB for C41D-C41D87EA-87EABF8C
[API] Request to turn OFF zone 1 on device C41D-C41D87EA-87EABF8C
[API] Successfully toggled zone 1 OFF and updated DB for C41D-C41D87EA-87EABF8C
[API] Request to turn ON zone 1 on device C41D-C41D87EA-87EABF8C
[API] Successfully toggled zone 1 ON and updated DB for C41D-C41D87EA-87EABF8C
[API] Request to turn OFF zone 1 on device C41D-C41D87EA-87EABF8C
[API] Successfully toggled zone 1 OFF and updated DB for C41D-C41D87EA-87EABF8C
[API] Request to turn ON zone 1 on device C41D-C41D87EA-87EABF8C
[API] Successfully toggled zone 1 ON and updated DB for C41D-C41D87EA-87EABF8C
[API] Request to turn ON zone 2 on device C41D-C41D87EA-87EABF8C
[API] Successfully toggled zone 2 ON and updated DB for C41D-C41D87EA-87EABF8C
[API] Request to turn OFF zone 2 on device C41D-C41D87EA-87EABF8C
[API] Successfully toggled zone 2 OFF and updated DB for C41D-C41D87EA-87EABF8C
[API] Request to turn OFF zone 1 on device C41D-C41D87EA-87EABF8C
[API] Successfully toggled zone 1 OFF and updated DB for C41D-C41D87EA-87EABF8C
[PING] 🔁 Tick — 2025-08-02T00:21:00.013Z
[PING] 🏠 Found 1
[PING-PI] ✅ Homebase C554CE816A718CDE is ONLINE
[PING-ESP] Considering HB IDs: [ 'C554CE816A718CDE' ]
[PING-ESP] Online HB IDs: [ 'C554CE816A718CDE' ]
[PING-ESP] 🛰️ Sent ping to esp32-c41d.local
[PING] ✅ All pings dispatched

[PING-ESP32] Received pong for device C41D-C41D87EA-87EABF8C — ONLINE: true

=== HomeBase Name Request ===
Authenticated User ID: cmd9p4fp000001lntwxsahm5c
hit devices/list
Database Query Result: { name: 'HomeBase 8CDE', id: 'C554CE816A718CDE', online: true }
Returning HomeBase name: HomeBase 8CDE

=== HomeBase Name Request ===
Authenticated User ID: cmd9p4fp000001lntwxsahm5c
hit devices/list
Database Query Result: { name: 'HomeBase 8CDE', id: 'C554CE816A718CDE', online: true }
Returning HomeBase name: HomeBase 8CDE
[WS-APP] 🔌 closed homebase C554CE816A718CDE (code 1006, reason: )
[PING] 🔁 Tick — 2025-08-02T00:22:00.016Z
[PING] 🏠 Found 1
[PING-PI] ✅ Homebase C554CE816A718CDE is ONLINE
[PING-ESP] Considering HB IDs: [ 'C554CE816A718CDE' ]
[PING-ESP] Online HB IDs: [ 'C554CE816A718CDE' ]
[PING-ESP] 🛰️ Sent ping to esp32-c41d.local
[PING] ✅ All pings dispatched

[PING-ESP32] Received pong for device C41D-C41D87EA-87EABF8C — ONLINE: true
[PING] 🔁 Tick — 2025-08-02T00:23:00.016Z
[PING] 🏠 Found 1
[PING-PI] ✅ Homebase C554CE816A718CDE is ONLINE
[PING-ESP] Considering HB IDs: [ 'C554CE816A718CDE' ]
[PING-ESP] Online HB IDs: [ 'C554CE816A718CDE' ]
[PING-ESP] 🛰️ Sent ping to esp32-c41d.local
[PING] ✅ All pings dispatched

[PING-ESP32] Received pong for device C41D-C41D87EA-87EABF8C — ONLINE: true
[PING] 🔁 Tick — 2025-08-02T00:24:00.014Z
[PING] 🏠 Found 1
[PING-PI] ✅ Homebase C554CE816A718CDE is ONLINE
[PING-ESP] Considering HB IDs: [ 'C554CE816A718CDE' ]
[PING-ESP] Online HB IDs: [ 'C554CE816A718CDE' ]
[PING-ESP] 🛰️ Sent ping to esp32-c41d.local
[PING] ✅ All pings dispatched

[PING-ESP32] Received pong for device C41D-C41D87EA-87EABF8C — ONLINE: true
[CRON] 2025-08-02T00:25:00.020Z — dow=5, bucket=245
[PING] 🔁 Tick — 2025-08-02T00:25:00.022Z
[CRON] ▶ ON  slots to start/continue: 0
[PING] 🏠 Found 1
[CRON] ▶ OFF slots to stop        : 0
[CRON] ✓ pass complete

[PING-PI] ✅ Homebase C554CE816A718CDE is ONLINE
[PING-ESP] Considering HB IDs: [ 'C554CE816A718CDE' ]
[PING-ESP] Online HB IDs: [ 'C554CE816A718CDE' ]
[PING-ESP] 🛰️ Sent ping to esp32-c41d.local
[PING] ✅ All pings dispatched

[PING-ESP32] Received pong for device C41D-C41D87EA-87EABF8C — ONLINE: true
[PING] 🔁 Tick — 2025-08-02T00:26:00.013Z
[PING] 🏠 Found 1
[PING-PI] ✅ Homebase C554CE816A718CDE is ONLINE
[PING-ESP] Considering HB IDs: [ 'C554CE816A718CDE' ]
[PING-ESP] Online HB IDs: [ 'C554CE816A718CDE' ]
[PING-ESP] 🛰️ Sent ping to esp32-c41d.local
[PING] ✅ All pings dispatched

[PING-ESP32] Received pong for device C41D-C41D87EA-87EABF8C — ONLINE: true
[PING] 🔁 Tick — 2025-08-02T00:27:00.019Z
[PING] 🏠 Found 1
[PING-PI] ✅ Homebase C554CE816A718CDE is ONLINE
[PING-ESP] Considering HB IDs: [ 'C554CE816A718CDE' ]
[PING-ESP] Online HB IDs: [ 'C554CE816A718CDE' ]
[PING-ESP] 🛰️ Sent ping to esp32-c41d.local
[PING] ✅ All pings dispatched

[PING-ESP32] Received pong for device C41D-C41D87EA-87EABF8C — ONLINE: true
[PING] 🔁 Tick — 2025-08-02T00:28:00.017Z
[PING] 🏠 Found 1
[PING-PI] ✅ Homebase C554CE816A718CDE is ONLINE
[PING-ESP] Considering HB IDs: [ 'C554CE816A718CDE' ]
[PING-ESP] Online HB IDs: [ 'C554CE816A718CDE' ]
[PING-ESP] 🛰️ Sent ping to esp32-c41d.local
[PING] ✅ All pings dispatched

[PING-ESP32] Received pong for device C41D-C41D87EA-87EABF8C — ONLINE: false
[PING] 🔁 Tick — 2025-08-02T00:29:00.016Z
[PING] 🏠 Found 1
[PING-PI] ✅ Homebase C554CE816A718CDE is ONLINE
[PING-ESP] Considering HB IDs: [ 'C554CE816A718CDE' ]
[PING-ESP] Online HB IDs: [ 'C554CE816A718CDE' ]
[PING-ESP] 🛰️ Sent ping to esp32-c41d.local
[PING] ✅ All pings dispatched

[PING-ESP32] Received pong for device C41D-C41D87EA-87EABF8C — ONLINE: false
[CRON] 2025-08-02T00:30:00.019Z — dow=5, bucket=246
[PING] 🔁 Tick — 2025-08-02T00:30:00.021Z
[CRON] ▶ ON  slots to start/continue: 0
[PING] 🏠 Found 1
[CRON] ▶ OFF slots to stop        : 0
[CRON] ✓ pass complete

[PING-PI] ✅ Homebase C554CE816A718CDE is ONLINE
[PING-ESP] Considering HB IDs: [ 'C554CE816A718CDE' ]
[PING-ESP] Online HB IDs: [ 'C554CE816A718CDE' ]
[PING-ESP] 🛰️ Sent ping to esp32-c41d.local
[PING] ✅ All pings dispatched

[PING-ESP32] Received pong for device C41D-C41D87EA-87EABF8C — ONLINE: false
[PING] 🔁 Tick — 2025-08-02T00:31:00.016Z
[PING] 🏠 Found 1
[PING-PI] ✅ Homebase C554CE816A718CDE is ONLINE
[PING-ESP] Considering HB IDs: [ 'C554CE816A718CDE' ]
[PING-ESP] Online HB IDs: [ 'C554CE816A718CDE' ]
[PING-ESP] 🛰️ Sent ping to esp32-c41d.local
[PING] ✅ All pings dispatched

[PING-ESP32] Received pong for device C41D-C41D87EA-87EABF8C — ONLINE: false
[PING] 🔁 Tick — 2025-08-02T00:32:00.016Z
[PING] 🏠 Found 1
[PING-PI] ✅ Homebase C554CE816A718CDE is ONLINE
[PING-ESP] Considering HB IDs: [ 'C554CE816A718CDE' ]
[PING-ESP] Online HB IDs: [ 'C554CE816A718CDE' ]
[PING-ESP] 🛰️ Sent ping to esp32-c41d.local
[PING] ✅ All pings dispatched

[PING-ESP32] Received pong for device C41D-C41D87EA-87EABF8C — ONLINE: false
[PING] 🔁 Tick — 2025-08-02T00:33:00.012Z
[PING] 🏠 Found 1
[PING-PI] ✅ Homebase C554CE816A718CDE is ONLINE
[PING-ESP] Considering HB IDs: [ 'C554CE816A718CDE' ]
[PING-ESP] Online HB IDs: [ 'C554CE816A718CDE' ]
[PING-ESP] 🛰️ Sent ping to esp32-c41d.local
[PING] ✅ All pings dispatched

[PING-ESP32] Received pong for device C41D-C41D87EA-87EABF8C — ONLINE: false
[PING] 🔁 Tick — 2025-08-02T00:34:00.017Z
[PING] 🏠 Found 1
[PING-PI] ✅ Homebase C554CE816A718CDE is ONLINE
[PING-ESP] Considering HB IDs: [ 'C554CE816A718CDE' ]
[PING-ESP] Online HB IDs: [ 'C554CE816A718CDE' ]
[PING-ESP] 🛰️ Sent ping to esp32-c41d.local
[PING] ✅ All pings dispatched

[PING-ESP32] Received pong for device C41D-C41D87EA-87EABF8C — ONLINE: false
[CRON] 2025-08-02T00:35:00.020Z — dow=5, bucket=247
[PING] 🔁 Tick — 2025-08-02T00:35:00.021Z
[CRON] ▶ ON  slots to start/continue: 0
[PING] 🏠 Found 1
[CRON] ▶ OFF slots to stop        : 0
[CRON] ✓ pass complete

[PING-PI] ✅ Homebase C554CE816A718CDE is ONLINE
[PING-ESP] Considering HB IDs: [ 'C554CE816A718CDE' ]
[PING-ESP] Online HB IDs: [ 'C554CE816A718CDE' ]
[PING-ESP] 🛰️ Sent ping to esp32-c41d.local
[PING] ✅ All pings dispatched

[PING-ESP32] Received pong for device C41D-C41D87EA-87EABF8C — ONLINE: false
[PING] 🔁 Tick — 2025-08-02T00:36:00.016Z
[PING] 🏠 Found 1
[PING-PI] ✅ Homebase C554CE816A718CDE is ONLINE
[PING-ESP] Considering HB IDs: [ 'C554CE816A718CDE' ]
[PING-ESP] Online HB IDs: [ 'C554CE816A718CDE' ]
[PING-ESP] 🛰️ Sent ping to esp32-c41d.local
[PING] ✅ All pings dispatched

[PING-ESP32] Received pong for device C41D-C41D87EA-87EABF8C — ONLINE: false
[PING] 🔁 Tick — 2025-08-02T00:37:00.013Z
[PING] 🏠 Found 1
[PING-PI] ✅ Homebase C554CE816A718CDE is ONLINE
[PING-ESP] Considering HB IDs: [ 'C554CE816A718CDE' ]
[PING-ESP] Online HB IDs: [ 'C554CE816A718CDE' ]
[PING-ESP] 🛰️ Sent ping to esp32-c41d.local
[PING] ✅ All pings dispatched

[PING-ESP32] Received pong for device C41D-C41D87EA-87EABF8C — ONLINE: false
[PING] 🔁 Tick — 2025-08-02T00:38:00.014Z
[PING] 🏠 Found 1
[PING-PI] ✅ Homebase C554CE816A718CDE is ONLINE
[PING-ESP] Considering HB IDs: [ 'C554CE816A718CDE' ]
[PING-ESP] Online HB IDs: [ 'C554CE816A718CDE' ]
[PING-ESP] 🛰️ Sent ping to esp32-c41d.local
[PING] ✅ All pings dispatched

[PING-ESP32] Received pong for device C41D-C41D87EA-87EABF8C — ONLINE: false
[PING] 🔁 Tick — 2025-08-02T00:39:00.014Z
[PING] 🏠 Found 1
[PING-PI] ✅ Homebase C554CE816A718CDE is ONLINE
[PING-ESP] Considering HB IDs: [ 'C554CE816A718CDE' ]
[PING-ESP] Online HB IDs: [ 'C554CE816A718CDE' ]
[PING-ESP] 🛰️ Sent ping to esp32-c41d.local
[PING] ✅ All pings dispatched

[PING-ESP32] Received pong for device C41D-C41D87EA-87EABF8C — ONLINE: false
[PING] 🔁 Tick — 2025-08-02T00:40:00.019Z
[CRON] 2025-08-02T00:40:00.020Z — dow=5, bucket=248
[PING] 🏠 Found 1
[CRON] ▶ ON  slots to start/continue: 0
[CRON] ▶ OFF slots to stop        : 0
[CRON] ✓ pass complete

[PING-PI] ✅ Homebase C554CE816A718CDE is ONLINE
[PING-ESP] Considering HB IDs: [ 'C554CE816A718CDE' ]
[PING-ESP] Online HB IDs: [ 'C554CE816A718CDE' ]
[PING-ESP] 🛰️ Sent ping to esp32-c41d.local
[PING] ✅ All pings dispatched

[PING-ESP32] Received pong for device C41D-C41D87EA-87EABF8C — ONLINE: false
[PING] 🔁 Tick — 2025-08-02T00:41:00.015Z
[PING] 🏠 Found 1
[PING-PI] ✅ Homebase C554CE816A718CDE is ONLINE
[PING-ESP] Considering HB IDs: [ 'C554CE816A718CDE' ]
[PING-ESP] Online HB IDs: [ 'C554CE816A718CDE' ]
[PING-ESP] 🛰️ Sent ping to esp32-c41d.local
[PING] ✅ All pings dispatched

[PING-ESP32] Received pong for device C41D-C41D87EA-87EABF8C — ONLINE: false
[PING] 🔁 Tick — 2025-08-02T00:42:00.015Z
[PING] 🏠 Found 1
[PING-PI] ✅ Homebase C554CE816A718CDE is ONLINE
[PING-ESP] Considering HB IDs: [ 'C554CE816A718CDE' ]
[PING-ESP] Online HB IDs: [ 'C554CE816A718CDE' ]
[PING-ESP] 🛰️ Sent ping to esp32-c41d.local
[PING] ✅ All pings dispatched

[PING-ESP32] Received pong for device C41D-C41D87EA-87EABF8C — ONLINE: false
[PING] 🔁 Tick — 2025-08-02T00:43:00.014Z
[PING] 🏠 Found 1
[PING-PI] ✅ Homebase C554CE816A718CDE is ONLINE
[PING-ESP] Considering HB IDs: [ 'C554CE816A718CDE' ]
[PING-ESP] Online HB IDs: [ 'C554CE816A718CDE' ]
[PING-ESP] 🛰️ Sent ping to esp32-c41d.local
[PING] ✅ All pings dispatched

[PING-ESP32] Received pong for device C41D-C41D87EA-87EABF8C — ONLINE: false
[PING] 🔁 Tick — 2025-08-02T00:44:00.012Z
[PING] 🏠 Found 1
[PING-PI] ✅ Homebase C554CE816A718CDE is ONLINE
[PING-ESP] Considering HB IDs: [ 'C554CE816A718CDE' ]
[PING-ESP] Online HB IDs: [ 'C554CE816A718CDE' ]
[PING-ESP] 🛰️ Sent ping to esp32-c41d.local
[PING] ✅ All pings dispatched

[PING-ESP32] Received pong for device C41D-C41D87EA-87EABF8C — ONLINE: false
[PING] 🔁 Tick — 2025-08-02T00:45:00.019Z
[CRON] 2025-08-02T00:45:00.020Z — dow=5, bucket=249
[PING] 🏠 Found 1
[CRON] ▶ ON  slots to start/continue: 0
[CRON] ▶ OFF slots to stop        : 0
[CRON] ✓ pass complete

[PING-PI] ✅ Homebase C554CE816A718CDE is ONLINE
[PING-ESP] Considering HB IDs: [ 'C554CE816A718CDE' ]
[PING-ESP] Online HB IDs: [ 'C554CE816A718CDE' ]
[PING-ESP] 🛰️ Sent ping to esp32-c41d.local
[PING] ✅ All pings dispatched

[PING-ESP32] Received pong for device C41D-C41D87EA-87EABF8C — ONLINE: false
[PING] 🔁 Tick — 2025-08-02T00:46:00.015Z
[PING] 🏠 Found 1
[PING-PI] ✅ Homebase C554CE816A718CDE is ONLINE
[PING-ESP] Considering HB IDs: [ 'C554CE816A718CDE' ]
[PING-ESP] Online HB IDs: [ 'C554CE816A718CDE' ]
[PING-ESP] 🛰️ Sent ping to esp32-c41d.local
[PING] ✅ All pings dispatched

[PING-ESP32] Received pong for device C41D-C41D87EA-87EABF8C — ONLINE: false
[PING] 🔁 Tick — 2025-08-02T00:47:00.010Z
[PING] 🏠 Found 1
[PING-PI] ✅ Homebase C554CE816A718CDE is ONLINE
[PING-ESP] Considering HB IDs: [ 'C554CE816A718CDE' ]
[PING-ESP] Online HB IDs: [ 'C554CE816A718CDE' ]
[PING-ESP] 🛰️ Sent ping to esp32-c41d.local
[PING] ✅ All pings dispatched

[PING-ESP32] Received pong for device C41D-C41D87EA-87EABF8C — ONLINE: false
[PING] 🔁 Tick — 2025-08-02T00:48:00.017Z
[PING] 🏠 Found 1
[PING-PI] ✅ Homebase C554CE816A718CDE is ONLINE
[PING-ESP] Considering HB IDs: [ 'C554CE816A718CDE' ]
[PING-ESP] Online HB IDs: [ 'C554CE816A718CDE' ]
[PING-ESP] 🛰️ Sent ping to esp32-c41d.local
[PING] ✅ All pings dispatched

[PING-ESP32] Received pong for device C41D-C41D87EA-87EABF8C — ONLINE: true
[PING] 🔁 Tick — 2025-08-02T00:49:00.009Z
[PING] 🏠 Found 1
[PING-PI] ✅ Homebase C554CE816A718CDE is ONLINE
[PING-ESP] Considering HB IDs: [ 'C554CE816A718CDE' ]
[PING-ESP] Online HB IDs: [ 'C554CE816A718CDE' ]
[PING-ESP] 🛰️ Sent ping to esp32-c41d.local
[PING] ✅ All pings dispatched

[PING-ESP32] Received pong for device C41D-C41D87EA-87EABF8C — ONLINE: true
[PING] 🔁 Tick — 2025-08-02T00:50:00.019Z
[CRON] 2025-08-02T00:50:00.020Z — dow=5, bucket=250
[PING] 🏠 Found 1
[CRON] ▶ ON  slots to start/continue: 0
[CRON] ▶ OFF slots to stop        : 0
[CRON] ✓ pass complete

[PING-PI] ✅ Homebase C554CE816A718CDE is ONLINE
[PING-ESP] Considering HB IDs: [ 'C554CE816A718CDE' ]
[PING-ESP] Online HB IDs: [ 'C554CE816A718CDE' ]
[PING-ESP] 🛰️ Sent ping to esp32-c41d.local
[PING] ✅ All pings dispatched

[PING-ESP32] Received pong for device C41D-C41D87EA-87EABF8C — ONLINE: true
[PING] 🔁 Tick — 2025-08-02T00:51:00.015Z
[PING] 🏠 Found 1
[PING-PI] ✅ Homebase C554CE816A718CDE is ONLINE
[PING-ESP] Considering HB IDs: [ 'C554CE816A718CDE' ]
[PING-ESP] Online HB IDs: [ 'C554CE816A718CDE' ]
[PING-ESP] 🛰️ Sent ping to esp32-c41d.local
[PING] ✅ All pings dispatched

[PING-ESP32] Received pong for device C41D-C41D87EA-87EABF8C — ONLINE: true
[PING] 🔁 Tick — 2025-08-02T00:52:00.016Z
[PING] 🏠 Found 1
[PING-PI] ✅ Homebase C554CE816A718CDE is ONLINE
[PING-ESP] Considering HB IDs: [ 'C554CE816A718CDE' ]
[PING-ESP] Online HB IDs: [ 'C554CE816A718CDE' ]
[PING-ESP] 🛰️ Sent ping to esp32-c41d.local
[PING] ✅ All pings dispatched

[PING-ESP32] Received pong for device C41D-C41D87EA-87EABF8C — ONLINE: true
[PING] 🔁 Tick — 2025-08-02T00:53:00.012Z
[PING] 🏠 Found 1
[PING-PI] ✅ Homebase C554CE816A718CDE is ONLINE
[PING-ESP] Considering HB IDs: [ 'C554CE816A718CDE' ]
[PING-ESP] Online HB IDs: [ 'C554CE816A718CDE' ]
[PING-ESP] 🛰️ Sent ping to esp32-c41d.local
[PING] ✅ All pings dispatched

[PING-ESP32] Received pong for device C41D-C41D87EA-87EABF8C — ONLINE: true
[PING] 🔁 Tick — 2025-08-02T00:54:00.014Z
[PING] 🏠 Found 1
[PING-PI] ✅ Homebase C554CE816A718CDE is ONLINE
[PING-ESP] Considering HB IDs: [ 'C554CE816A718CDE' ]
[PING-ESP] Online HB IDs: [ 'C554CE816A718CDE' ]
[PING-ESP] 🛰️ Sent ping to esp32-c41d.local
[PING] ✅ All pings dispatched

[PING-ESP32] Received pong for device C41D-C41D87EA-87EABF8C — ONLINE: true
[CRON] 2025-08-02T00:55:00.019Z — dow=5, bucket=251
[PING] 🔁 Tick — 2025-08-02T00:55:00.020Z
[CRON] ▶ ON  slots to start/continue: 0
[PING] 🏠 Found 1
[CRON] ▶ OFF slots to stop        : 0
[CRON] ✓ pass complete

[PING-PI] ✅ Homebase C554CE816A718CDE is ONLINE
[PING-ESP] Considering HB IDs: [ 'C554CE816A718CDE' ]
[PING-ESP] Online HB IDs: [ 'C554CE816A718CDE' ]
[PING-ESP] 🛰️ Sent ping to esp32-c41d.local
[PING] ✅ All pings dispatched

[PING-ESP32] Received pong for device C41D-C41D87EA-87EABF8C — ONLINE: true
[PING] 🔁 Tick — 2025-08-02T00:56:00.012Z
[PING] 🏠 Found 1
[PING-PI] ✅ Homebase C554CE816A718CDE is ONLINE
[PING-ESP] Considering HB IDs: [ 'C554CE816A718CDE' ]
[PING-ESP] Online HB IDs: [ 'C554CE816A718CDE' ]
[PING-ESP] 🛰️ Sent ping to esp32-c41d.local
[PING] ✅ All pings dispatched

[PING-ESP32] Received pong for device C41D-C41D87EA-87EABF8C — ONLINE: true
[PING] 🔁 Tick — 2025-08-02T00:57:00.013Z
[PING] 🏠 Found 1
[PING-PI] ✅ Homebase C554CE816A718CDE is ONLINE
[PING-ESP] Considering HB IDs: [ 'C554CE816A718CDE' ]
[PING-ESP] Online HB IDs: [ 'C554CE816A718CDE' ]
[PING-ESP] 🛰️ Sent ping to esp32-c41d.local
[PING] ✅ All pings dispatched

[PING-ESP32] Received pong for device C41D-C41D87EA-87EABF8C — ONLINE: true
[PING] 🔁 Tick — 2025-08-02T00:58:00.013Z
[PING] 🏠 Found 1
[PING-PI] ✅ Homebase C554CE816A718CDE is ONLINE
[PING-ESP] Considering HB IDs: [ 'C554CE816A718CDE' ]
[PING-ESP] Online HB IDs: [ 'C554CE816A718CDE' ]
[PING-ESP] 🛰️ Sent ping to esp32-c41d.local
[PING] ✅ All pings dispatched

[PING-ESP32] Received pong for device C41D-C41D87EA-87EABF8C — ONLINE: true
[PING] 🔁 Tick — 2025-08-02T00:59:00.013Z
[PING] 🏠 Found 1
[PING-PI] ✅ Homebase C554CE816A718CDE is ONLINE
[PING-ESP] Considering HB IDs: [ 'C554CE816A718CDE' ]
[PING-ESP] Online HB IDs: [ 'C554CE816A718CDE' ]
[PING-ESP] 🛰️ Sent ping to esp32-c41d.local
[PING] ✅ All pings dispatched

[PING-ESP32] Received pong for device C41D-C41D87EA-87EABF8C — ONLINE: true
[CRON] 2025-08-02T01:00:00.020Z — dow=5, bucket=252
[PING] 🔁 Tick — 2025-08-02T01:00:00.022Z
[PING] 🏠 Found 1
[CRON] ▶ ON  slots to start/continue: 0
[CRON] ▶ OFF slots to stop        : 0
[CRON] ✓ pass complete

[PING-PI] ✅ Homebase C554CE816A718CDE is ONLINE
[PING-ESP] Considering HB IDs: [ 'C554CE816A718CDE' ]
[PING-ESP] Online HB IDs: [ 'C554CE816A718CDE' ]
[PING-ESP] 🛰️ Sent ping to esp32-c41d.local
[PING] ✅ All pings dispatched

[PING-ESP32] Received pong for device C41D-C41D87EA-87EABF8C — ONLINE: true
[PING] 🔁 Tick — 2025-08-02T01:01:00.015Z
[PING] 🏠 Found 1
[PING-PI] ✅ Homebase C554CE816A718CDE is ONLINE
[PING-ESP] Considering HB IDs: [ 'C554CE816A718CDE' ]
[PING-ESP] Online HB IDs: [ 'C554CE816A718CDE' ]
[PING-ESP] 🛰️ Sent ping to esp32-c41d.local
[PING] ✅ All pings dispatched

[PING-ESP32] Received pong for device C41D-C41D87EA-87EABF8C — ONLINE: true
[PING] 🔁 Tick — 2025-08-02T01:02:00.016Z
[PING] 🏠 Found 1
[PING-PI] ✅ Homebase C554CE816A718CDE is ONLINE
[PING-ESP] Considering HB IDs: [ 'C554CE816A718CDE' ]
[PING-ESP] Online HB IDs: [ 'C554CE816A718CDE' ]
[PING-ESP] 🛰️ Sent ping to esp32-c41d.local
[PING] ✅ All pings dispatched

[PING-ESP32] Received pong for device C41D-C41D87EA-87EABF8C — ONLINE: true
[PING] 🔁 Tick — 2025-08-02T01:03:00.015Z
[PING] 🏠 Found 1
[PING-PI] ✅ Homebase C554CE816A718CDE is ONLINE
[PING-ESP] Considering HB IDs: [ 'C554CE816A718CDE' ]
[PING-ESP] Online HB IDs: [ 'C554CE816A718CDE' ]
[PING-ESP] 🛰️ Sent ping to esp32-c41d.local
[PING] ✅ All pings dispatched

[PING-ESP32] Received pong for device C41D-C41D87EA-87EABF8C — ONLINE: true
[PING] 🔁 Tick — 2025-08-02T01:04:00.015Z
[PING] 🏠 Found 1
[PING-PI] ✅ Homebase C554CE816A718CDE is ONLINE
[PING-ESP] Considering HB IDs: [ 'C554CE816A718CDE' ]
[PING-ESP] Online HB IDs: [ 'C554CE816A718CDE' ]
[PING-ESP] 🛰️ Sent ping to esp32-c41d.local
[PING] ✅ All pings dispatched

[PING-ESP32] Received pong for device C41D-C41D87EA-87EABF8C — ONLINE: true
[CRON] 2025-08-02T01:05:00.012Z — dow=5, bucket=253
[PING] 🔁 Tick — 2025-08-02T01:05:00.013Z
[CRON] ▶ ON  slots to start/continue: 0
[PING] 🏠 Found 1
[CRON] ▶ OFF slots to stop        : 0
[CRON] ✓ pass complete

[PING-PI] ✅ Homebase C554CE816A718CDE is ONLINE
[PING-ESP] Considering HB IDs: [ 'C554CE816A718CDE' ]
[PING-ESP] Online HB IDs: [ 'C554CE816A718CDE' ]
[PING-ESP] 🛰️ Sent ping to esp32-c41d.local
[PING] ✅ All pings dispatched

[PING-ESP32] Received pong for device C41D-C41D87EA-87EABF8C — ONLINE: true
[PING] 🔁 Tick — 2025-08-02T01:06:00.011Z
[PING] 🏠 Found 1
[PING-PI] ✅ Homebase C554CE816A718CDE is ONLINE
[PING-ESP] Considering HB IDs: [ 'C554CE816A718CDE' ]
[PING-ESP] Online HB IDs: [ 'C554CE816A718CDE' ]
[PING-ESP] 🛰️ Sent ping to esp32-c41d.local
[PING] ✅ All pings dispatched

[PING-ESP32] Received pong for device C41D-C41D87EA-87EABF8C — ONLINE: true
[PING] 🔁 Tick — 2025-08-02T01:07:00.006Z
[PING] 🏠 Found 1
[PING-PI] ✅ Homebase C554CE816A718CDE is ONLINE
[PING-ESP] Considering HB IDs: [ 'C554CE816A718CDE' ]
[PING-ESP] Online HB IDs: [ 'C554CE816A718CDE' ]
[PING-ESP] 🛰️ Sent ping to esp32-c41d.local
[PING] ✅ All pings dispatched

[PING-ESP32] Received pong for device C41D-C41D87EA-87EABF8C — ONLINE: true
[PING] 🔁 Tick — 2025-08-02T01:08:00.015Z
[PING] 🏠 Found 1
[PING-PI] ✅ Homebase C554CE816A718CDE is ONLINE
[PING-ESP] Considering HB IDs: [ 'C554CE816A718CDE' ]
[PING-ESP] Online HB IDs: [ 'C554CE816A718CDE' ]
[PING-ESP] 🛰️ Sent ping to esp32-c41d.local
[PING] ✅ All pings dispatched

[PING-ESP32] Received pong for device C41D-C41D87EA-87EABF8C — ONLINE: true
[PING] 🔁 Tick — 2025-08-02T01:09:00.015Z
[PING] 🏠 Found 1
[PING-PI] ✅ Homebase C554CE816A718CDE is ONLINE
[PING-ESP] Considering HB IDs: [ 'C554CE816A718CDE' ]
[PING-ESP] Online HB IDs: [ 'C554CE816A718CDE' ]
[PING-ESP] 🛰️ Sent ping to esp32-c41d.local
[PING] ✅ All pings dispatched

[PING-ESP32] Received pong for device C41D-C41D87EA-87EABF8C — ONLINE: true
[PING] 🔁 Tick — 2025-08-02T01:10:00.018Z
[CRON] 2025-08-02T01:10:00.019Z — dow=5, bucket=254
[PING] 🏠 Found 1
[CRON] ▶ ON  slots to start/continue: 0
[CRON] ▶ OFF slots to stop        : 0
[CRON] ✓ pass complete

[PING-PI] ✅ Homebase C554CE816A718CDE is ONLINE
[PING-ESP] Considering HB IDs: [ 'C554CE816A718CDE' ]
[PING-ESP] Online HB IDs: [ 'C554CE816A718CDE' ]
[PING-ESP] 🛰️ Sent ping to esp32-c41d.local
[PING] ✅ All pings dispatched

[PING-ESP32] Received pong for device C41D-C41D87EA-87EABF8C — ONLINE: true
[PING] 🔁 Tick — 2025-08-02T01:11:00.014Z
[PING] 🏠 Found 1
[PING-PI] ✅ Homebase C554CE816A718CDE is ONLINE
[PING-ESP] Considering HB IDs: [ 'C554CE816A718CDE' ]
[PING-ESP] Online HB IDs: [ 'C554CE816A718CDE' ]
[PING-ESP] 🛰️ Sent ping to esp32-c41d.local
[PING] ✅ All pings dispatched

[PING-ESP32] Received pong for device C41D-C41D87EA-87EABF8C — ONLINE: true
[PING] 🔁 Tick — 2025-08-02T01:12:00.014Z
[PING] 🏠 Found 1
[PING-PI] ✅ Homebase C554CE816A718CDE is ONLINE
[PING-ESP] Considering HB IDs: [ 'C554CE816A718CDE' ]
[PING-ESP] Online HB IDs: [ 'C554CE816A718CDE' ]
[PING-ESP] 🛰️ Sent ping to esp32-c41d.local
[PING] ✅ All pings dispatched

[PING-ESP32] Received pong for device C41D-C41D87EA-87EABF8C — ONLINE: true
[PING] 🔁 Tick — 2025-08-02T01:13:00.013Z
[PING] 🏠 Found 1
[PING-PI] ✅ Homebase C554CE816A718CDE is ONLINE
[PING-ESP] Considering HB IDs: [ 'C554CE816A718CDE' ]
[PING-ESP] Online HB IDs: [ 'C554CE816A718CDE' ]
[PING-ESP] 🛰️ Sent ping to esp32-c41d.local
[PING] ✅ All pings dispatched

[PING-ESP32] Received pong for device C41D-C41D87EA-87EABF8C — ONLINE: true
[PING] 🔁 Tick — 2025-08-02T01:14:00.015Z
[PING] 🏠 Found 1
[PING-PI] ✅ Homebase C554CE816A718CDE is ONLINE
[PING-ESP] Considering HB IDs: [ 'C554CE816A718CDE' ]
[PING-ESP] Online HB IDs: [ 'C554CE816A718CDE' ]
[PING-ESP] 🛰️ Sent ping to esp32-c41d.local
[PING] ✅ All pings dispatched

[PING-ESP32] Received pong for device C41D-C41D87EA-87EABF8C — ONLINE: true
[CRON] 2025-08-02T01:15:00.017Z — dow=5, bucket=255
[PING] 🔁 Tick — 2025-08-02T01:15:00.018Z
[CRON] ▶ ON  slots to start/continue: 0
[PING] 🏠 Found 1
[CRON] ▶ OFF slots to stop        : 0
[CRON] ✓ pass complete

[PING-PI] ✅ Homebase C554CE816A718CDE is ONLINE
[PING-ESP] Considering HB IDs: [ 'C554CE816A718CDE' ]
[PING-ESP] Online HB IDs: [ 'C554CE816A718CDE' ]
[PING-ESP] 🛰️ Sent ping to esp32-c41d.local
[PING] ✅ All pings dispatched

[PING-ESP32] Received pong for device C41D-C41D87EA-87EABF8C — ONLINE: true
[PING] 🔁 Tick — 2025-08-02T01:16:00.012Z
[PING] 🏠 Found 1
[PING-PI] ✅ Homebase C554CE816A718CDE is ONLINE
[PING-ESP] Considering HB IDs: [ 'C554CE816A718CDE' ]
[PING-ESP] Online HB IDs: [ 'C554CE816A718CDE' ]
[PING-ESP] 🛰️ Sent ping to esp32-c41d.local
[PING] ✅ All pings dispatched

[PING-ESP32] Received pong for device C41D-C41D87EA-87EABF8C — ONLINE: true
[PING] 🔁 Tick — 2025-08-02T01:17:00.014Z
[PING] 🏠 Found 1
[PING-PI] ✅ Homebase C554CE816A718CDE is ONLINE
[PING-ESP] Considering HB IDs: [ 'C554CE816A718CDE' ]
[PING-ESP] Online HB IDs: [ 'C554CE816A718CDE' ]
[PING-ESP] 🛰️ Sent ping to esp32-c41d.local
[PING] ✅ All pings dispatched

[PING-ESP32] Received pong for device C41D-C41D87EA-87EABF8C — ONLINE: true
[PING] 🔁 Tick — 2025-08-02T01:18:00.012Z
[PING] 🏠 Found 1
[PING-PI] ✅ Homebase C554CE816A718CDE is ONLINE
[PING-ESP] Considering HB IDs: [ 'C554CE816A718CDE' ]
[PING-ESP] Online HB IDs: [ 'C554CE816A718CDE' ]
[PING-ESP] 🛰️ Sent ping to esp32-c41d.local
[PING] ✅ All pings dispatched

[PING-ESP32] Received pong for device C41D-C41D87EA-87EABF8C — ONLINE: true
[PING] 🔁 Tick — 2025-08-02T01:19:00.013Z
[PING] 🏠 Found 1
[PING-PI] ✅ Homebase C554CE816A718CDE is ONLINE
[PING-ESP] Considering HB IDs: [ 'C554CE816A718CDE' ]
[PING-ESP] Online HB IDs: [ 'C554CE816A718CDE' ]
[PING-ESP] 🛰️ Sent ping to esp32-c41d.local
[PING] ✅ All pings dispatched

[PING-ESP32] Received pong for device C41D-C41D87EA-87EABF8C — ONLINE: true
[CRON] 2025-08-02T01:20:00.013Z — dow=5, bucket=256
[PING] 🔁 Tick — 2025-08-02T01:20:00.016Z
[PING] 🏠 Found 1
[CRON] ▶ ON  slots to start/continue: 0
[CRON] ▶ OFF slots to stop        : 0
[CRON] ✓ pass complete

[PING-PI] ✅ Homebase C554CE816A718CDE is ONLINE
[PING-ESP] Considering HB IDs: [ 'C554CE816A718CDE' ]
[PING-ESP] Online HB IDs: [ 'C554CE816A718CDE' ]
[PING-ESP] 🛰️ Sent ping to esp32-c41d.local
[PING] ✅ All pings dispatched

[PING-ESP32] Received pong for device C41D-C41D87EA-87EABF8C — ONLINE: true
[PING] 🔁 Tick — 2025-08-02T01:21:00.012Z
[PING] 🏠 Found 1
[PING-PI] ✅ Homebase C554CE816A718CDE is ONLINE
[PING-ESP] Considering HB IDs: [ 'C554CE816A718CDE' ]
[PING-ESP] Online HB IDs: [ 'C554CE816A718CDE' ]
[PING-ESP] 🛰️ Sent ping to esp32-c41d.local
[PING] ✅ All pings dispatched

[PING-ESP32] Received pong for device C41D-C41D87EA-87EABF8C — ONLINE: true
[PING] 🔁 Tick — 2025-08-02T01:22:00.012Z
[PING] 🏠 Found 1
[PING-PI] ✅ Homebase C554CE816A718CDE is ONLINE
[PING-ESP] Considering HB IDs: [ 'C554CE816A718CDE' ]
[PING-ESP] Online HB IDs: [ 'C554CE816A718CDE' ]
[PING-ESP] 🛰️ Sent ping to esp32-c41d.local
[PING] ✅ All pings dispatched

[PING-ESP32] Received pong for device C41D-C41D87EA-87EABF8C — ONLINE: true
[PING] 🔁 Tick — 2025-08-02T01:23:00.013Z
[PING] 🏠 Found 1
[PING-PI] ✅ Homebase C554CE816A718CDE is ONLINE
[PING-ESP] Considering HB IDs: [ 'C554CE816A718CDE' ]
[PING-ESP] Online HB IDs: [ 'C554CE816A718CDE' ]
[PING-ESP] 🛰️ Sent ping to esp32-c41d.local
[PING] ✅ All pings dispatched

[PING-ESP32] Received pong for device C41D-C41D87EA-87EABF8C — ONLINE: true
[PING] 🔁 Tick — 2025-08-02T01:24:00.012Z
[PING] 🏠 Found 1
[PING-PI] ✅ Homebase C554CE816A718CDE is ONLINE
[PING-ESP] Considering HB IDs: [ 'C554CE816A718CDE' ]
[PING-ESP] Online HB IDs: [ 'C554CE816A718CDE' ]
[PING-ESP] 🛰️ Sent ping to esp32-c41d.local
[PING] ✅ All pings dispatched

[PING-ESP32] Received pong for device C41D-C41D87EA-87EABF8C — ONLINE: true
[CRON] 2025-08-02T01:25:00.019Z — dow=5, bucket=257
[PING] 🔁 Tick — 2025-08-02T01:25:00.020Z
[CRON] ▶ ON  slots to start/continue: 0
[PING] 🏠 Found 1
[CRON] ▶ OFF slots to stop        : 0
[CRON] ✓ pass complete

[PING-PI] ✅ Homebase C554CE816A718CDE is ONLINE
[PING-ESP] Considering HB IDs: [ 'C554CE816A718CDE' ]
[PING-ESP] Online HB IDs: [ 'C554CE816A718CDE' ]
[PING-ESP] 🛰️ Sent ping to esp32-c41d.local
[PING] ✅ All pings dispatched

[PING-ESP32] Received pong for device C41D-C41D87EA-87EABF8C — ONLINE: true
[PING] 🔁 Tick — 2025-08-02T01:26:00.007Z
[PING] 🏠 Found 1
[PING-PI] ✅ Homebase C554CE816A718CDE is ONLINE
[PING-ESP] Considering HB IDs: [ 'C554CE816A718CDE' ]
[PING-ESP] Online HB IDs: [ 'C554CE816A718CDE' ]
[PING-ESP] 🛰️ Sent ping to esp32-c41d.local
[PING] ✅ All pings dispatched

[PING-ESP32] Received pong for device C41D-C41D87EA-87EABF8C — ONLINE: true
[PING] 🔁 Tick — 2025-08-02T01:27:00.013Z
[PING] 🏠 Found 1
[PING-PI] ✅ Homebase C554CE816A718CDE is ONLINE
[PING-ESP] Considering HB IDs: [ 'C554CE816A718CDE' ]
[PING-ESP] Online HB IDs: [ 'C554CE816A718CDE' ]
[PING-ESP] 🛰️ Sent ping to esp32-c41d.local
[PING] ✅ All pings dispatched

[PING-ESP32] Received pong for device C41D-C41D87EA-87EABF8C — ONLINE: true
[PING] 🔁 Tick — 2025-08-02T01:28:00.012Z
[PING] 🏠 Found 1
[PING-PI] ✅ Homebase C554CE816A718CDE is ONLINE
[PING-ESP] Considering HB IDs: [ 'C554CE816A718CDE' ]
[PING-ESP] Online HB IDs: [ 'C554CE816A718CDE' ]
[PING-ESP] 🛰️ Sent ping to esp32-c41d.local
[PING] ✅ All pings dispatched

[PING-ESP32] Received pong for device C41D-C41D87EA-87EABF8C — ONLINE: true
[PING] 🔁 Tick — 2025-08-02T01:29:00.013Z
[PING] 🏠 Found 1
[PING-PI] ✅ Homebase C554CE816A718CDE is ONLINE
[PING-ESP] Considering HB IDs: [ 'C554CE816A718CDE' ]
[PING-ESP] Online HB IDs: [ 'C554CE816A718CDE' ]
[PING-ESP] 🛰️ Sent ping to esp32-c41d.local
[PING] ✅ All pings dispatched

[PING-ESP32] Received pong for device C41D-C41D87EA-87EABF8C — ONLINE: true
[CRON] 2025-08-02T01:30:00.016Z — dow=5, bucket=258
[PING] 🔁 Tick — 2025-08-02T01:30:00.018Z
[PING] 🏠 Found 1
[CRON] ▶ ON  slots to start/continue: 0
[CRON] ▶ OFF slots to stop        : 0
[CRON] ✓ pass complete

[PING-PI] ✅ Homebase C554CE816A718CDE is ONLINE
[PING-ESP] Considering HB IDs: [ 'C554CE816A718CDE' ]
[PING-ESP] Online HB IDs: [ 'C554CE816A718CDE' ]
[PING-ESP] 🛰️ Sent ping to esp32-c41d.local
[PING] ✅ All pings dispatched

[PING-ESP32] Received pong for device C41D-C41D87EA-87EABF8C — ONLINE: true
[PING] 🔁 Tick — 2025-08-02T01:31:00.014Z
[PING] 🏠 Found 1
[PING-PI] ✅ Homebase C554CE816A718CDE is ONLINE
[PING-ESP] Considering HB IDs: [ 'C554CE816A718CDE' ]
[PING-ESP] Online HB IDs: [ 'C554CE816A718CDE' ]
[PING-ESP] 🛰️ Sent ping to esp32-c41d.local
[PING] ✅ All pings dispatched

[PING-ESP32] Received pong for device C41D-C41D87EA-87EABF8C — ONLINE: true
[PING] 🔁 Tick — 2025-08-02T01:32:00.015Z
[PING] 🏠 Found 1
[PING-PI] ✅ Homebase C554CE816A718CDE is ONLINE
[PING-ESP] Considering HB IDs: [ 'C554CE816A718CDE' ]
[PING-ESP] Online HB IDs: [ 'C554CE816A718CDE' ]
[PING-ESP] 🛰️ Sent ping to esp32-c41d.local
[PING] ✅ All pings dispatched

[PING-ESP32] Received pong for device C41D-C41D87EA-87EABF8C — ONLINE: true
[PING] 🔁 Tick — 2025-08-02T01:33:00.013Z
[PING] 🏠 Found 1
[PING-PI] ✅ Homebase C554CE816A718CDE is ONLINE
[PING-ESP] Considering HB IDs: [ 'C554CE816A718CDE' ]
[PING-ESP] Online HB IDs: [ 'C554CE816A718CDE' ]
[PING-ESP] 🛰️ Sent ping to esp32-c41d.local
[PING] ✅ All pings dispatched

[PING-ESP32] Received pong for device C41D-C41D87EA-87EABF8C — ONLINE: true
[PING] 🔁 Tick — 2025-08-02T01:34:00.012Z
[PING] 🏠 Found 1
[PING-PI] ✅ Homebase C554CE816A718CDE is ONLINE
[PING-ESP] Considering HB IDs: [ 'C554CE816A718CDE' ]
[PING-ESP] Online HB IDs: [ 'C554CE816A718CDE' ]
[PING-ESP] 🛰️ Sent ping to esp32-c41d.local
[PING] ✅ All pings dispatched

[PING-ESP32] Received pong for device C41D-C41D87EA-87EABF8C — ONLINE: true
[CRON] 2025-08-02T01:35:00.016Z — dow=5, bucket=259
[PING] 🔁 Tick — 2025-08-02T01:35:00.018Z
[PING] 🏠 Found 1
[CRON] ▶ ON  slots to start/continue: 0
[CRON] ▶ OFF slots to stop        : 0
[CRON] ✓ pass complete

[PING-PI] ✅ Homebase C554CE816A718CDE is ONLINE
[PING-ESP] Considering HB IDs: [ 'C554CE816A718CDE' ]
[PING-ESP] Online HB IDs: [ 'C554CE816A718CDE' ]
[PING-ESP] 🛰️ Sent ping to esp32-c41d.local
[PING] ✅ All pings dispatched

[PING-ESP32] Received pong for device C41D-C41D87EA-87EABF8C — ONLINE: true
[PING] 🔁 Tick — 2025-08-02T01:36:00.013Z
[PING] 🏠 Found 1
[PING-PI] ✅ Homebase C554CE816A718CDE is ONLINE
[PING-ESP] Considering HB IDs: [ 'C554CE816A718CDE' ]
[PING-ESP] Online HB IDs: [ 'C554CE816A718CDE' ]
[PING-ESP] 🛰️ Sent ping to esp32-c41d.local
[PING] ✅ All pings dispatched

[PING-ESP32] Received pong for device C41D-C41D87EA-87EABF8C — ONLINE: true
[PING] 🔁 Tick — 2025-08-02T01:37:00.014Z
[PING] 🏠 Found 1
[PING-PI] ✅ Homebase C554CE816A718CDE is ONLINE
[PING-ESP] Considering HB IDs: [ 'C554CE816A718CDE' ]
[PING-ESP] Online HB IDs: [ 'C554CE816A718CDE' ]
[PING-ESP] 🛰️ Sent ping to esp32-c41d.local
[PING] ✅ All pings dispatched

[PING-ESP32] Received pong for device C41D-C41D87EA-87EABF8C — ONLINE: true
[PING] 🔁 Tick — 2025-08-02T01:38:00.013Z
[PING] 🏠 Found 1
[PING-PI] ✅ Homebase C554CE816A718CDE is ONLINE
[PING-ESP] Considering HB IDs: [ 'C554CE816A718CDE' ]
[PING-ESP] Online HB IDs: [ 'C554CE816A718CDE' ]
[PING-ESP] 🛰️ Sent ping to esp32-c41d.local
[PING] ✅ All pings dispatched

[PING-ESP32] Received pong for device C41D-C41D87EA-87EABF8C — ONLINE: true
[PING] 🔁 Tick — 2025-08-02T01:39:00.012Z
[PING] 🏠 Found 1
[PING-PI] ❌ No pong from homebase C554CE816A718CDE (msgId=07f202a4-47f7-4e00-a661-260cf3252b47)
[PING-ESP] Considering HB IDs: [ 'C554CE816A718CDE' ]
[PING-ESP] Online HB IDs: []
[PING-ESP] 🚫 Skipping ESP pings (DB offline) hb=C554CE816A718CDE
[PING] ✅ All pings dispatched

[CRON] 2025-08-02T01:40:00.028Z — dow=5, bucket=260
[PING] 🔁 Tick — 2025-08-02T01:40:00.031Z
[PING] 🏠 Found 1
[CRON] ▶ ON  slots to start/continue: 0
[CRON] ▶ OFF slots to stop        : 0
[CRON] ✓ pass complete

[PING-PI] ❌ No pong from homebase C554CE816A718CDE (msgId=411dbdf5-1526-46dd-8a4c-04a4ea30537e)
[PING-ESP] Considering HB IDs: [ 'C554CE816A718CDE' ]
[PING-ESP] Online HB IDs: []
[PING-ESP] 🚫 Skipping ESP pings (DB offline) hb=C554CE816A718CDE
[PING] ✅ All pings dispatched

[PING] 🔁 Tick — 2025-08-02T01:41:00.022Z
[PING] 🏠 Found 1
[PING-PI] ❌ No pong from homebase C554CE816A718CDE (msgId=c403e00e-725e-43bf-b6a0-9d69883bb2a8)
[PING-ESP] Considering HB IDs: [ 'C554CE816A718CDE' ]
[PING-ESP] Online HB IDs: []
[PING-ESP] 🚫 Skipping ESP pings (DB offline) hb=C554CE816A718CDE
[PING] ✅ All pings dispatched

[PING] 🔁 Tick — 2025-08-02T01:42:00.022Z
[PING] 🏠 Found 1
[PING-PI] ❌ No pong from homebase C554CE816A718CDE (msgId=0c468ce4-5f29-4901-be8e-ef55124dc291)
[PING-ESP] Considering HB IDs: [ 'C554CE816A718CDE' ]
[PING-ESP] Online HB IDs: []
[PING-ESP] 🚫 Skipping ESP pings (DB offline) hb=C554CE816A718CDE
[PING] ✅ All pings dispatched

[PING] 🔁 Tick — 2025-08-02T01:43:00.016Z
[PING] 🏠 Found 1
[PING-PI] ❌ No pong from homebase C554CE816A718CDE (msgId=e1cdd65d-5c81-482c-9dbd-ffd489661b0e)
[PING-ESP] Considering HB IDs: [ 'C554CE816A718CDE' ]
[PING-ESP] Online HB IDs: []
[PING-ESP] 🚫 Skipping ESP pings (DB offline) hb=C554CE816A718CDE
[PING] ✅ All pings dispatched

[PING] 🔁 Tick — 2025-08-02T01:44:00.024Z
[PING] 🏠 Found 1
[PING-PI] ❌ No pong from homebase C554CE816A718CDE (msgId=5b3036e2-d451-4d8e-ae43-cbd7930f34a9)
[PING-ESP] Considering HB IDs: [ 'C554CE816A718CDE' ]
[PING-ESP] Online HB IDs: []
[PING-ESP] 🚫 Skipping ESP pings (DB offline) hb=C554CE816A718CDE
[PING] ✅ All pings dispatched

[CRON] 2025-08-02T01:45:00.020Z — dow=5, bucket=261
[PING] 🔁 Tick — 2025-08-02T01:45:00.021Z
[CRON] ▶ ON  slots to start/continue: 0
[PING] 🏠 Found 1
[CRON] ▶ OFF slots to stop        : 0
[CRON] ✓ pass complete

[PING-PI] ❌ No pong from homebase C554CE816A718CDE (msgId=314a0a1b-ca1b-43c0-9a23-9ba9d66403cd)
[PING-ESP] Considering HB IDs: [ 'C554CE816A718CDE' ]
[PING-ESP] Online HB IDs: []
[PING-ESP] 🚫 Skipping ESP pings (DB offline) hb=C554CE816A718CDE
[PING] ✅ All pings dispatched

[PING] 🔁 Tick — 2025-08-02T01:46:00.023Z
[PING] 🏠 Found 1
[PING-PI] ❌ No pong from homebase C554CE816A718CDE (msgId=71b139f5-e0cc-48d8-a525-1e959ce95e76)
[PING-ESP] Considering HB IDs: [ 'C554CE816A718CDE' ]
[PING-ESP] Online HB IDs: []
[PING-ESP] 🚫 Skipping ESP pings (DB offline) hb=C554CE816A718CDE
[PING] ✅ All pings dispatched

[PING] 🔁 Tick — 2025-08-02T01:47:00.023Z
[PING] 🏠 Found 1
[PING-PI] ❌ No pong from homebase C554CE816A718CDE (msgId=77ab2590-e280-4f43-924d-2a751f9f0581)
[PING-ESP] Considering HB IDs: [ 'C554CE816A718CDE' ]
[PING-ESP] Online HB IDs: []
[PING-ESP] 🚫 Skipping ESP pings (DB offline) hb=C554CE816A718CDE
[PING] ✅ All pings dispatched

[PING] 🔁 Tick — 2025-08-02T01:48:00.012Z
[PING] 🏠 Found 1
[PING-PI] ❌ No pong from homebase C554CE816A718CDE (msgId=26abc948-4265-4673-920d-f3dfff39b599)
[PING-ESP] Considering HB IDs: [ 'C554CE816A718CDE' ]
[PING-ESP] Online HB IDs: []
[PING-ESP] 🚫 Skipping ESP pings (DB offline) hb=C554CE816A718CDE
[PING] ✅ All pings dispatched

[PING] 🔁 Tick — 2025-08-02T01:49:00.012Z
[PING] 🏠 Found 1
[PING-PI] ❌ No pong from homebase C554CE816A718CDE (msgId=20994d9e-f391-4c4b-a0d6-9e6f29d2a8e6)
[PING-ESP] Considering HB IDs: [ 'C554CE816A718CDE' ]
[PING-ESP] Online HB IDs: []
[PING-ESP] 🚫 Skipping ESP pings (DB offline) hb=C554CE816A718CDE
[PING] ✅ All pings dispatched

[CRON] 2025-08-02T01:50:00.026Z — dow=5, bucket=262
[PING] 🔁 Tick — 2025-08-02T01:50:00.027Z
[PING] 🏠 Found 1
[CRON] ▶ ON  slots to start/continue: 0
[CRON] ▶ OFF slots to stop        : 0
[CRON] ✓ pass complete

[PING-PI] ❌ No pong from homebase C554CE816A718CDE (msgId=7ef616e6-6a99-476a-b844-d419fa99f035)
[PING-ESP] Considering HB IDs: [ 'C554CE816A718CDE' ]
[PING-ESP] Online HB IDs: []
[PING-ESP] 🚫 Skipping ESP pings (DB offline) hb=C554CE816A718CDE
[PING] ✅ All pings dispatched

[PING] 🔁 Tick — 2025-08-02T01:51:00.020Z
[PING] 🏠 Found 1
[PING-PI] ❌ No pong from homebase C554CE816A718CDE (msgId=8e87ca79-cbd4-4f6c-bf1d-048f0fa179f7)
[PING-ESP] Considering HB IDs: [ 'C554CE816A718CDE' ]
[PING-ESP] Online HB IDs: []
[PING-ESP] 🚫 Skipping ESP pings (DB offline) hb=C554CE816A718CDE
[PING] ✅ All pings dispatched

[PING] 🔁 Tick — 2025-08-02T01:52:00.023Z
[PING] 🏠 Found 1
[PING-PI] ❌ No pong from homebase C554CE816A718CDE (msgId=43ae7706-dc3f-44d2-9316-d9a0a65abb86)
[PING-ESP] Considering HB IDs: [ 'C554CE816A718CDE' ]
[PING-ESP] Online HB IDs: []
[PING-ESP] 🚫 Skipping ESP pings (DB offline) hb=C554CE816A718CDE
[PING] ✅ All pings dispatched

[PING] 🔁 Tick — 2025-08-02T01:53:00.023Z
[PING] 🏠 Found 1
[PING-PI] ❌ No pong from homebase C554CE816A718CDE (msgId=01014d1e-3742-4f5b-a7f5-872ba2d23029)
[PING-ESP] Considering HB IDs: [ 'C554CE816A718CDE' ]
[PING-ESP] Online HB IDs: []
[PING-ESP] 🚫 Skipping ESP pings (DB offline) hb=C554CE816A718CDE
[PING] ✅ All pings dispatched

[PING] 🔁 Tick — 2025-08-02T01:54:00.023Z
[PING] 🏠 Found 1
[PING-PI] ❌ No pong from homebase C554CE816A718CDE (msgId=66f7ac0d-5580-4b26-8bb5-914e476500f8)
[PING-ESP] Considering HB IDs: [ 'C554CE816A718CDE' ]
[PING-ESP] Online HB IDs: []
[PING-ESP] 🚫 Skipping ESP pings (DB offline) hb=C554CE816A718CDE
[PING] ✅ All pings dispatched

[CRON] 2025-08-02T01:55:00.026Z — dow=5, bucket=263
[PING] 🔁 Tick — 2025-08-02T01:55:00.027Z
[PING] 🏠 Found 1
[CRON] ▶ ON  slots to start/continue: 0
[CRON] ▶ OFF slots to stop        : 0
[CRON] ✓ pass complete

[WS-PI] 🔌 closed homebase C554CE816A718CDE (code 1006, reason: )
[PING-PI] ❌ No pong from homebase C554CE816A718CDE (msgId=1c31f11b-57df-4044-8380-87d47257b69a)
[PING-ESP] Considering HB IDs: [ 'C554CE816A718CDE' ]
[PING-ESP] Online HB IDs: []
[PING-ESP] 🚫 Skipping ESP pings (DB offline) hb=C554CE816A718CDE
[PING] ✅ All pings dispatched

[PING] 🔁 Tick — 2025-08-02T01:56:00.021Z
[PING] 🏠 Found 1
[PING-PI] ❌ Could not reach homebase C554CE816A718CDE
[PING-ESP] Considering HB IDs: [ 'C554CE816A718CDE' ]
[PING-ESP] Online HB IDs: []
[PING-ESP] 🚫 Skipping ESP pings (DB offline) hb=C554CE816A718CDE
[PING] ✅ All pings dispatched

[PING] 🔁 Tick — 2025-08-02T01:57:00.022Z
[PING] 🏠 Found 1
[PING-PI] ❌ Could not reach homebase C554CE816A718CDE
[PING-ESP] Considering HB IDs: [ 'C554CE816A718CDE' ]
[PING-ESP] Online HB IDs: []
[PING-ESP] 🚫 Skipping ESP pings (DB offline) hb=C554CE816A718CDE
[PING] ✅ All pings dispatched

[PING] 🔁 Tick — 2025-08-02T01:58:00.022Z
[PING] 🏠 Found 1
[PING-PI] ❌ Could not reach homebase C554CE816A718CDE
[PING-ESP] Considering HB IDs: [ 'C554CE816A718CDE' ]
[PING-ESP] Online HB IDs: []
[PING-ESP] 🚫 Skipping ESP pings (DB offline) hb=C554CE816A718CDE
[PING] ✅ All pings dispatched

[PING] 🔁 Tick — 2025-08-02T01:59:00.023Z
[PING] 🏠 Found 1
[PING-PI] ❌ Could not reach homebase C554CE816A718CDE
[PING-ESP] Considering HB IDs: [ 'C554CE816A718CDE' ]
[PING-ESP] Online HB IDs: []
[PING-ESP] 🚫 Skipping ESP pings (DB offline) hb=C554CE816A718CDE
[PING] ✅ All pings dispatched

[CRON] 2025-08-02T02:00:00.026Z — dow=5, bucket=264
[PING] 🔁 Tick — 2025-08-02T02:00:00.027Z
[PING] 🏠 Found 1
[PING-PI] ❌ Could not reach homebase C554CE816A718CDE
[PING-ESP] Considering HB IDs: [ 'C554CE816A718CDE' ]
[PING-ESP] Online HB IDs: []
[PING-ESP] 🚫 Skipping ESP pings (DB offline) hb=C554CE816A718CDE
[PING] ✅ All pings dispatched

[CRON] ▶ ON  slots to start/continue: 0
[CRON] ▶ OFF slots to stop        : 0
[CRON] ✓ pass complete

[PING] 🔁 Tick — 2025-08-02T02:01:00.022Z
[PING] 🏠 Found 1
[PING-PI] ❌ Could not reach homebase C554CE816A718CDE
[PING-ESP] Considering HB IDs: [ 'C554CE816A718CDE' ]
[PING-ESP] Online HB IDs: []
[PING-ESP] 🚫 Skipping ESP pings (DB offline) hb=C554CE816A718CDE
[PING] ✅ All pings dispatched

[PING] 🔁 Tick — 2025-08-02T02:02:00.022Z
[PING] 🏠 Found 1
[PING-PI] ❌ Could not reach homebase C554CE816A718CDE
[PING-ESP] Considering HB IDs: [ 'C554CE816A718CDE' ]
[PING-ESP] Online HB IDs: []
[PING-ESP] 🚫 Skipping ESP pings (DB offline) hb=C554CE816A718CDE
[PING] ✅ All pings dispatched

[PING] 🔁 Tick — 2025-08-02T02:03:00.022Z
[PING] 🏠 Found 1
[PING-PI] ❌ Could not reach homebase C554CE816A718CDE
[PING-ESP] Considering HB IDs: [ 'C554CE816A718CDE' ]
[PING-ESP] Online HB IDs: []
[PING-ESP] 🚫 Skipping ESP pings (DB offline) hb=C554CE816A718CDE
[PING] ✅ All pings dispatched

[PING] 🔁 Tick — 2025-08-02T02:04:00.017Z
[PING] 🏠 Found 1
[PING-PI] ❌ Could not reach homebase C554CE816A718CDE
[PING-ESP] Considering HB IDs: [ 'C554CE816A718CDE' ]
[PING-ESP] Online HB IDs: []
[PING-ESP] 🚫 Skipping ESP pings (DB offline) hb=C554CE816A718CDE
[PING] ✅ All pings dispatched

[CRON] 2025-08-02T02:05:00.016Z — dow=5, bucket=265
[PING] 🔁 Tick — 2025-08-02T02:05:00.017Z
[CRON] ▶ ON  slots to start/continue: 0
[PING] 🏠 Found 1
[PING-PI] ❌ Could not reach homebase C554CE816A718CDE
[CRON] ▶ OFF slots to stop        : 0
[CRON] ✓ pass complete

[PING-ESP] Considering HB IDs: [ 'C554CE816A718CDE' ]
[PING-ESP] Online HB IDs: []
[PING-ESP] 🚫 Skipping ESP pings (DB offline) hb=C554CE816A718CDE
[PING] ✅ All pings dispatched

[PING] 🔁 Tick — 2025-08-02T02:06:00.015Z
[PING] 🏠 Found 1
[PING-PI] ❌ Could not reach homebase C554CE816A718CDE
[PING-ESP] Considering HB IDs: [ 'C554CE816A718CDE' ]
[PING-ESP] Online HB IDs: []
[PING-ESP] 🚫 Skipping ESP pings (DB offline) hb=C554CE816A718CDE
[PING] ✅ All pings dispatched

[PING] 🔁 Tick — 2025-08-02T02:07:00.022Z
[PING] 🏠 Found 1
[PING-PI] ❌ Could not reach homebase C554CE816A718CDE
[PING-ESP] Considering HB IDs: [ 'C554CE816A718CDE' ]
[PING-ESP] Online HB IDs: []
[PING-ESP] 🚫 Skipping ESP pings (DB offline) hb=C554CE816A718CDE
[PING] ✅ All pings dispatched

[PING] 🔁 Tick — 2025-08-02T02:08:00.022Z
[PING] 🏠 Found 1
[PING-PI] ❌ Could not reach homebase C554CE816A718CDE
[PING-ESP] Considering HB IDs: [ 'C554CE816A718CDE' ]
[PING-ESP] Online HB IDs: []
[PING-ESP] 🚫 Skipping ESP pings (DB offline) hb=C554CE816A718CDE
[PING] ✅ All pings dispatched

[PING] 🔁 Tick — 2025-08-02T02:09:00.023Z
[PING] 🏠 Found 1
[PING-PI] ❌ Could not reach homebase C554CE816A718CDE
[PING-ESP] Considering HB IDs: [ 'C554CE816A718CDE' ]
[PING-ESP] Online HB IDs: []
[PING-ESP] 🚫 Skipping ESP pings (DB offline) hb=C554CE816A718CDE
[PING] ✅ All pings dispatched

[CRON] 2025-08-02T02:10:00.026Z — dow=5, bucket=266
[PING] 🔁 Tick — 2025-08-02T02:10:00.029Z
[PING] 🏠 Found 1
[PING-PI] ❌ Could not reach homebase C554CE816A718CDE
[PING-ESP] Considering HB IDs: [ 'C554CE816A718CDE' ]
[PING-ESP] Online HB IDs: []
[PING-ESP] 🚫 Skipping ESP pings (DB offline) hb=C554CE816A718CDE
[PING] ✅ All pings dispatched

[CRON] ▶ ON  slots to start/continue: 0
[CRON] ▶ OFF slots to stop        : 0
[CRON] ✓ pass complete

[PING] 🔁 Tick — 2025-08-02T02:11:00.022Z
[PING] 🏠 Found 1
[PING-PI] ❌ Could not reach homebase C554CE816A718CDE
[PING-ESP] Considering HB IDs: [ 'C554CE816A718CDE' ]
[PING-ESP] Online HB IDs: []
[PING-ESP] 🚫 Skipping ESP pings (DB offline) hb=C554CE816A718CDE
[PING] ✅ All pings dispatched

[PING] 🔁 Tick — 2025-08-02T02:12:00.022Z
[PING] 🏠 Found 1
[PING-PI] ❌ Could not reach homebase C554CE816A718CDE
[PING-ESP] Considering HB IDs: [ 'C554CE816A718CDE' ]
[PING-ESP] Online HB IDs: []
[PING-ESP] 🚫 Skipping ESP pings (DB offline) hb=C554CE816A718CDE
[PING] ✅ All pings dispatched

[PING] 🔁 Tick — 2025-08-02T02:13:00.022Z
[PING] 🏠 Found 1
[PING-PI] ❌ Could not reach homebase C554CE816A718CDE
[PING-ESP] Considering HB IDs: [ 'C554CE816A718CDE' ]
[PING-ESP] Online HB IDs: []
[PING-ESP] 🚫 Skipping ESP pings (DB offline) hb=C554CE816A718CDE
[PING] ✅ All pings dispatched

[PING] 🔁 Tick — 2025-08-02T02:14:00.021Z
[PING] 🏠 Found 1
[PING-PI] ❌ Could not reach homebase C554CE816A718CDE
[PING-ESP] Considering HB IDs: [ 'C554CE816A718CDE' ]
[PING-ESP] Online HB IDs: []
[PING-ESP] 🚫 Skipping ESP pings (DB offline) hb=C554CE816A718CDE
[PING] ✅ All pings dispatched

[CRON] 2025-08-02T02:15:00.014Z — dow=5, bucket=267
[PING] 🔁 Tick — 2025-08-02T02:15:00.017Z
[CRON] ▶ ON  slots to start/continue: 0
[CRON] ▶ OFF slots to stop        : 0
[CRON] ✓ pass complete

[PING] 🏠 Found 1
[PING-PI] ❌ Could not reach homebase C554CE816A718CDE
[PING-ESP] Considering HB IDs: [ 'C554CE816A718CDE' ]
[PING-ESP] Online HB IDs: []
[PING-ESP] 🚫 Skipping ESP pings (DB offline) hb=C554CE816A718CDE
[PING] ✅ All pings dispatched

[PING] 🔁 Tick — 2025-08-02T02:16:00.022Z
[PING] 🏠 Found 1
[PING-PI] ❌ Could not reach homebase C554CE816A718CDE
[PING-ESP] Considering HB IDs: [ 'C554CE816A718CDE' ]
[PING-ESP] Online HB IDs: []
[PING-ESP] 🚫 Skipping ESP pings (DB offline) hb=C554CE816A718CDE
[PING] ✅ All pings dispatched

[PING] 🔁 Tick — 2025-08-02T02:17:00.016Z
[PING] 🏠 Found 1
[PING-PI] ❌ Could not reach homebase C554CE816A718CDE
[PING-ESP] Considering HB IDs: [ 'C554CE816A718CDE' ]
[PING-ESP] Online HB IDs: []
[PING-ESP] 🚫 Skipping ESP pings (DB offline) hb=C554CE816A718CDE
[PING] ✅ All pings dispatched

[PING] 🔁 Tick — 2025-08-02T02:18:00.015Z
[PING] 🏠 Found 1
[PING-PI] ❌ Could not reach homebase C554CE816A718CDE
[PING-ESP] Considering HB IDs: [ 'C554CE816A718CDE' ]
[PING-ESP] Online HB IDs: []
[PING-ESP] 🚫 Skipping ESP pings (DB offline) hb=C554CE816A718CDE
[PING] ✅ All pings dispatched

[PING] 🔁 Tick — 2025-08-02T02:19:00.018Z
[PING] 🏠 Found 1
[PING-PI] ❌ Could not reach homebase C554CE816A718CDE
[PING-ESP] Considering HB IDs: [ 'C554CE816A718CDE' ]
[PING-ESP] Online HB IDs: []
[PING-ESP] 🚫 Skipping ESP pings (DB offline) hb=C554CE816A718CDE
[PING] ✅ All pings dispatched

[CRON] 2025-08-02T02:20:00.018Z — dow=5, bucket=268
[PING] 🔁 Tick — 2025-08-02T02:20:00.019Z
[PING] 🏠 Found 1
[PING-PI] ❌ Could not reach homebase C554CE816A718CDE
[CRON] ▶ ON  slots to start/continue: 0
[PING-ESP] Considering HB IDs: [ 'C554CE816A718CDE' ]
[PING-ESP] Online HB IDs: []
[PING-ESP] 🚫 Skipping ESP pings (DB offline) hb=C554CE816A718CDE
[PING] ✅ All pings dispatched

[CRON] ▶ OFF slots to stop        : 0
[CRON] ✓ pass complete

[PING] 🔁 Tick — 2025-08-02T02:21:00.022Z
[PING] 🏠 Found 1
[PING-PI] ❌ Could not reach homebase C554CE816A718CDE
[PING-ESP] Considering HB IDs: [ 'C554CE816A718CDE' ]
[PING-ESP] Online HB IDs: []
[PING-ESP] 🚫 Skipping ESP pings (DB offline) hb=C554CE816A718CDE
[PING] ✅ All pings dispatched

[PING] 🔁 Tick — 2025-08-02T02:22:00.021Z
[PING] 🏠 Found 1
[PING-PI] ❌ Could not reach homebase C554CE816A718CDE
[PING-ESP] Considering HB IDs: [ 'C554CE816A718CDE' ]
[PING-ESP] Online HB IDs: []
[PING-ESP] 🚫 Skipping ESP pings (DB offline) hb=C554CE816A718CDE
[PING] ✅ All pings dispatched

[PING] 🔁 Tick — 2025-08-02T02:23:00.015Z
[PING] 🏠 Found 1
[PING-PI] ❌ Could not reach homebase C554CE816A718CDE
[PING-ESP] Considering HB IDs: [ 'C554CE816A718CDE' ]
[PING-ESP] Online HB IDs: []
[PING-ESP] 🚫 Skipping ESP pings (DB offline) hb=C554CE816A718CDE
[PING] ✅ All pings dispatched

[PING] 🔁 Tick — 2025-08-02T02:24:00.021Z
[PING] 🏠 Found 1
[PING-PI] ❌ Could not reach homebase C554CE816A718CDE
[PING-ESP] Considering HB IDs: [ 'C554CE816A718CDE' ]
[PING-ESP] Online HB IDs: []
[PING-ESP] 🚫 Skipping ESP pings (DB offline) hb=C554CE816A718CDE
[PING] ✅ All pings dispatched

[CRON] 2025-08-02T02:25:00.021Z — dow=5, bucket=269
[PING] 🔁 Tick — 2025-08-02T02:25:00.022Z
[CRON] ▶ ON  slots to start/continue: 0
[PING] 🏠 Found 1
[PING-PI] ❌ Could not reach homebase C554CE816A718CDE
[CRON] ▶ OFF slots to stop        : 0
[CRON] ✓ pass complete

[PING-ESP] Considering HB IDs: [ 'C554CE816A718CDE' ]
[PING-ESP] Online HB IDs: []
[PING-ESP] 🚫 Skipping ESP pings (DB offline) hb=C554CE816A718CDE
[PING] ✅ All pings dispatched

[PING] 🔁 Tick — 2025-08-02T02:26:00.021Z
[PING] 🏠 Found 1
[PING-PI] ❌ Could not reach homebase C554CE816A718CDE
[PING-ESP] Considering HB IDs: [ 'C554CE816A718CDE' ]
[PING-ESP] Online HB IDs: []
[PING-ESP] 🚫 Skipping ESP pings (DB offline) hb=C554CE816A718CDE
[PING] ✅ All pings dispatched

[PING] 🔁 Tick — 2025-08-02T02:27:00.012Z
[PING] 🏠 Found 1
[PING-PI] ❌ Could not reach homebase C554CE816A718CDE
[PING-ESP] Considering HB IDs: [ 'C554CE816A718CDE' ]
[PING-ESP] Online HB IDs: []
[PING-ESP] 🚫 Skipping ESP pings (DB offline) hb=C554CE816A718CDE
[PING] ✅ All pings dispatched

[PING] 🔁 Tick — 2025-08-02T02:28:00.016Z
[PING] 🏠 Found 1
[PING-PI] ❌ Could not reach homebase C554CE816A718CDE
[PING-ESP] Considering HB IDs: [ 'C554CE816A718CDE' ]
[PING-ESP] Online HB IDs: []
[PING-ESP] 🚫 Skipping ESP pings (DB offline) hb=C554CE816A718CDE
[PING] ✅ All pings dispatched

[PING] 🔁 Tick — 2025-08-02T02:29:00.022Z
[PING] 🏠 Found 1
[PING-PI] ❌ Could not reach homebase C554CE816A718CDE
[PING-ESP] Considering HB IDs: [ 'C554CE816A718CDE' ]
[PING-ESP] Online HB IDs: []
[PING-ESP] 🚫 Skipping ESP pings (DB offline) hb=C554CE816A718CDE
[PING] ✅ All pings dispatched

[CRON] 2025-08-02T02:30:00.027Z — dow=5, bucket=270
[PING] 🔁 Tick — 2025-08-02T02:30:00.030Z
[PING] 🏠 Found 1
[PING-PI] ❌ Could not reach homebase C554CE816A718CDE
[CRON] ▶ ON  slots to start/continue: 0
[CRON] ▶ OFF slots to stop        : 0
[CRON] ✓ pass complete

[PING-ESP] Considering HB IDs: [ 'C554CE816A718CDE' ]
[PING-ESP] Online HB IDs: []
[PING-ESP] 🚫 Skipping ESP pings (DB offline) hb=C554CE816A718CDE
[PING] ✅ All pings dispatched

[PING] 🔁 Tick — 2025-08-02T02:31:00.013Z
[PING] 🏠 Found 1
[PING-PI] ❌ Could not reach homebase C554CE816A718CDE
[PING-ESP] Considering HB IDs: [ 'C554CE816A718CDE' ]
[PING-ESP] Online HB IDs: []
[PING-ESP] 🚫 Skipping ESP pings (DB offline) hb=C554CE816A718CDE
[PING] ✅ All pings dispatched

[PING] 🔁 Tick — 2025-08-02T02:32:00.022Z
[PING] 🏠 Found 1
[PING-PI] ❌ Could not reach homebase C554CE816A718CDE
[PING-ESP] Considering HB IDs: [ 'C554CE816A718CDE' ]
[PING-ESP] Online HB IDs: []
[PING-ESP] 🚫 Skipping ESP pings (DB offline) hb=C554CE816A718CDE
[PING] ✅ All pings dispatched

[PING] 🔁 Tick — 2025-08-02T02:33:00.022Z
[PING] 🏠 Found 1
[PING-PI] ❌ Could not reach homebase C554CE816A718CDE
[PING-ESP] Considering HB IDs: [ 'C554CE816A718CDE' ]
[PING-ESP] Online HB IDs: []
[PING-ESP] 🚫 Skipping ESP pings (DB offline) hb=C554CE816A718CDE
[PING] ✅ All pings dispatched

[PING] 🔁 Tick — 2025-08-02T02:34:00.023Z
[PING] 🏠 Found 1
[PING-PI] ❌ Could not reach homebase C554CE816A718CDE
[PING-ESP] Considering HB IDs: [ 'C554CE816A718CDE' ]
[PING-ESP] Online HB IDs: []
[PING-ESP] 🚫 Skipping ESP pings (DB offline) hb=C554CE816A718CDE
[PING] ✅ All pings dispatched

[CRON] 2025-08-02T02:35:00.027Z — dow=5, bucket=271
[PING] 🔁 Tick — 2025-08-02T02:35:00.028Z
[CRON] ▶ ON  slots to start/continue: 0
[PING] 🏠 Found 1
[PING-PI] ❌ Could not reach homebase C554CE816A718CDE
[CRON] ▶ OFF slots to stop        : 0
[CRON] ✓ pass complete

[PING-ESP] Considering HB IDs: [ 'C554CE816A718CDE' ]
[PING-ESP] Online HB IDs: []
[PING-ESP] 🚫 Skipping ESP pings (DB offline) hb=C554CE816A718CDE
[PING] ✅ All pings dispatched

[PING] 🔁 Tick — 2025-08-02T02:36:00.022Z
[PING] 🏠 Found 1
[PING-PI] ❌ Could not reach homebase C554CE816A718CDE
[PING-ESP] Considering HB IDs: [ 'C554CE816A718CDE' ]
[PING-ESP] Online HB IDs: []
[PING-ESP] 🚫 Skipping ESP pings (DB offline) hb=C554CE816A718CDE
[PING] ✅ All pings dispatched

[PING] 🔁 Tick — 2025-08-02T02:37:00.012Z
[PING] 🏠 Found 1
[PING-PI] ❌ Could not reach homebase C554CE816A718CDE
[PING-ESP] Considering HB IDs: [ 'C554CE816A718CDE' ]
[PING-ESP] Online HB IDs: []
[PING-ESP] 🚫 Skipping ESP pings (DB offline) hb=C554CE816A718CDE
[PING] ✅ All pings dispatched

[PING] 🔁 Tick — 2025-08-02T02:38:00.012Z
[PING] 🏠 Found 1
[PING-PI] ❌ Could not reach homebase C554CE816A718CDE
[PING-ESP] Considering HB IDs: [ 'C554CE816A718CDE' ]
[PING-ESP] Online HB IDs: []
[PING-ESP] 🚫 Skipping ESP pings (DB offline) hb=C554CE816A718CDE
[PING] ✅ All pings dispatched

[PING] 🔁 Tick — 2025-08-02T02:39:00.021Z
[PING] 🏠 Found 1
[PING-PI] ❌ Could not reach homebase C554CE816A718CDE
[PING-ESP] Considering HB IDs: [ 'C554CE816A718CDE' ]
[PING-ESP] Online HB IDs: []
[PING-ESP] 🚫 Skipping ESP pings (DB offline) hb=C554CE816A718CDE
[PING] ✅ All pings dispatched

[CRON] 2025-08-02T02:40:00.019Z — dow=5, bucket=272
[PING] 🔁 Tick — 2025-08-02T02:40:00.022Z
[PING] 🏠 Found 1
[PING-PI] ❌ Could not reach homebase C554CE816A718CDE
[CRON] ▶ ON  slots to start/continue: 0
[PING-ESP] Considering HB IDs: [ 'C554CE816A718CDE' ]
[PING-ESP] Online HB IDs: []
[PING-ESP] 🚫 Skipping ESP pings (DB offline) hb=C554CE816A718CDE
[PING] ✅ All pings dispatched

[CRON] ▶ OFF slots to stop        : 0
[CRON] ✓ pass complete

[PING] 🔁 Tick — 2025-08-02T02:41:00.023Z
[PING] 🏠 Found 1
[PING-PI] ❌ Could not reach homebase C554CE816A718CDE
[PING-ESP] Considering HB IDs: [ 'C554CE816A718CDE' ]
[PING-ESP] Online HB IDs: []
[PING-ESP] 🚫 Skipping ESP pings (DB offline) hb=C554CE816A718CDE
[PING] ✅ All pings dispatched

[PING] 🔁 Tick — 2025-08-02T02:42:00.023Z
[PING] 🏠 Found 1
[PING-PI] ❌ Could not reach homebase C554CE816A718CDE
[PING-ESP] Considering HB IDs: [ 'C554CE816A718CDE' ]
[PING-ESP] Online HB IDs: []
[PING-ESP] 🚫 Skipping ESP pings (DB offline) hb=C554CE816A718CDE
[PING] ✅ All pings dispatched

[PING] 🔁 Tick — 2025-08-02T02:43:00.016Z
[PING] 🏠 Found 1
[PING-PI] ❌ Could not reach homebase C554CE816A718CDE
[PING-ESP] Considering HB IDs: [ 'C554CE816A718CDE' ]
[PING-ESP] Online HB IDs: []
[PING-ESP] 🚫 Skipping ESP pings (DB offline) hb=C554CE816A718CDE
[PING] ✅ All pings dispatched

[PING] 🔁 Tick — 2025-08-02T02:44:00.011Z
[PING] 🏠 Found 1
[PING-PI] ❌ Could not reach homebase C554CE816A718CDE
[PING-ESP] Considering HB IDs: [ 'C554CE816A718CDE' ]
[PING-ESP] Online HB IDs: []
[PING-ESP] 🚫 Skipping ESP pings (DB offline) hb=C554CE816A718CDE
[PING] ✅ All pings dispatched

[PING] 🔁 Tick — 2025-08-02T02:45:00.025Z
[CRON] 2025-08-02T02:45:00.026Z — dow=5, bucket=273
[PING] 🏠 Found 1
[PING-PI] ❌ Could not reach homebase C554CE816A718CDE
[CRON] ▶ ON  slots to start/continue: 0
[PING-ESP] Considering HB IDs: [ 'C554CE816A718CDE' ]
[PING-ESP] Online HB IDs: []
[PING-ESP] 🚫 Skipping ESP pings (DB offline) hb=C554CE816A718CDE
[PING] ✅ All pings dispatched

[CRON] ▶ OFF slots to stop        : 0
[CRON] ✓ pass complete

[PING] 🔁 Tick — 2025-08-02T02:46:00.022Z
[PING] 🏠 Found 1
[PING-PI] ❌ Could not reach homebase C554CE816A718CDE
[PING-ESP] Considering HB IDs: [ 'C554CE816A718CDE' ]
[PING-ESP] Online HB IDs: []
[PING-ESP] 🚫 Skipping ESP pings (DB offline) hb=C554CE816A718CDE
[PING] ✅ All pings dispatched

[PING] 🔁 Tick — 2025-08-02T02:47:00.022Z
[PING] 🏠 Found 1
[PING-PI] ❌ Could not reach homebase C554CE816A718CDE
[PING-ESP] Considering HB IDs: [ 'C554CE816A718CDE' ]
[PING-ESP] Online HB IDs: []
[PING-ESP] 🚫 Skipping ESP pings (DB offline) hb=C554CE816A718CDE
[PING] ✅ All pings dispatched

[PING] 🔁 Tick — 2025-08-02T02:48:00.021Z
[PING] 🏠 Found 1
[PING-PI] ❌ Could not reach homebase C554CE816A718CDE
[PING-ESP] Considering HB IDs: [ 'C554CE816A718CDE' ]
[PING-ESP] Online HB IDs: []
[PING-ESP] 🚫 Skipping ESP pings (DB offline) hb=C554CE816A718CDE
[PING] ✅ All pings dispatched

[PING] 🔁 Tick — 2025-08-02T02:49:00.016Z
[PING] 🏠 Found 1
[PING-PI] ❌ Could not reach homebase C554CE816A718CDE
[PING-ESP] Considering HB IDs: [ 'C554CE816A718CDE' ]
[PING-ESP] Online HB IDs: []
[PING-ESP] 🚫 Skipping ESP pings (DB offline) hb=C554CE816A718CDE
[PING] ✅ All pings dispatched

[CRON] 2025-08-02T02:50:00.018Z — dow=5, bucket=274
[PING] 🔁 Tick — 2025-08-02T02:50:00.019Z
[CRON] ▶ ON  slots to start/continue: 0
[PING] 🏠 Found 1
[PING-PI] ❌ Could not reach homebase C554CE816A718CDE
[CRON] ▶ OFF slots to stop        : 0
[CRON] ✓ pass complete

[PING-ESP] Considering HB IDs: [ 'C554CE816A718CDE' ]
[PING-ESP] Online HB IDs: []
[PING-ESP] 🚫 Skipping ESP pings (DB offline) hb=C554CE816A718CDE
[PING] ✅ All pings dispatched

[PING] 🔁 Tick — 2025-08-02T02:51:00.011Z
[PING] 🏠 Found 1
[PING-PI] ❌ Could not reach homebase C554CE816A718CDE
[PING-ESP] Considering HB IDs: [ 'C554CE816A718CDE' ]
[PING-ESP] Online HB IDs: []
[PING-ESP] 🚫 Skipping ESP pings (DB offline) hb=C554CE816A718CDE
[PING] ✅ All pings dispatched

[PING] 🔁 Tick — 2025-08-02T02:52:00.012Z
[PING] 🏠 Found 1
[PING-PI] ❌ Could not reach homebase C554CE816A718CDE
[PING-ESP] Considering HB IDs: [ 'C554CE816A718CDE' ]
[PING-ESP] Online HB IDs: []
[PING-ESP] 🚫 Skipping ESP pings (DB offline) hb=C554CE816A718CDE
[PING] ✅ All pings dispatched

[PING] 🔁 Tick — 2025-08-02T02:53:00.020Z
[PING] 🏠 Found 1
[PING-PI] ❌ Could not reach homebase C554CE816A718CDE
[PING-ESP] Considering HB IDs: [ 'C554CE816A718CDE' ]
[PING-ESP] Online HB IDs: []
[PING-ESP] 🚫 Skipping ESP pings (DB offline) hb=C554CE816A718CDE
[PING] ✅ All pings dispatched

[PING] 🔁 Tick — 2025-08-02T02:54:00.023Z
[PING] 🏠 Found 1
[PING-PI] ❌ Could not reach homebase C554CE816A718CDE
[PING-ESP] Considering HB IDs: [ 'C554CE816A718CDE' ]
[PING-ESP] Online HB IDs: []
[PING-ESP] 🚫 Skipping ESP pings (DB offline) hb=C554CE816A718CDE
[PING] ✅ All pings dispatched

[CRON] 2025-08-02T02:55:00.026Z — dow=5, bucket=275
[PING] 🔁 Tick — 2025-08-02T02:55:00.028Z
[PING] 🏠 Found 1
[PING-PI] ❌ Could not reach homebase C554CE816A718CDE
[PING-ESP] Considering HB IDs: [ 'C554CE816A718CDE' ]
[PING-ESP] Online HB IDs: []
[PING-ESP] 🚫 Skipping ESP pings (DB offline) hb=C554CE816A718CDE
[PING] ✅ All pings dispatched

[CRON] ▶ ON  slots to start/continue: 0
[CRON] ▶ OFF slots to stop        : 0
[CRON] ✓ pass complete

[PING] 🔁 Tick — 2025-08-02T02:56:00.016Z
[PING] 🏠 Found 1
[PING-PI] ❌ Could not reach homebase C554CE816A718CDE
[PING-ESP] Considering HB IDs: [ 'C554CE816A718CDE' ]
[PING-ESP] Online HB IDs: []
[PING-ESP] 🚫 Skipping ESP pings (DB offline) hb=C554CE816A718CDE
[PING] ✅ All pings dispatched

[PING] 🔁 Tick — 2025-08-02T02:57:00.015Z
[PING] 🏠 Found 1
[PING-PI] ❌ Could not reach homebase C554CE816A718CDE
[PING-ESP] Considering HB IDs: [ 'C554CE816A718CDE' ]
[PING-ESP] Online HB IDs: []
[PING-ESP] 🚫 Skipping ESP pings (DB offline) hb=C554CE816A718CDE
[PING] ✅ All pings dispatched

[PING] 🔁 Tick — 2025-08-02T02:58:00.015Z
[PING] 🏠 Found 1
[PING-PI] ❌ Could not reach homebase C554CE816A718CDE
[PING-ESP] Considering HB IDs: [ 'C554CE816A718CDE' ]
[PING-ESP] Online HB IDs: []
[PING-ESP] 🚫 Skipping ESP pings (DB offline) hb=C554CE816A718CDE
[PING] ✅ All pings dispatched

[PING] 🔁 Tick — 2025-08-02T02:59:00.013Z
[PING] 🏠 Found 1
[PING-PI] ❌ Could not reach homebase C554CE816A718CDE
[PING-ESP] Considering HB IDs: [ 'C554CE816A718CDE' ]
[PING-ESP] Online HB IDs: []
[PING-ESP] 🚫 Skipping ESP pings (DB offline) hb=C554CE816A718CDE
[PING] ✅ All pings dispatched

[CRON] 2025-08-02T03:00:00.029Z — dow=5, bucket=276
[PING] 🔁 Tick — 2025-08-02T03:00:00.030Z
[CRON] ▶ ON  slots to start/continue: 0
[CRON] ▶ OFF slots to stop        : 0
[CRON] ✓ pass complete

[PING] 🏠 Found 1
[PING-PI] ❌ Could not reach homebase C554CE816A718CDE
[PING-ESP] Considering HB IDs: [ 'C554CE816A718CDE' ]
[PING-ESP] Online HB IDs: []
[PING-ESP] 🚫 Skipping ESP pings (DB offline) hb=C554CE816A718CDE
[PING] ✅ All pings dispatched

[PING] 🔁 Tick — 2025-08-02T03:01:00.013Z
[PING] 🏠 Found 1
[PING-PI] ❌ Could not reach homebase C554CE816A718CDE
[PING-ESP] Considering HB IDs: [ 'C554CE816A718CDE' ]
[PING-ESP] Online HB IDs: []
[PING-ESP] 🚫 Skipping ESP pings (DB offline) hb=C554CE816A718CDE
[PING] ✅ All pings dispatched

[PING] 🔁 Tick — 2025-08-02T03:02:00.033Z
[PING] 🏠 Found 1
[PING-PI] ❌ Could not reach homebase C554CE816A718CDE
[PING-ESP] Considering HB IDs: [ 'C554CE816A718CDE' ]
[PING-ESP] Online HB IDs: []
[PING-ESP] 🚫 Skipping ESP pings (DB offline) hb=C554CE816A718CDE
[PING] ✅ All pings dispatched

[PING] 🔁 Tick — 2025-08-02T03:03:00.023Z
[PING] 🏠 Found 1
[PING-PI] ❌ Could not reach homebase C554CE816A718CDE
[PING-ESP] Considering HB IDs: [ 'C554CE816A718CDE' ]
[PING-ESP] Online HB IDs: []
[PING-ESP] 🚫 Skipping ESP pings (DB offline) hb=C554CE816A718CDE
[PING] ✅ All pings dispatched

[PING] 🔁 Tick — 2025-08-02T03:04:00.022Z
[PING] 🏠 Found 1
[PING-PI] ❌ Could not reach homebase C554CE816A718CDE
[PING-ESP] Considering HB IDs: [ 'C554CE816A718CDE' ]
[PING-ESP] Online HB IDs: []
[PING-ESP] 🚫 Skipping ESP pings (DB offline) hb=C554CE816A718CDE
[PING] ✅ All pings dispatched

[CRON] 2025-08-02T03:05:00.021Z — dow=5, bucket=277
[PING] 🔁 Tick — 2025-08-02T03:05:00.024Z
[PING] 🏠 Found 1
[PING-PI] ❌ Could not reach homebase C554CE816A718CDE
[PING-ESP] Considering HB IDs: [ 'C554CE816A718CDE' ]
[PING-ESP] Online HB IDs: []
[PING-ESP] 🚫 Skipping ESP pings (DB offline) hb=C554CE816A718CDE
[PING] ✅ All pings dispatched

[CRON] ▶ ON  slots to start/continue: 0
[CRON] ▶ OFF slots to stop        : 0
[CRON] ✓ pass complete

[PING] 🔁 Tick — 2025-08-02T03:06:00.023Z
[PING] 🏠 Found 1
[PING-PI] ❌ Could not reach homebase C554CE816A718CDE
[PING-ESP] Considering HB IDs: [ 'C554CE816A718CDE' ]
[PING-ESP] Online HB IDs: []
[PING-ESP] 🚫 Skipping ESP pings (DB offline) hb=C554CE816A718CDE
[PING] ✅ All pings dispatched

[PING] 🔁 Tick — 2025-08-02T03:07:00.015Z
[PING] 🏠 Found 1
[PING-PI] ❌ Could not reach homebase C554CE816A718CDE
[PING-ESP] Considering HB IDs: [ 'C554CE816A718CDE' ]
[PING-ESP] Online HB IDs: []
[PING-ESP] 🚫 Skipping ESP pings (DB offline) hb=C554CE816A718CDE
[PING] ✅ All pings dispatched

[PING] 🔁 Tick — 2025-08-02T03:08:00.022Z
[PING] 🏠 Found 1
[PING-PI] ❌ Could not reach homebase C554CE816A718CDE
[PING-ESP] Considering HB IDs: [ 'C554CE816A718CDE' ]
[PING-ESP] Online HB IDs: []
[PING-ESP] 🚫 Skipping ESP pings (DB offline) hb=C554CE816A718CDE
[PING] ✅ All pings dispatched

[PING] 🔁 Tick — 2025-08-02T03:09:00.015Z
[PING] 🏠 Found 1
[PING-PI] ❌ Could not reach homebase C554CE816A718CDE
[PING-ESP] Considering HB IDs: [ 'C554CE816A718CDE' ]
[PING-ESP] Online HB IDs: []
[PING-ESP] 🚫 Skipping ESP pings (DB offline) hb=C554CE816A718CDE
[PING] ✅ All pings dispatched

[WebSocket] Homebase connected: C554CE816A718CDE
[WebSocket] Homebase connected: C554CE816A718CDE
[CRON] 2025-08-02T03:10:00.010Z — dow=5, bucket=278
[PING] 🔁 Tick — 2025-08-02T03:10:00.012Z
[CRON] ▶ ON  slots to start/continue: 0
[PING] 🏠 Found 1
[CRON] ▶ OFF slots to stop        : 0
[CRON] ✓ pass complete

[PING-PI] ✅ Homebase C554CE816A718CDE is ONLINE
[PING-ESP] Considering HB IDs: [ 'C554CE816A718CDE' ]
[PING-ESP] Online HB IDs: [ 'C554CE816A718CDE' ]
[PING-ESP] 🛰️ Sent ping to esp32-c41d.local
[PING] ✅ All pings dispatched

[PING-ESP32] Received pong for device C41D-C41D87EA-87EABF8C — ONLINE: true
[PING] 🔁 Tick — 2025-08-02T03:11:00.008Z
[PING] 🏠 Found 1
[PING-PI] ✅ Homebase C554CE816A718CDE is ONLINE
[PING-ESP] Considering HB IDs: [ 'C554CE816A718CDE' ]
[PING-ESP] Online HB IDs: [ 'C554CE816A718CDE' ]
[PING-ESP] 🛰️ Sent ping to esp32-c41d.local
[PING] ✅ All pings dispatched

[PING-ESP32] Received pong for device C41D-C41D87EA-87EABF8C — ONLINE: true
[PING] 🔁 Tick — 2025-08-02T03:12:00.015Z
[PING] 🏠 Found 1
[PING-PI] ✅ Homebase C554CE816A718CDE is ONLINE
[PING-ESP] Considering HB IDs: [ 'C554CE816A718CDE' ]
[PING-ESP] Online HB IDs: [ 'C554CE816A718CDE' ]
[PING-ESP] 🛰️ Sent ping to esp32-c41d.local
[PING] ✅ All pings dispatched

[PING-ESP32] Received pong for device C41D-C41D87EA-87EABF8C — ONLINE: true
[PING] 🔁 Tick — 2025-08-02T03:13:00.022Z
[PING] 🏠 Found 1
[PING-PI] ✅ Homebase C554CE816A718CDE is ONLINE
[PING-ESP] Considering HB IDs: [ 'C554CE816A718CDE' ]
[PING-ESP] Online HB IDs: [ 'C554CE816A718CDE' ]
[PING-ESP] 🛰️ Sent ping to esp32-c41d.local
[PING] ✅ All pings dispatched

[PING-ESP32] Received pong for device C41D-C41D87EA-87EABF8C — ONLINE: true
[PING] 🔁 Tick — 2025-08-02T03:14:00.015Z
[PING] 🏠 Found 1
[PING-PI] ✅ Homebase C554CE816A718CDE is ONLINE
[PING-ESP] Considering HB IDs: [ 'C554CE816A718CDE' ]
[PING-ESP] Online HB IDs: [ 'C554CE816A718CDE' ]
[PING-ESP] 🛰️ Sent ping to esp32-c41d.local
[PING] ✅ All pings dispatched

[PING-ESP32] Received pong for device C41D-C41D87EA-87EABF8C — ONLINE: true
[PING] 🔁 Tick — 2025-08-02T03:15:00.019Z
[CRON] 2025-08-02T03:15:00.020Z — dow=5, bucket=279
[PING] 🏠 Found 1
[CRON] ▶ ON  slots to start/continue: 0
[CRON] ▶ OFF slots to stop        : 0
[CRON] ✓ pass complete

[PING-PI] ✅ Homebase C554CE816A718CDE is ONLINE
[PING-ESP] Considering HB IDs: [ 'C554CE816A718CDE' ]
[PING-ESP] Online HB IDs: [ 'C554CE816A718CDE' ]
[PING-ESP] 🛰️ Sent ping to esp32-c41d.local
[PING] ✅ All pings dispatched

[PING-ESP32] Received pong for device C41D-C41D87EA-87EABF8C — ONLINE: true
[PING] 🔁 Tick — 2025-08-02T03:16:00.008Z
[PING] 🏠 Found 1
[PING-PI] ✅ Homebase C554CE816A718CDE is ONLINE
[PING-ESP] Considering HB IDs: [ 'C554CE816A718CDE' ]
[PING-ESP] Online HB IDs: [ 'C554CE816A718CDE' ]
[PING-ESP] 🛰️ Sent ping to esp32-c41d.local
[PING] ✅ All pings dispatched

[PING-ESP32] Received pong for device C41D-C41D87EA-87EABF8C — ONLINE: true
[PING] 🔁 Tick — 2025-08-02T03:17:00.014Z
[PING] 🏠 Found 1
[PING-PI] ✅ Homebase C554CE816A718CDE is ONLINE
[PING-ESP] Considering HB IDs: [ 'C554CE816A718CDE' ]
[PING-ESP] Online HB IDs: [ 'C554CE816A718CDE' ]
[PING-ESP] 🛰️ Sent ping to esp32-c41d.local
[PING] ✅ All pings dispatched

[PING-ESP32] Received pong for device C41D-C41D87EA-87EABF8C — ONLINE: true
[PING] 🔁 Tick — 2025-08-02T03:18:00.016Z
[PING] 🏠 Found 1
[PING-PI] ✅ Homebase C554CE816A718CDE is ONLINE
[PING-ESP] Considering HB IDs: [ 'C554CE816A718CDE' ]
[PING-ESP] Online HB IDs: [ 'C554CE816A718CDE' ]
[PING-ESP] 🛰️ Sent ping to esp32-c41d.local
[PING] ✅ All pings dispatched

[PING-ESP32] Received pong for device C41D-C41D87EA-87EABF8C — ONLINE: true
[PING] 🔁 Tick — 2025-08-02T03:19:00.022Z
[PING] 🏠 Found 1
[PING-PI] ✅ Homebase C554CE816A718CDE is ONLINE
[PING-ESP] Considering HB IDs: [ 'C554CE816A718CDE' ]
[PING-ESP] Online HB IDs: [ 'C554CE816A718CDE' ]
[PING-ESP] 🛰️ Sent ping to esp32-c41d.local
[PING] ✅ All pings dispatched

[PING-ESP32] Received pong for device C41D-C41D87EA-87EABF8C — ONLINE: true
[PING] 🔁 Tick — 2025-08-02T03:20:00.019Z
[CRON] 2025-08-02T03:20:00.020Z — dow=5, bucket=280
[PING] 🏠 Found 1
[CRON] ▶ ON  slots to start/continue: 0
[CRON] ▶ OFF slots to stop        : 0
[CRON] ✓ pass complete

[PING-PI] ✅ Homebase C554CE816A718CDE is ONLINE
[PING-ESP] Considering HB IDs: [ 'C554CE816A718CDE' ]
[PING-ESP] Online HB IDs: [ 'C554CE816A718CDE' ]
[PING-ESP] 🛰️ Sent ping to esp32-c41d.local
[PING] ✅ All pings dispatched

[PING-ESP32] Received pong for device C41D-C41D87EA-87EABF8C — ONLINE: true
[PING] 🔁 Tick — 2025-08-02T03:21:00.012Z
[PING] 🏠 Found 1
[PING-PI] ✅ Homebase C554CE816A718CDE is ONLINE
[PING-ESP] Considering HB IDs: [ 'C554CE816A718CDE' ]
[PING-ESP] Online HB IDs: [ 'C554CE816A718CDE' ]
[PING-ESP] 🛰️ Sent ping to esp32-c41d.local
[PING] ✅ All pings dispatched

[PING-ESP32] Received pong for device C41D-C41D87EA-87EABF8C — ONLINE: true
[PING] 🔁 Tick — 2025-08-02T03:22:00.015Z
[PING] 🏠 Found 1
[PING-PI] ✅ Homebase C554CE816A718CDE is ONLINE
[PING-ESP] Considering HB IDs: [ 'C554CE816A718CDE' ]
[PING-ESP] Online HB IDs: [ 'C554CE816A718CDE' ]
[PING-ESP] 🛰️ Sent ping to esp32-c41d.local
[PING] ✅ All pings dispatched

[PING-ESP32] Received pong for device C41D-C41D87EA-87EABF8C — ONLINE: true
[PING] 🔁 Tick — 2025-08-02T03:23:00.013Z
[PING] 🏠 Found 1
[PING-PI] ✅ Homebase C554CE816A718CDE is ONLINE
[PING-ESP] Considering HB IDs: [ 'C554CE816A718CDE' ]
[PING-ESP] Online HB IDs: [ 'C554CE816A718CDE' ]
[PING-ESP] 🛰️ Sent ping to esp32-c41d.local
[PING] ✅ All pings dispatched

[PING-ESP32] Received pong for device C41D-C41D87EA-87EABF8C — ONLINE: true
[PING] 🔁 Tick — 2025-08-02T03:24:00.011Z
[PING] 🏠 Found 1
[PING-PI] ✅ Homebase C554CE816A718CDE is ONLINE
[PING-ESP] Considering HB IDs: [ 'C554CE816A718CDE' ]
[PING-ESP] Online HB IDs: [ 'C554CE816A718CDE' ]
[PING-ESP] 🛰️ Sent ping to esp32-c41d.local
[PING] ✅ All pings dispatched

[PING-ESP32] Received pong for device C41D-C41D87EA-87EABF8C — ONLINE: true
[CRON] 2025-08-02T03:25:00.019Z — dow=5, bucket=281
[PING] 🔁 Tick — 2025-08-02T03:25:00.020Z
[PING] 🏠 Found 1
[CRON] ▶ ON  slots to start/continue: 0
[CRON] ▶ OFF slots to stop        : 0
[CRON] ✓ pass complete

[PING-PI] ✅ Homebase C554CE816A718CDE is ONLINE
[PING-ESP] Considering HB IDs: [ 'C554CE816A718CDE' ]
[PING-ESP] Online HB IDs: [ 'C554CE816A718CDE' ]
[PING-ESP] 🛰️ Sent ping to esp32-c41d.local
[PING] ✅ All pings dispatched

[PING-ESP32] Received pong for device C41D-C41D87EA-87EABF8C — ONLINE: true
[PING] 🔁 Tick — 2025-08-02T03:26:00.016Z
[PING] 🏠 Found 1
[PING-PI] ✅ Homebase C554CE816A718CDE is ONLINE
[PING-ESP] Considering HB IDs: [ 'C554CE816A718CDE' ]
[PING-ESP] Online HB IDs: [ 'C554CE816A718CDE' ]
[PING-ESP] 🛰️ Sent ping to esp32-c41d.local
[PING] ✅ All pings dispatched

[PING-ESP32] Received pong for device C41D-C41D87EA-87EABF8C — ONLINE: true
[PING] 🔁 Tick — 2025-08-02T03:27:00.013Z
[PING] 🏠 Found 1
[PING-PI] ✅ Homebase C554CE816A718CDE is ONLINE
[PING-ESP] Considering HB IDs: [ 'C554CE816A718CDE' ]
[PING-ESP] Online HB IDs: [ 'C554CE816A718CDE' ]
[PING-ESP] 🛰️ Sent ping to esp32-c41d.local
[PING] ✅ All pings dispatched

[PING-ESP32] Received pong for device C41D-C41D87EA-87EABF8C — ONLINE: true
[PING] 🔁 Tick — 2025-08-02T03:28:00.015Z
[PING] 🏠 Found 1
[PING-PI] ✅ Homebase C554CE816A718CDE is ONLINE
[PING-ESP] Considering HB IDs: [ 'C554CE816A718CDE' ]
[PING-ESP] Online HB IDs: [ 'C554CE816A718CDE' ]
[PING-ESP] 🛰️ Sent ping to esp32-c41d.local
[PING] ✅ All pings dispatched

[PING-ESP32] Received pong for device C41D-C41D87EA-87EABF8C — ONLINE: true
[PING] 🔁 Tick — 2025-08-02T03:29:00.012Z
[PING] 🏠 Found 1
[PING-PI] ✅ Homebase C554CE816A718CDE is ONLINE
[PING-ESP] Considering HB IDs: [ 'C554CE816A718CDE' ]
[PING-ESP] Online HB IDs: [ 'C554CE816A718CDE' ]
[PING-ESP] 🛰️ Sent ping to esp32-c41d.local
[PING] ✅ All pings dispatched

[PING-ESP32] Received pong for device C41D-C41D87EA-87EABF8C — ONLINE: true
[PING] 🔁 Tick — 2025-08-02T03:30:00.018Z
[CRON] 2025-08-02T03:30:00.019Z — dow=5, bucket=282
[PING] 🏠 Found 1
[CRON] ▶ ON  slots to start/continue: 0
[CRON] ▶ OFF slots to stop        : 0
[CRON] ✓ pass complete

[PING-PI] ✅ Homebase C554CE816A718CDE is ONLINE
[PING-ESP] Considering HB IDs: [ 'C554CE816A718CDE' ]
[PING-ESP] Online HB IDs: [ 'C554CE816A718CDE' ]
[PING-ESP] 🛰️ Sent ping to esp32-c41d.local
[PING] ✅ All pings dispatched

[PING-ESP32] Received pong for device C41D-C41D87EA-87EABF8C — ONLINE: true
[PING] 🔁 Tick — 2025-08-02T03:31:00.012Z
[PING] 🏠 Found 1
[PING-PI] ✅ Homebase C554CE816A718CDE is ONLINE
[PING-ESP] Considering HB IDs: [ 'C554CE816A718CDE' ]
[PING-ESP] Online HB IDs: [ 'C554CE816A718CDE' ]
[PING-ESP] 🛰️ Sent ping to esp32-c41d.local
[PING] ✅ All pings dispatched

[PING-ESP32] Received pong for device C41D-C41D87EA-87EABF8C — ONLINE: false
[PING] 🔁 Tick — 2025-08-02T03:32:00.022Z
[PING] 🏠 Found 1
[PING-PI] ✅ Homebase C554CE816A718CDE is ONLINE
[PING-ESP] Considering HB IDs: [ 'C554CE816A718CDE' ]
[PING-ESP] Online HB IDs: [ 'C554CE816A718CDE' ]
[PING-ESP] 🛰️ Sent ping to esp32-c41d.local
[PING] ✅ All pings dispatched

[PING-ESP32] Received pong for device C41D-C41D87EA-87EABF8C — ONLINE: false
[PING] 🔁 Tick — 2025-08-02T03:33:00.022Z
[PING] 🏠 Found 1
[PING-PI] ✅ Homebase C554CE816A718CDE is ONLINE
[PING-ESP] Considering HB IDs: [ 'C554CE816A718CDE' ]
[PING-ESP] Online HB IDs: [ 'C554CE816A718CDE' ]
[PING-ESP] 🛰️ Sent ping to esp32-c41d.local
[PING] ✅ All pings dispatched

[PING-ESP32] Received pong for device C41D-C41D87EA-87EABF8C — ONLINE: false
[PING] 🔁 Tick — 2025-08-02T03:34:00.016Z
[PING] 🏠 Found 1
[PING-PI] ✅ Homebase C554CE816A718CDE is ONLINE
[PING-ESP] Considering HB IDs: [ 'C554CE816A718CDE' ]
[PING-ESP] Online HB IDs: [ 'C554CE816A718CDE' ]
[PING-ESP] 🛰️ Sent ping to esp32-c41d.local
[PING] ✅ All pings dispatched

[PING-ESP32] Received pong for device C41D-C41D87EA-87EABF8C — ONLINE: false
[CRON] 2025-08-02T03:35:00.024Z — dow=5, bucket=283
[PING] 🔁 Tick — 2025-08-02T03:35:00.025Z
[PING] 🏠 Found 1
[CRON] ▶ ON  slots to start/continue: 0
[CRON] ▶ OFF slots to stop        : 0
[CRON] ✓ pass complete

[PING-PI] ✅ Homebase C554CE816A718CDE is ONLINE
[PING-ESP] Considering HB IDs: [ 'C554CE816A718CDE' ]
[PING-ESP] Online HB IDs: [ 'C554CE816A718CDE' ]
[PING-ESP] 🛰️ Sent ping to esp32-c41d.local
[PING] ✅ All pings dispatched

[PING-ESP32] Received pong for device C41D-C41D87EA-87EABF8C — ONLINE: false
[PING] 🔁 Tick — 2025-08-02T03:36:00.020Z
[PING] 🏠 Found 1
[PING-PI] ✅ Homebase C554CE816A718CDE is ONLINE
[PING-ESP] Considering HB IDs: [ 'C554CE816A718CDE' ]
[PING-ESP] Online HB IDs: [ 'C554CE816A718CDE' ]
[PING-ESP] 🛰️ Sent ping to esp32-c41d.local
[PING] ✅ All pings dispatched

[PING-ESP32] Received pong for device C41D-C41D87EA-87EABF8C — ONLINE: false
[PING] 🔁 Tick — 2025-08-02T03:37:00.014Z
[PING] 🏠 Found 1
[PING-PI] ✅ Homebase C554CE816A718CDE is ONLINE
[PING-ESP] Considering HB IDs: [ 'C554CE816A718CDE' ]
[PING-ESP] Online HB IDs: [ 'C554CE816A718CDE' ]
[PING-ESP] 🛰️ Sent ping to esp32-c41d.local
[PING] ✅ All pings dispatched

[PING-ESP32] Received pong for device C41D-C41D87EA-87EABF8C — ONLINE: false
[PING] 🔁 Tick — 2025-08-02T03:38:00.005Z
[PING] 🏠 Found 1
[PING-PI] ✅ Homebase C554CE816A718CDE is ONLINE
[PING-ESP] Considering HB IDs: [ 'C554CE816A718CDE' ]
[PING-ESP] Online HB IDs: [ 'C554CE816A718CDE' ]
[PING-ESP] 🛰️ Sent ping to esp32-c41d.local
[PING] ✅ All pings dispatched

[PING-ESP32] Received pong for device C41D-C41D87EA-87EABF8C — ONLINE: false
[PING] 🔁 Tick — 2025-08-02T03:39:00.016Z
[PING] 🏠 Found 1
[PING-PI] ✅ Homebase C554CE816A718CDE is ONLINE
[PING-ESP] Considering HB IDs: [ 'C554CE816A718CDE' ]
[PING-ESP] Online HB IDs: [ 'C554CE816A718CDE' ]
[PING-ESP] 🛰️ Sent ping to esp32-c41d.local
[PING] ✅ All pings dispatched

[PING-ESP32] Received pong for device C41D-C41D87EA-87EABF8C — ONLINE: false
[CRON] 2025-08-02T03:40:00.016Z — dow=5, bucket=284
[PING] 🔁 Tick — 2025-08-02T03:40:00.017Z
[CRON] ▶ ON  slots to start/continue: 0
[PING] 🏠 Found 1
[CRON] ▶ OFF slots to stop        : 0
[CRON] ✓ pass complete

[PING-PI] ✅ Homebase C554CE816A718CDE is ONLINE
[PING-ESP] Considering HB IDs: [ 'C554CE816A718CDE' ]
[PING-ESP] Online HB IDs: [ 'C554CE816A718CDE' ]
[PING-ESP] 🛰️ Sent ping to esp32-c41d.local
[PING] ✅ All pings dispatched

[PING-ESP32] Received pong for device C41D-C41D87EA-87EABF8C — ONLINE: false
[PING] 🔁 Tick — 2025-08-02T03:41:00.015Z
[PING] 🏠 Found 1
[PING-PI] ✅ Homebase C554CE816A718CDE is ONLINE
[PING-ESP] Considering HB IDs: [ 'C554CE816A718CDE' ]
[PING-ESP] Online HB IDs: [ 'C554CE816A718CDE' ]
[PING-ESP] 🛰️ Sent ping to esp32-c41d.local
[PING] ✅ All pings dispatched

[PING-ESP32] Received pong for device C41D-C41D87EA-87EABF8C — ONLINE: false
[PING] 🔁 Tick — 2025-08-02T03:42:00.015Z
[PING] 🏠 Found 1
[PING-PI] ✅ Homebase C554CE816A718CDE is ONLINE
[PING-ESP] Considering HB IDs: [ 'C554CE816A718CDE' ]
[PING-ESP] Online HB IDs: [ 'C554CE816A718CDE' ]
[PING-ESP] 🛰️ Sent ping to esp32-c41d.local
[PING] ✅ All pings dispatched

[PING-ESP32] Received pong for device C41D-C41D87EA-87EABF8C — ONLINE: false
[PING] 🔁 Tick — 2025-08-02T03:43:00.016Z
[PING] 🏠 Found 1
[PING-PI] ✅ Homebase C554CE816A718CDE is ONLINE
[PING-ESP] Considering HB IDs: [ 'C554CE816A718CDE' ]
[PING-ESP] Online HB IDs: [ 'C554CE816A718CDE' ]
[PING-ESP] 🛰️ Sent ping to esp32-c41d.local
[PING] ✅ All pings dispatched

[PING-ESP32] Received pong for device C41D-C41D87EA-87EABF8C — ONLINE: false
[PING] 🔁 Tick — 2025-08-02T03:44:00.016Z
[PING] 🏠 Found 1
[PING-PI] ✅ Homebase C554CE816A718CDE is ONLINE
[PING-ESP] Considering HB IDs: [ 'C554CE816A718CDE' ]
[PING-ESP] Online HB IDs: [ 'C554CE816A718CDE' ]
[PING-ESP] 🛰️ Sent ping to esp32-c41d.local
[PING] ✅ All pings dispatched

[PING-ESP32] Received pong for device C41D-C41D87EA-87EABF8C — ONLINE: false
[CRON] 2025-08-02T03:45:00.019Z — dow=5, bucket=285
[PING] 🔁 Tick — 2025-08-02T03:45:00.020Z
[PING] 🏠 Found 1
[CRON] ▶ ON  slots to start/continue: 0
[CRON] ▶ OFF slots to stop        : 0
[CRON] ✓ pass complete

[PING-PI] ✅ Homebase C554CE816A718CDE is ONLINE
[PING-ESP] Considering HB IDs: [ 'C554CE816A718CDE' ]
[PING-ESP] Online HB IDs: [ 'C554CE816A718CDE' ]
[PING-ESP] 🛰️ Sent ping to esp32-c41d.local
[PING] ✅ All pings dispatched

[PING-ESP32] Received pong for device C41D-C41D87EA-87EABF8C — ONLINE: false
[PING] 🔁 Tick — 2025-08-02T03:46:00.017Z
[PING] 🏠 Found 1
[PING-PI] ✅ Homebase C554CE816A718CDE is ONLINE
[PING-ESP] Considering HB IDs: [ 'C554CE816A718CDE' ]
[PING-ESP] Online HB IDs: [ 'C554CE816A718CDE' ]
[PING-ESP] 🛰️ Sent ping to esp32-c41d.local
[PING] ✅ All pings dispatched

[PING-ESP32] Received pong for device C41D-C41D87EA-87EABF8C — ONLINE: false
[PING] 🔁 Tick — 2025-08-02T03:47:00.018Z
[PING] 🏠 Found 1
[PING-PI] ✅ Homebase C554CE816A718CDE is ONLINE
[PING-ESP] Considering HB IDs: [ 'C554CE816A718CDE' ]
[PING-ESP] Online HB IDs: [ 'C554CE816A718CDE' ]
[PING-ESP] 🛰️ Sent ping to esp32-c41d.local
[PING] ✅ All pings dispatched

[PING-ESP32] Received pong for device C41D-C41D87EA-87EABF8C — ONLINE: false
[PING] 🔁 Tick — 2025-08-02T03:48:00.021Z
[PING] 🏠 Found 1
[PING-PI] ✅ Homebase C554CE816A718CDE is ONLINE
[PING-ESP] Considering HB IDs: [ 'C554CE816A718CDE' ]
[PING-ESP] Online HB IDs: [ 'C554CE816A718CDE' ]
[PING-ESP] 🛰️ Sent ping to esp32-c41d.local
[PING] ✅ All pings dispatched

[PING-ESP32] Received pong for device C41D-C41D87EA-87EABF8C — ONLINE: false
[PING] 🔁 Tick — 2025-08-02T03:49:00.012Z
[PING] 🏠 Found 1
[PING-PI] ✅ Homebase C554CE816A718CDE is ONLINE
[PING-ESP] Considering HB IDs: [ 'C554CE816A718CDE' ]
[PING-ESP] Online HB IDs: [ 'C554CE816A718CDE' ]
[PING-ESP] 🛰️ Sent ping to esp32-c41d.local
[PING] ✅ All pings dispatched

[PING-ESP32] Received pong for device C41D-C41D87EA-87EABF8C — ONLINE: false
[CRON] 2025-08-02T03:50:00.019Z — dow=5, bucket=286
[PING] 🔁 Tick — 2025-08-02T03:50:00.020Z
[CRON] ▶ ON  slots to start/continue: 0
[PING] 🏠 Found 1
[CRON] ▶ OFF slots to stop        : 0
[CRON] ✓ pass complete

[PING-PI] ✅ Homebase C554CE816A718CDE is ONLINE
[PING-ESP] Considering HB IDs: [ 'C554CE816A718CDE' ]
[PING-ESP] Online HB IDs: [ 'C554CE816A718CDE' ]
[PING-ESP] 🛰️ Sent ping to esp32-c41d.local
[PING] ✅ All pings dispatched

[PING-ESP32] Received pong for device C41D-C41D87EA-87EABF8C — ONLINE: false
[PING] 🔁 Tick — 2025-08-02T03:51:00.016Z
[PING] 🏠 Found 1
[PING-PI] ✅ Homebase C554CE816A718CDE is ONLINE
[PING-ESP] Considering HB IDs: [ 'C554CE816A718CDE' ]
[PING-ESP] Online HB IDs: [ 'C554CE816A718CDE' ]
[PING-ESP] 🛰️ Sent ping to esp32-c41d.local
[PING] ✅ All pings dispatched

[PING-ESP32] Received pong for device C41D-C41D87EA-87EABF8C — ONLINE: false
[PING] 🔁 Tick — 2025-08-02T03:52:00.015Z
[PING] 🏠 Found 1
[PING-PI] ✅ Homebase C554CE816A718CDE is ONLINE
[PING-ESP] Considering HB IDs: [ 'C554CE816A718CDE' ]
[PING-ESP] Online HB IDs: [ 'C554CE816A718CDE' ]
[PING-ESP] 🛰️ Sent ping to esp32-c41d.local
[PING] ✅ All pings dispatched

[PING-ESP32] Received pong for device C41D-C41D87EA-87EABF8C — ONLINE: false
[PING] 🔁 Tick — 2025-08-02T03:53:00.017Z
[PING] 🏠 Found 1
[PING-PI] ❌ No pong from homebase C554CE816A718CDE (msgId=2ca5663d-eb49-4117-9f0b-689f4e55e6a7)
[PING-ESP] Considering HB IDs: [ 'C554CE816A718CDE' ]
[PING-ESP] Online HB IDs: []
[PING-ESP] 🚫 Skipping ESP pings (DB offline) hb=C554CE816A718CDE
[PING] ✅ All pings dispatched

[PING] 🔁 Tick — 2025-08-02T03:54:00.015Z
[PING] 🏠 Found 1
[PING-PI] ❌ No pong from homebase C554CE816A718CDE (msgId=57eef682-38cd-493a-916a-5d2343915e50)
[PING-ESP] Considering HB IDs: [ 'C554CE816A718CDE' ]
[PING-ESP] Online HB IDs: []
[PING-ESP] 🚫 Skipping ESP pings (DB offline) hb=C554CE816A718CDE
[PING] ✅ All pings dispatched

[CRON] 2025-08-02T03:55:00.020Z — dow=5, bucket=287
[PING] 🔁 Tick — 2025-08-02T03:55:00.023Z
[PING] 🏠 Found 1
[CRON] ▶ ON  slots to start/continue: 0
[CRON] ▶ OFF slots to stop        : 0
[CRON] ✓ pass complete

[PING-PI] ❌ No pong from homebase C554CE816A718CDE (msgId=e03559bb-f25c-4b80-a9bc-732c743ce88b)
[PING-ESP] Considering HB IDs: [ 'C554CE816A718CDE' ]
[PING-ESP] Online HB IDs: []
[PING-ESP] 🚫 Skipping ESP pings (DB offline) hb=C554CE816A718CDE
[PING] ✅ All pings dispatched

[PING] 🔁 Tick — 2025-08-02T03:56:00.012Z
[PING] 🏠 Found 1
[PING-PI] ❌ No pong from homebase C554CE816A718CDE (msgId=2784a734-8b80-4767-85e2-904a66f31c94)
[PING-ESP] Considering HB IDs: [ 'C554CE816A718CDE' ]
[PING-ESP] Online HB IDs: []
[PING-ESP] 🚫 Skipping ESP pings (DB offline) hb=C554CE816A718CDE
[PING] ✅ All pings dispatched

[PING] 🔁 Tick — 2025-08-02T03:57:00.015Z
[PING] 🏠 Found 1
[PING-PI] ❌ No pong from homebase C554CE816A718CDE (msgId=fda7754a-2f75-4ed0-b370-1a0555a623a2)
[PING-ESP] Considering HB IDs: [ 'C554CE816A718CDE' ]
[PING-ESP] Online HB IDs: []
[PING-ESP] 🚫 Skipping ESP pings (DB offline) hb=C554CE816A718CDE
[PING] ✅ All pings dispatched

[PING] 🔁 Tick — 2025-08-02T03:58:00.013Z
[PING] 🏠 Found 1
[PING-PI] ❌ No pong from homebase C554CE816A718CDE (msgId=72d0907a-1f4e-428f-9003-d9af5a1d5002)
[PING-ESP] Considering HB IDs: [ 'C554CE816A718CDE' ]
[PING-ESP] Online HB IDs: []
[PING-ESP] 🚫 Skipping ESP pings (DB offline) hb=C554CE816A718CDE
[PING] ✅ All pings dispatched

[PING] 🔁 Tick — 2025-08-02T03:59:00.023Z
[PING] 🏠 Found 1
[PING-PI] ❌ No pong from homebase C554CE816A718CDE (msgId=925c8b88-d99f-4feb-9371-a022ec83693a)
[PING-ESP] Considering HB IDs: [ 'C554CE816A718CDE' ]
[PING-ESP] Online HB IDs: []
[PING-ESP] 🚫 Skipping ESP pings (DB offline) hb=C554CE816A718CDE
[PING] ✅ All pings dispatched

[CRON] 2025-08-02T04:00:00.019Z — dow=6, bucket=0
[PING] 🔁 Tick — 2025-08-02T04:00:00.020Z
[CRON] ▶ ON  slots to start/continue: 0
[PING] 🏠 Found 1
[CRON] ▶ OFF slots to stop        : 0
[CRON] ✓ pass complete

[PING-PI] ❌ No pong from homebase C554CE816A718CDE (msgId=1197d206-6ba6-4336-b31b-7feefa59e26f)
[PING-ESP] Considering HB IDs: [ 'C554CE816A718CDE' ]
[PING-ESP] Online HB IDs: []
[PING-ESP] 🚫 Skipping ESP pings (DB offline) hb=C554CE816A718CDE
[PING] ✅ All pings dispatched

[PING] 🔁 Tick — 2025-08-02T04:01:00.022Z
[PING] 🏠 Found 1
[PING-PI] ❌ No pong from homebase C554CE816A718CDE (msgId=710055c8-c32f-497a-a6fc-f6367676eefb)
[PING-ESP] Considering HB IDs: [ 'C554CE816A718CDE' ]
[PING-ESP] Online HB IDs: []
[PING-ESP] 🚫 Skipping ESP pings (DB offline) hb=C554CE816A718CDE
[PING] ✅ All pings dispatched

[PING] 🔁 Tick — 2025-08-02T04:02:00.020Z
[PING] 🏠 Found 1
[PING-PI] ❌ No pong from homebase C554CE816A718CDE (msgId=84471707-38f5-4879-95d9-509f35f29acb)
[PING-ESP] Considering HB IDs: [ 'C554CE816A718CDE' ]
[PING-ESP] Online HB IDs: []
[PING-ESP] 🚫 Skipping ESP pings (DB offline) hb=C554CE816A718CDE
[PING] ✅ All pings dispatched

[PING] 🔁 Tick — 2025-08-02T04:03:00.017Z
[PING] 🏠 Found 1
[PING-PI] ❌ No pong from homebase C554CE816A718CDE (msgId=5ad22cbc-6dc6-4cf1-8f88-be07c03dd30d)
[PING-ESP] Considering HB IDs: [ 'C554CE816A718CDE' ]
[PING-ESP] Online HB IDs: []
[PING-ESP] 🚫 Skipping ESP pings (DB offline) hb=C554CE816A718CDE
[PING] ✅ All pings dispatched

[PING] 🔁 Tick — 2025-08-02T04:04:00.014Z
[PING] 🏠 Found 1
[PING-PI] ❌ No pong from homebase C554CE816A718CDE (msgId=0e85be51-9bb9-4fd6-9ac4-bfa4ed6b78e9)
[PING-ESP] Considering HB IDs: [ 'C554CE816A718CDE' ]
[PING-ESP] Online HB IDs: []
[PING-ESP] 🚫 Skipping ESP pings (DB offline) hb=C554CE816A718CDE
[PING] ✅ All pings dispatched

[PING] 🔁 Tick — 2025-08-02T04:05:00.018Z
[CRON] 2025-08-02T04:05:00.021Z — dow=6, bucket=1
[PING] 🏠 Found 1
[CRON] ▶ ON  slots to start/continue: 0
[CRON] ▶ OFF slots to stop        : 0
[CRON] ✓ pass complete

[PING-PI] ❌ No pong from homebase C554CE816A718CDE (msgId=d367f751-77d6-45cf-854d-7748ce04644f)
[PING-ESP] Considering HB IDs: [ 'C554CE816A718CDE' ]
[PING-ESP] Online HB IDs: []
[PING-ESP] 🚫 Skipping ESP pings (DB offline) hb=C554CE816A718CDE
[PING] ✅ All pings dispatched

[PING] 🔁 Tick — 2025-08-02T04:06:00.016Z
[PING] 🏠 Found 1
[PING-PI] ❌ No pong from homebase C554CE816A718CDE (msgId=df154fb4-4b53-4aad-b1c8-240399b9a37c)
[PING-ESP] Considering HB IDs: [ 'C554CE816A718CDE' ]
[PING-ESP] Online HB IDs: []
[PING-ESP] 🚫 Skipping ESP pings (DB offline) hb=C554CE816A718CDE
[PING] ✅ All pings dispatched

[PING] 🔁 Tick — 2025-08-02T04:07:00.022Z
[PING] 🏠 Found 1
[PING-PI] ❌ No pong from homebase C554CE816A718CDE (msgId=d59c624e-9b8c-480e-8a27-619d4c5d4209)
[PING-ESP] Considering HB IDs: [ 'C554CE816A718CDE' ]
[PING-ESP] Online HB IDs: []
[PING-ESP] 🚫 Skipping ESP pings (DB offline) hb=C554CE816A718CDE
[PING] ✅ All pings dispatched

[PING] 🔁 Tick — 2025-08-02T04:08:00.022Z
[PING] 🏠 Found 1
[PING-PI] ❌ No pong from homebase C554CE816A718CDE (msgId=03ecca96-b7d5-4893-80d1-f9fe4a0adcd8)
[PING-ESP] Considering HB IDs: [ 'C554CE816A718CDE' ]
[PING-ESP] Online HB IDs: []
[PING-ESP] 🚫 Skipping ESP pings (DB offline) hb=C554CE816A718CDE
[PING] ✅ All pings dispatched

[PING] 🔁 Tick — 2025-08-02T04:09:00.013Z
[PING] 🏠 Found 1
[PING-PI] ❌ No pong from homebase C554CE816A718CDE (msgId=60ef5dc3-78b8-44df-8beb-21ed7fa28042)
[PING-ESP] Considering HB IDs: [ 'C554CE816A718CDE' ]
[PING-ESP] Online HB IDs: []
[PING-ESP] 🚫 Skipping ESP pings (DB offline) hb=C554CE816A718CDE
[PING] ✅ All pings dispatched

[WS-PI] 🔌 closed homebase C554CE816A718CDE (code 1006, reason: )
[PING] 🔁 Tick — 2025-08-02T04:10:00.015Z
[CRON] 2025-08-02T04:10:00.016Z — dow=6, bucket=2
[PING] 🏠 Found 1
[PING-PI] ❌ Could not reach homebase C554CE816A718CDE
[CRON] ▶ ON  slots to start/continue: 0
[CRON] ▶ OFF slots to stop        : 0
[CRON] ✓ pass complete

[PING-ESP] Considering HB IDs: [ 'C554CE816A718CDE' ]
[PING-ESP] Online HB IDs: []
[PING-ESP] 🚫 Skipping ESP pings (DB offline) hb=C554CE816A718CDE
[PING] ✅ All pings dispatched

[PING] 🔁 Tick — 2025-08-02T04:11:00.021Z
[PING] 🏠 Found 1
[PING-PI] ❌ Could not reach homebase C554CE816A718CDE
[PING-ESP] Considering HB IDs: [ 'C554CE816A718CDE' ]
[PING-ESP] Online HB IDs: []
[PING-ESP] 🚫 Skipping ESP pings (DB offline) hb=C554CE816A718CDE
[PING] ✅ All pings dispatched

[PING] 🔁 Tick — 2025-08-02T04:12:00.022Z
[PING] 🏠 Found 1
[PING-PI] ❌ Could not reach homebase C554CE816A718CDE
[PING-ESP] Considering HB IDs: [ 'C554CE816A718CDE' ]
[PING-ESP] Online HB IDs: []
[PING-ESP] 🚫 Skipping ESP pings (DB offline) hb=C554CE816A718CDE
[PING] ✅ All pings dispatched

[PING] 🔁 Tick — 2025-08-02T04:13:00.016Z
[PING] 🏠 Found 1
[PING-PI] ❌ Could not reach homebase C554CE816A718CDE
[PING-ESP] Considering HB IDs: [ 'C554CE816A718CDE' ]
[PING-ESP] Online HB IDs: []
[PING-ESP] 🚫 Skipping ESP pings (DB offline) hb=C554CE816A718CDE
[PING] ✅ All pings dispatched

[PING] 🔁 Tick — 2025-08-02T04:14:00.017Z
[PING] 🏠 Found 1
[PING-PI] ❌ Could not reach homebase C554CE816A718CDE
[PING-ESP] Considering HB IDs: [ 'C554CE816A718CDE' ]
[PING-ESP] Online HB IDs: []
[PING-ESP] 🚫 Skipping ESP pings (DB offline) hb=C554CE816A718CDE
[PING] ✅ All pings dispatched

[CRON] 2025-08-02T04:15:00.019Z — dow=6, bucket=3
[PING] 🔁 Tick — 2025-08-02T04:15:00.023Z
[PING] 🏠 Found 1
[PING-PI] ❌ Could not reach homebase C554CE816A718CDE
[PING-ESP] Considering HB IDs: [ 'C554CE816A718CDE' ]
[PING-ESP] Online HB IDs: []
[PING-ESP] 🚫 Skipping ESP pings (DB offline) hb=C554CE816A718CDE
[PING] ✅ All pings dispatched

[CRON] ▶ ON  slots to start/continue: 0
[CRON] ▶ OFF slots to stop        : 0
[CRON] ✓ pass complete

[PING] 🔁 Tick — 2025-08-02T04:16:00.016Z
[PING] 🏠 Found 1
[PING-PI] ❌ Could not reach homebase C554CE816A718CDE
[PING-ESP] Considering HB IDs: [ 'C554CE816A718CDE' ]
[PING-ESP] Online HB IDs: []
[PING-ESP] 🚫 Skipping ESP pings (DB offline) hb=C554CE816A718CDE
[PING] ✅ All pings dispatched

[PING] 🔁 Tick — 2025-08-02T04:17:00.015Z
[PING] 🏠 Found 1
[PING-PI] ❌ Could not reach homebase C554CE816A718CDE
[PING-ESP] Considering HB IDs: [ 'C554CE816A718CDE' ]
[PING-ESP] Online HB IDs: []
[PING-ESP] 🚫 Skipping ESP pings (DB offline) hb=C554CE816A718CDE
[PING] ✅ All pings dispatched

[PING] 🔁 Tick — 2025-08-02T04:18:00.021Z
[PING] 🏠 Found 1
[PING-PI] ❌ Could not reach homebase C554CE816A718CDE
[PING-ESP] Considering HB IDs: [ 'C554CE816A718CDE' ]
[PING-ESP] Online HB IDs: []
[PING-ESP] 🚫 Skipping ESP pings (DB offline) hb=C554CE816A718CDE
[PING] ✅ All pings dispatched

[PING] 🔁 Tick — 2025-08-02T04:19:00.013Z
[PING] 🏠 Found 1
[PING-PI] ❌ Could not reach homebase C554CE816A718CDE
[PING-ESP] Considering HB IDs: [ 'C554CE816A718CDE' ]
[PING-ESP] Online HB IDs: []
[PING-ESP] 🚫 Skipping ESP pings (DB offline) hb=C554CE816A718CDE
[PING] ✅ All pings dispatched

[CRON] 2025-08-02T04:20:00.020Z — dow=6, bucket=4
[PING] 🔁 Tick — 2025-08-02T04:20:00.021Z
[CRON] ▶ ON  slots to start/continue: 0
[PING] 🏠 Found 1
[PING-PI] ❌ Could not reach homebase C554CE816A718CDE
[CRON] ▶ OFF slots to stop        : 0
[CRON] ✓ pass complete

[PING-ESP] Considering HB IDs: [ 'C554CE816A718CDE' ]
[PING-ESP] Online HB IDs: []
[PING-ESP] 🚫 Skipping ESP pings (DB offline) hb=C554CE816A718CDE
[PING] ✅ All pings dispatched

[PING] 🔁 Tick — 2025-08-02T04:21:00.016Z
[PING] 🏠 Found 1
[PING-PI] ❌ Could not reach homebase C554CE816A718CDE
[PING-ESP] Considering HB IDs: [ 'C554CE816A718CDE' ]
[PING-ESP] Online HB IDs: []
[PING-ESP] 🚫 Skipping ESP pings (DB offline) hb=C554CE816A718CDE
[PING] ✅ All pings dispatched

[PING] 🔁 Tick — 2025-08-02T04:22:00.021Z
[PING] 🏠 Found 1
[PING-PI] ❌ Could not reach homebase C554CE816A718CDE
[PING-ESP] Considering HB IDs: [ 'C554CE816A718CDE' ]
[PING-ESP] Online HB IDs: []
[PING-ESP] 🚫 Skipping ESP pings (DB offline) hb=C554CE816A718CDE
[PING] ✅ All pings dispatched

[PING] 🔁 Tick — 2025-08-02T04:23:00.012Z
[PING] 🏠 Found 1
[PING-PI] ❌ Could not reach homebase C554CE816A718CDE
[PING-ESP] Considering HB IDs: [ 'C554CE816A718CDE' ]
[PING-ESP] Online HB IDs: []
[PING-ESP] 🚫 Skipping ESP pings (DB offline) hb=C554CE816A718CDE
[PING] ✅ All pings dispatched

[PING] 🔁 Tick — 2025-08-02T04:24:00.015Z
[PING] 🏠 Found 1
[PING-PI] ❌ Could not reach homebase C554CE816A718CDE
[PING-ESP] Considering HB IDs: [ 'C554CE816A718CDE' ]
[PING-ESP] Online HB IDs: []
[PING-ESP] 🚫 Skipping ESP pings (DB offline) hb=C554CE816A718CDE
[PING] ✅ All pings dispatched

[CRON] 2025-08-02T04:25:00.012Z — dow=6, bucket=5
[PING] 🔁 Tick — 2025-08-02T04:25:00.014Z
[PING] 🏠 Found 1
[PING-PI] ❌ Could not reach homebase C554CE816A718CDE
[PING-ESP] Considering HB IDs: [ 'C554CE816A718CDE' ]
[PING-ESP] Online HB IDs: []
[PING-ESP] 🚫 Skipping ESP pings (DB offline) hb=C554CE816A718CDE
[PING] ✅ All pings dispatched

[CRON] ▶ ON  slots to start/continue: 0
[CRON] ▶ OFF slots to stop        : 0
[CRON] ✓ pass complete

[PING] 🔁 Tick — 2025-08-02T04:26:00.015Z
[PING] 🏠 Found 1
[PING-PI] ❌ Could not reach homebase C554CE816A718CDE
[PING-ESP] Considering HB IDs: [ 'C554CE816A718CDE' ]
[PING-ESP] Online HB IDs: []
[PING-ESP] 🚫 Skipping ESP pings (DB offline) hb=C554CE816A718CDE
[PING] ✅ All pings dispatched

[PING] 🔁 Tick — 2025-08-02T04:27:00.015Z
[PING] 🏠 Found 1
[PING-PI] ❌ Could not reach homebase C554CE816A718CDE
[PING-ESP] Considering HB IDs: [ 'C554CE816A718CDE' ]
[PING-ESP] Online HB IDs: []
[PING-ESP] 🚫 Skipping ESP pings (DB offline) hb=C554CE816A718CDE
[PING] ✅ All pings dispatched

[PING] 🔁 Tick — 2025-08-02T04:28:00.016Z
[PING] 🏠 Found 1
[PING-PI] ❌ Could not reach homebase C554CE816A718CDE
[PING-ESP] Considering HB IDs: [ 'C554CE816A718CDE' ]
[PING-ESP] Online HB IDs: []
[PING-ESP] 🚫 Skipping ESP pings (DB offline) hb=C554CE816A718CDE
[PING] ✅ All pings dispatched

[PING] 🔁 Tick — 2025-08-02T04:29:00.016Z
[PING] 🏠 Found 1
[PING-PI] ❌ Could not reach homebase C554CE816A718CDE
[PING-ESP] Considering HB IDs: [ 'C554CE816A718CDE' ]
[PING-ESP] Online HB IDs: []
[PING-ESP] 🚫 Skipping ESP pings (DB offline) hb=C554CE816A718CDE
[PING] ✅ All pings dispatched

[CRON] 2025-08-02T04:30:00.019Z — dow=6, bucket=6
[PING] 🔁 Tick — 2025-08-02T04:30:00.021Z
[CRON] ▶ ON  slots to start/continue: 0
[PING] 🏠 Found 1
[PING-PI] ❌ Could not reach homebase C554CE816A718CDE
[PING-ESP] Considering HB IDs: [ 'C554CE816A718CDE' ]
[PING-ESP] Online HB IDs: []
[PING-ESP] 🚫 Skipping ESP pings (DB offline) hb=C554CE816A718CDE
[PING] ✅ All pings dispatched

[CRON] ▶ OFF slots to stop        : 0
[CRON] ✓ pass complete

[PING] 🔁 Tick — 2025-08-02T04:31:00.015Z
[PING] 🏠 Found 1
[PING-PI] ❌ Could not reach homebase C554CE816A718CDE
[PING-ESP] Considering HB IDs: [ 'C554CE816A718CDE' ]
[PING-ESP] Online HB IDs: []
[PING-ESP] 🚫 Skipping ESP pings (DB offline) hb=C554CE816A718CDE
[PING] ✅ All pings dispatched

[PING] 🔁 Tick — 2025-08-02T04:32:00.021Z
[PING] 🏠 Found 1
[PING-PI] ❌ Could not reach homebase C554CE816A718CDE
[PING-ESP] Considering HB IDs: [ 'C554CE816A718CDE' ]
[PING-ESP] Online HB IDs: []
[PING-ESP] 🚫 Skipping ESP pings (DB offline) hb=C554CE816A718CDE
[PING] ✅ All pings dispatched

[PING] 🔁 Tick — 2025-08-02T04:33:00.012Z
[PING] 🏠 Found 1
[PING-PI] ❌ Could not reach homebase C554CE816A718CDE
[PING-ESP] Considering HB IDs: [ 'C554CE816A718CDE' ]
[PING-ESP] Online HB IDs: []
[PING-ESP] 🚫 Skipping ESP pings (DB offline) hb=C554CE816A718CDE
[PING] ✅ All pings dispatched

[PING] 🔁 Tick — 2025-08-02T04:34:00.015Z
[PING] 🏠 Found 1
[PING-PI] ❌ Could not reach homebase C554CE816A718CDE
[PING-ESP] Considering HB IDs: [ 'C554CE816A718CDE' ]
[PING-ESP] Online HB IDs: []
[PING-ESP] 🚫 Skipping ESP pings (DB offline) hb=C554CE816A718CDE
[PING] ✅ All pings dispatched

[CRON] 2025-08-02T04:35:00.019Z — dow=6, bucket=7
[PING] 🔁 Tick — 2025-08-02T04:35:00.020Z
[CRON] ▶ ON  slots to start/continue: 0
[PING] 🏠 Found 1
[PING-PI] ❌ Could not reach homebase C554CE816A718CDE
[CRON] ▶ OFF slots to stop        : 0
[CRON] ✓ pass complete

[PING-ESP] Considering HB IDs: [ 'C554CE816A718CDE' ]
[PING-ESP] Online HB IDs: []
[PING-ESP] 🚫 Skipping ESP pings (DB offline) hb=C554CE816A718CDE
[PING] ✅ All pings dispatched

[PING] 🔁 Tick — 2025-08-02T04:36:00.016Z
[PING] 🏠 Found 1
[PING-PI] ❌ Could not reach homebase C554CE816A718CDE
[PING-ESP] Considering HB IDs: [ 'C554CE816A718CDE' ]
[PING-ESP] Online HB IDs: []
[PING-ESP] 🚫 Skipping ESP pings (DB offline) hb=C554CE816A718CDE
[PING] ✅ All pings dispatched

[PING] 🔁 Tick — 2025-08-02T04:37:00.013Z
[PING] 🏠 Found 1
[PING-PI] ❌ Could not reach homebase C554CE816A718CDE
[PING-ESP] Considering HB IDs: [ 'C554CE816A718CDE' ]
[PING-ESP] Online HB IDs: []
[PING-ESP] 🚫 Skipping ESP pings (DB offline) hb=C554CE816A718CDE
[PING] ✅ All pings dispatched

[PING] 🔁 Tick — 2025-08-02T04:38:00.016Z
[PING] 🏠 Found 1
[PING-PI] ❌ Could not reach homebase C554CE816A718CDE
[PING-ESP] Considering HB IDs: [ 'C554CE816A718CDE' ]
[PING-ESP] Online HB IDs: []
[PING-ESP] 🚫 Skipping ESP pings (DB offline) hb=C554CE816A718CDE
[PING] ✅ All pings dispatched

[PING] 🔁 Tick — 2025-08-02T04:39:00.016Z
[PING] 🏠 Found 1
[PING-PI] ❌ Could not reach homebase C554CE816A718CDE
[PING-ESP] Considering HB IDs: [ 'C554CE816A718CDE' ]
[PING-ESP] Online HB IDs: []
[PING-ESP] 🚫 Skipping ESP pings (DB offline) hb=C554CE816A718CDE
[PING] ✅ All pings dispatched

[CRON] 2025-08-02T04:40:00.022Z — dow=6, bucket=8
[PING] 🔁 Tick — 2025-08-02T04:40:00.025Z
[PING] 🏠 Found 1
[PING-PI] ❌ Could not reach homebase C554CE816A718CDE
[CRON] ▶ ON  slots to start/continue: 0
[CRON] ▶ OFF slots to stop        : 0
[CRON] ✓ pass complete

[PING-ESP] Considering HB IDs: [ 'C554CE816A718CDE' ]
[PING-ESP] Online HB IDs: []
[PING-ESP] 🚫 Skipping ESP pings (DB offline) hb=C554CE816A718CDE
[PING] ✅ All pings dispatched

[PING] 🔁 Tick — 2025-08-02T04:41:00.022Z
[PING] 🏠 Found 1
[PING-PI] ❌ Could not reach homebase C554CE816A718CDE
[PING-ESP] Considering HB IDs: [ 'C554CE816A718CDE' ]
[PING-ESP] Online HB IDs: []
[PING-ESP] 🚫 Skipping ESP pings (DB offline) hb=C554CE816A718CDE
[PING] ✅ All pings dispatched

[PING] 🔁 Tick — 2025-08-02T04:42:00.016Z
[PING] 🏠 Found 1
[PING-PI] ❌ Could not reach homebase C554CE816A718CDE
[PING-ESP] Considering HB IDs: [ 'C554CE816A718CDE' ]
[PING-ESP] Online HB IDs: []
[PING-ESP] 🚫 Skipping ESP pings (DB offline) hb=C554CE816A718CDE
[PING] ✅ All pings dispatched

[PING] 🔁 Tick — 2025-08-02T04:43:00.021Z
[PING] 🏠 Found 1
[PING-PI] ❌ Could not reach homebase C554CE816A718CDE
[PING-ESP] Considering HB IDs: [ 'C554CE816A718CDE' ]
[PING-ESP] Online HB IDs: []
[PING-ESP] 🚫 Skipping ESP pings (DB offline) hb=C554CE816A718CDE
[PING] ✅ All pings dispatched

[PING] 🔁 Tick — 2025-08-02T04:44:00.020Z
[PING] 🏠 Found 1
[PING-PI] ❌ Could not reach homebase C554CE816A718CDE
[PING-ESP] Considering HB IDs: [ 'C554CE816A718CDE' ]
[PING-ESP] Online HB IDs: []
[PING-ESP] 🚫 Skipping ESP pings (DB offline) hb=C554CE816A718CDE
[PING] ✅ All pings dispatched

[PING] 🔁 Tick — 2025-08-02T04:45:00.025Z
[CRON] 2025-08-02T04:45:00.028Z — dow=6, bucket=9
[CRON] ▶ ON  slots to start/continue: 0
[PING] 🏠 Found 1
[PING-PI] ❌ Could not reach homebase C554CE816A718CDE
[CRON] ▶ OFF slots to stop        : 0
[CRON] ✓ pass complete

[PING-ESP] Considering HB IDs: [ 'C554CE816A718CDE' ]
[PING-ESP] Online HB IDs: []
[PING-ESP] 🚫 Skipping ESP pings (DB offline) hb=C554CE816A718CDE
[PING] ✅ All pings dispatched

[PING] 🔁 Tick — 2025-08-02T04:46:00.012Z
[PING] 🏠 Found 1
[PING-PI] ❌ Could not reach homebase C554CE816A718CDE
[PING-ESP] Considering HB IDs: [ 'C554CE816A718CDE' ]
[PING-ESP] Online HB IDs: []
[PING-ESP] 🚫 Skipping ESP pings (DB offline) hb=C554CE816A718CDE
[PING] ✅ All pings dispatched

[PING] 🔁 Tick — 2025-08-02T04:47:00.015Z
[PING] 🏠 Found 1
[PING-PI] ❌ Could not reach homebase C554CE816A718CDE
[PING-ESP] Considering HB IDs: [ 'C554CE816A718CDE' ]
[PING-ESP] Online HB IDs: []
[PING-ESP] 🚫 Skipping ESP pings (DB offline) hb=C554CE816A718CDE
[PING] ✅ All pings dispatched

[PING] 🔁 Tick — 2025-08-02T04:48:00.014Z
[PING] 🏠 Found 1
[PING-PI] ❌ Could not reach homebase C554CE816A718CDE
[PING-ESP] Considering HB IDs: [ 'C554CE816A718CDE' ]
[PING-ESP] Online HB IDs: []
[PING-ESP] 🚫 Skipping ESP pings (DB offline) hb=C554CE816A718CDE
[PING] ✅ All pings dispatched

[PING] 🔁 Tick — 2025-08-02T04:49:00.015Z
[PING] 🏠 Found 1
[PING-PI] ❌ Could not reach homebase C554CE816A718CDE
[PING-ESP] Considering HB IDs: [ 'C554CE816A718CDE' ]
[PING-ESP] Online HB IDs: []
[PING-ESP] 🚫 Skipping ESP pings (DB offline) hb=C554CE816A718CDE
[PING] ✅ All pings dispatched

[CRON] 2025-08-02T04:50:00.024Z — dow=6, bucket=10
[PING] 🔁 Tick — 2025-08-02T04:50:00.025Z
[PING] 🏠 Found 1
[PING-PI] ❌ Could not reach homebase C554CE816A718CDE
[CRON] ▶ ON  slots to start/continue: 0
[CRON] ▶ OFF slots to stop        : 0
[CRON] ✓ pass complete

[PING-ESP] Considering HB IDs: [ 'C554CE816A718CDE' ]
[PING-ESP] Online HB IDs: []
[PING-ESP] 🚫 Skipping ESP pings (DB offline) hb=C554CE816A718CDE
[PING] ✅ All pings dispatched

[PING] 🔁 Tick — 2025-08-02T04:51:00.013Z
[PING] 🏠 Found 1
[PING-PI] ❌ Could not reach homebase C554CE816A718CDE
[PING-ESP] Considering HB IDs: [ 'C554CE816A718CDE' ]
[PING-ESP] Online HB IDs: []
[PING-ESP] 🚫 Skipping ESP pings (DB offline) hb=C554CE816A718CDE
[PING] ✅ All pings dispatched

[PING] 🔁 Tick — 2025-08-02T04:52:00.006Z
[PING] 🏠 Found 1
[PING-PI] ❌ Could not reach homebase C554CE816A718CDE
[PING-ESP] Considering HB IDs: [ 'C554CE816A718CDE' ]
[PING-ESP] Online HB IDs: []
[PING-ESP] 🚫 Skipping ESP pings (DB offline) hb=C554CE816A718CDE
[PING] ✅ All pings dispatched

[PING] 🔁 Tick — 2025-08-02T04:53:00.016Z
[PING] 🏠 Found 1
[PING-PI] ❌ Could not reach homebase C554CE816A718CDE
[PING-ESP] Considering HB IDs: [ 'C554CE816A718CDE' ]
[PING-ESP] Online HB IDs: []
[PING-ESP] 🚫 Skipping ESP pings (DB offline) hb=C554CE816A718CDE
[PING] ✅ All pings dispatched

[PING] 🔁 Tick — 2025-08-02T04:54:00.016Z
[PING] 🏠 Found 1
[PING-PI] ❌ Could not reach homebase C554CE816A718CDE
[PING-ESP] Considering HB IDs: [ 'C554CE816A718CDE' ]
[PING-ESP] Online HB IDs: []
[PING-ESP] 🚫 Skipping ESP pings (DB offline) hb=C554CE816A718CDE
[PING] ✅ All pings dispatched

[CRON] 2025-08-02T04:55:00.019Z — dow=6, bucket=11
[PING] 🔁 Tick — 2025-08-02T04:55:00.020Z
[PING] 🏠 Found 1
[PING-PI] ❌ Could not reach homebase C554CE816A718CDE
[PING-ESP] Considering HB IDs: [ 'C554CE816A718CDE' ]
[PING-ESP] Online HB IDs: []
[PING-ESP] 🚫 Skipping ESP pings (DB offline) hb=C554CE816A718CDE
[PING] ✅ All pings dispatched

[CRON] ▶ ON  slots to start/continue: 0
[CRON] ▶ OFF slots to stop        : 0
[CRON] ✓ pass complete

[PING] 🔁 Tick — 2025-08-02T04:56:00.017Z
[PING] 🏠 Found 1
[PING-PI] ❌ Could not reach homebase C554CE816A718CDE
[PING-ESP] Considering HB IDs: [ 'C554CE816A718CDE' ]
[PING-ESP] Online HB IDs: []
[PING-ESP] 🚫 Skipping ESP pings (DB offline) hb=C554CE816A718CDE
[PING] ✅ All pings dispatched

[PING] 🔁 Tick — 2025-08-02T04:57:00.016Z
[PING] 🏠 Found 1
[PING-PI] ❌ Could not reach homebase C554CE816A718CDE
[PING-ESP] Considering HB IDs: [ 'C554CE816A718CDE' ]
[PING-ESP] Online HB IDs: []
[PING-ESP] 🚫 Skipping ESP pings (DB offline) hb=C554CE816A718CDE
[PING] ✅ All pings dispatched

[PING] 🔁 Tick — 2025-08-02T04:58:00.015Z
[PING] 🏠 Found 1
[PING-PI] ❌ Could not reach homebase C554CE816A718CDE
[PING-ESP] Considering HB IDs: [ 'C554CE816A718CDE' ]
[PING-ESP] Online HB IDs: []
[PING-ESP] 🚫 Skipping ESP pings (DB offline) hb=C554CE816A718CDE
[PING] ✅ All pings dispatched

[PING] 🔁 Tick — 2025-08-02T04:59:00.023Z
[PING] 🏠 Found 1
[PING-PI] ❌ Could not reach homebase C554CE816A718CDE
[PING-ESP] Considering HB IDs: [ 'C554CE816A718CDE' ]
[PING-ESP] Online HB IDs: []
[PING-ESP] 🚫 Skipping ESP pings (DB offline) hb=C554CE816A718CDE
[PING] ✅ All pings dispatched

[PING] 🔁 Tick — 2025-08-02T05:00:00.020Z
[CRON] 2025-08-02T05:00:00.020Z — dow=6, bucket=12
[PING] 🏠 Found 1
[PING-PI] ❌ Could not reach homebase C554CE816A718CDE
[CRON] ▶ ON  slots to start/continue: 0
[CRON] ▶ OFF slots to stop        : 0
[CRON] ✓ pass complete

[PING-ESP] Considering HB IDs: [ 'C554CE816A718CDE' ]
[PING-ESP] Online HB IDs: []
[PING-ESP] 🚫 Skipping ESP pings (DB offline) hb=C554CE816A718CDE
[PING] ✅ All pings dispatched

[PING] 🔁 Tick — 2025-08-02T05:01:00.015Z
[PING] 🏠 Found 1
[PING-PI] ❌ Could not reach homebase C554CE816A718CDE
[PING-ESP] Considering HB IDs: [ 'C554CE816A718CDE' ]
[PING-ESP] Online HB IDs: []
[PING-ESP] 🚫 Skipping ESP pings (DB offline) hb=C554CE816A718CDE
[PING] ✅ All pings dispatched

[PING] 🔁 Tick — 2025-08-02T05:02:00.015Z
[PING] 🏠 Found 1
[PING-PI] ❌ Could not reach homebase C554CE816A718CDE
[PING-ESP] Considering HB IDs: [ 'C554CE816A718CDE' ]
[PING-ESP] Online HB IDs: []
[PING-ESP] 🚫 Skipping ESP pings (DB offline) hb=C554CE816A718CDE
[PING] ✅ All pings dispatched

[PING] 🔁 Tick — 2025-08-02T05:03:00.020Z
[PING] 🏠 Found 1
[PING-PI] ❌ Could not reach homebase C554CE816A718CDE
[PING-ESP] Considering HB IDs: [ 'C554CE816A718CDE' ]
[PING-ESP] Online HB IDs: []
[PING-ESP] 🚫 Skipping ESP pings (DB offline) hb=C554CE816A718CDE
[PING] ✅ All pings dispatched

[PING] 🔁 Tick — 2025-08-02T05:04:00.016Z
[PING] 🏠 Found 1
[PING-PI] ❌ Could not reach homebase C554CE816A718CDE
[PING-ESP] Considering HB IDs: [ 'C554CE816A718CDE' ]
[PING-ESP] Online HB IDs: []
[PING-ESP] 🚫 Skipping ESP pings (DB offline) hb=C554CE816A718CDE
[PING] ✅ All pings dispatched

[CRON] 2025-08-02T05:05:00.019Z — dow=6, bucket=13
[PING] 🔁 Tick — 2025-08-02T05:05:00.023Z
[PING] 🏠 Found 1
[PING-PI] ❌ Could not reach homebase C554CE816A718CDE
[PING-ESP] Considering HB IDs: [ 'C554CE816A718CDE' ]
[PING-ESP] Online HB IDs: []
[PING-ESP] 🚫 Skipping ESP pings (DB offline) hb=C554CE816A718CDE
[PING] ✅ All pings dispatched

[CRON] ▶ ON  slots to start/continue: 0
[CRON] ▶ OFF slots to stop        : 0
[CRON] ✓ pass complete

[PING] 🔁 Tick — 2025-08-02T05:06:00.012Z
[PING] 🏠 Found 1
[PING-PI] ❌ Could not reach homebase C554CE816A718CDE
[PING-ESP] Considering HB IDs: [ 'C554CE816A718CDE' ]
[PING-ESP] Online HB IDs: []
[PING-ESP] 🚫 Skipping ESP pings (DB offline) hb=C554CE816A718CDE
[PING] ✅ All pings dispatched

[PING] 🔁 Tick — 2025-08-02T05:07:00.021Z
[PING] 🏠 Found 1
[PING-PI] ❌ Could not reach homebase C554CE816A718CDE
[PING-ESP] Considering HB IDs: [ 'C554CE816A718CDE' ]
[PING-ESP] Online HB IDs: []
[PING-ESP] 🚫 Skipping ESP pings (DB offline) hb=C554CE816A718CDE
[PING] ✅ All pings dispatched

[PING] 🔁 Tick — 2025-08-02T05:08:00.015Z
[PING] 🏠 Found 1
[PING-PI] ❌ Could not reach homebase C554CE816A718CDE
[PING-ESP] Considering HB IDs: [ 'C554CE816A718CDE' ]
[PING-ESP] Online HB IDs: []
[PING-ESP] 🚫 Skipping ESP pings (DB offline) hb=C554CE816A718CDE
[PING] ✅ All pings dispatched

[PING] 🔁 Tick — 2025-08-02T05:09:00.012Z
[PING] 🏠 Found 1
[PING-PI] ❌ Could not reach homebase C554CE816A718CDE
[PING-ESP] Considering HB IDs: [ 'C554CE816A718CDE' ]
[PING-ESP] Online HB IDs: []
[PING-ESP] 🚫 Skipping ESP pings (DB offline) hb=C554CE816A718CDE
[PING] ✅ All pings dispatched

[PING] 🔁 Tick — 2025-08-02T05:10:00.020Z
[CRON] 2025-08-02T05:10:00.021Z — dow=6, bucket=14
[PING] 🏠 Found 1
[PING-PI] ❌ Could not reach homebase C554CE816A718CDE
[CRON] ▶ ON  slots to start/continue: 0
[CRON] ▶ OFF slots to stop        : 0
[CRON] ✓ pass complete

[PING-ESP] Considering HB IDs: [ 'C554CE816A718CDE' ]
[PING-ESP] Online HB IDs: []
[PING-ESP] 🚫 Skipping ESP pings (DB offline) hb=C554CE816A718CDE
[PING] ✅ All pings dispatched

[PING] 🔁 Tick — 2025-08-02T05:11:00.013Z
[PING] 🏠 Found 1
[PING-PI] ❌ Could not reach homebase C554CE816A718CDE
[PING-ESP] Considering HB IDs: [ 'C554CE816A718CDE' ]
[PING-ESP] Online HB IDs: []
[PING-ESP] 🚫 Skipping ESP pings (DB offline) hb=C554CE816A718CDE
[PING] ✅ All pings dispatched

[PING] 🔁 Tick — 2025-08-02T05:12:00.013Z
[PING] 🏠 Found 1
[PING-PI] ❌ Could not reach homebase C554CE816A718CDE
[PING-ESP] Considering HB IDs: [ 'C554CE816A718CDE' ]
[PING-ESP] Online HB IDs: []
[PING-ESP] 🚫 Skipping ESP pings (DB offline) hb=C554CE816A718CDE
[PING] ✅ All pings dispatched

[PING] 🔁 Tick — 2025-08-02T05:13:00.015Z
[PING] 🏠 Found 1
[PING-PI] ❌ Could not reach homebase C554CE816A718CDE
[PING-ESP] Considering HB IDs: [ 'C554CE816A718CDE' ]
[PING-ESP] Online HB IDs: []
[PING-ESP] 🚫 Skipping ESP pings (DB offline) hb=C554CE816A718CDE
[PING] ✅ All pings dispatched

[PING] 🔁 Tick — 2025-08-02T05:14:00.012Z
[PING] 🏠 Found 1
[PING-PI] ❌ Could not reach homebase C554CE816A718CDE
[PING-ESP] Considering HB IDs: [ 'C554CE816A718CDE' ]
[PING-ESP] Online HB IDs: []
[PING-ESP] 🚫 Skipping ESP pings (DB offline) hb=C554CE816A718CDE
[PING] ✅ All pings dispatched

[CRON] 2025-08-02T05:15:00.020Z — dow=6, bucket=15
[PING] 🔁 Tick — 2025-08-02T05:15:00.023Z
[PING] 🏠 Found 1
[PING-PI] ❌ Could not reach homebase C554CE816A718CDE
[PING-ESP] Considering HB IDs: [ 'C554CE816A718CDE' ]
[PING-ESP] Online HB IDs: []
[PING-ESP] 🚫 Skipping ESP pings (DB offline) hb=C554CE816A718CDE
[PING] ✅ All pings dispatched

[CRON] ▶ ON  slots to start/continue: 0
[CRON] ▶ OFF slots to stop        : 0
[CRON] ✓ pass complete

[PING] 🔁 Tick — 2025-08-02T05:16:00.016Z
[PING] 🏠 Found 1
[PING-PI] ❌ Could not reach homebase C554CE816A718CDE
[PING-ESP] Considering HB IDs: [ 'C554CE816A718CDE' ]
[PING-ESP] Online HB IDs: []
[PING-ESP] 🚫 Skipping ESP pings (DB offline) hb=C554CE816A718CDE
[PING] ✅ All pings dispatched

[PING] 🔁 Tick — 2025-08-02T05:17:00.017Z
[PING] 🏠 Found 1
[PING-PI] ❌ Could not reach homebase C554CE816A718CDE
[PING-ESP] Considering HB IDs: [ 'C554CE816A718CDE' ]
[PING-ESP] Online HB IDs: []
[PING-ESP] 🚫 Skipping ESP pings (DB offline) hb=C554CE816A718CDE
[PING] ✅ All pings dispatched

[PING] 🔁 Tick — 2025-08-02T05:18:00.015Z
[PING] 🏠 Found 1
[PING-PI] ❌ Could not reach homebase C554CE816A718CDE
[PING-ESP] Considering HB IDs: [ 'C554CE816A718CDE' ]
[PING-ESP] Online HB IDs: []
[PING-ESP] 🚫 Skipping ESP pings (DB offline) hb=C554CE816A718CDE
[PING] ✅ All pings dispatched

[PING] 🔁 Tick — 2025-08-02T05:19:00.016Z
[PING] 🏠 Found 1
[PING-PI] ❌ Could not reach homebase C554CE816A718CDE
[PING-ESP] Considering HB IDs: [ 'C554CE816A718CDE' ]
[PING-ESP] Online HB IDs: []
[PING-ESP] 🚫 Skipping ESP pings (DB offline) hb=C554CE816A718CDE
[PING] ✅ All pings dispatched

[CRON] 2025-08-02T05:20:00.021Z — dow=6, bucket=16
[PING] 🔁 Tick — 2025-08-02T05:20:00.022Z
[PING] 🏠 Found 1
[PING-PI] ❌ Could not reach homebase C554CE816A718CDE
[CRON] ▶ ON  slots to start/continue: 0
[CRON] ▶ OFF slots to stop        : 0
[CRON] ✓ pass complete

[PING-ESP] Considering HB IDs: [ 'C554CE816A718CDE' ]
[PING-ESP] Online HB IDs: []
[PING-ESP] 🚫 Skipping ESP pings (DB offline) hb=C554CE816A718CDE
[PING] ✅ All pings dispatched

[PING] 🔁 Tick — 2025-08-02T05:21:00.019Z
[PING] 🏠 Found 1
[PING-PI] ❌ Could not reach homebase C554CE816A718CDE
[PING-ESP] Considering HB IDs: [ 'C554CE816A718CDE' ]
[PING-ESP] Online HB IDs: []
[PING-ESP] 🚫 Skipping ESP pings (DB offline) hb=C554CE816A718CDE
[PING] ✅ All pings dispatched

[PING] 🔁 Tick — 2025-08-02T05:22:00.016Z
[PING] 🏠 Found 1
[PING-PI] ❌ Could not reach homebase C554CE816A718CDE
[PING-ESP] Considering HB IDs: [ 'C554CE816A718CDE' ]
[PING-ESP] Online HB IDs: []
[PING-ESP] 🚫 Skipping ESP pings (DB offline) hb=C554CE816A718CDE
[PING] ✅ All pings dispatched

[PING] 🔁 Tick — 2025-08-02T05:23:00.017Z
[PING] 🏠 Found 1
[PING-PI] ❌ Could not reach homebase C554CE816A718CDE
[PING-ESP] Considering HB IDs: [ 'C554CE816A718CDE' ]
[PING-ESP] Online HB IDs: []
[PING-ESP] 🚫 Skipping ESP pings (DB offline) hb=C554CE816A718CDE
[PING] ✅ All pings dispatched

[PING] 🔁 Tick — 2025-08-02T05:24:00.012Z
[PING] 🏠 Found 1
[PING-PI] ❌ Could not reach homebase C554CE816A718CDE
[PING-ESP] Considering HB IDs: [ 'C554CE816A718CDE' ]
[PING-ESP] Online HB IDs: []
[PING-ESP] 🚫 Skipping ESP pings (DB offline) hb=C554CE816A718CDE
[PING] ✅ All pings dispatched

[CRON] 2025-08-02T05:25:00.025Z — dow=6, bucket=17
[PING] 🔁 Tick — 2025-08-02T05:25:00.026Z
[PING] 🏠 Found 1
[PING-PI] ❌ Could not reach homebase C554CE816A718CDE
[CRON] ▶ ON  slots to start/continue: 0
[CRON] ▶ OFF slots to stop        : 0
[CRON] ✓ pass complete

[PING-ESP] Considering HB IDs: [ 'C554CE816A718CDE' ]
[PING-ESP] Online HB IDs: []
[PING-ESP] 🚫 Skipping ESP pings (DB offline) hb=C554CE816A718CDE
[PING] ✅ All pings dispatched

[PING] 🔁 Tick — 2025-08-02T05:26:00.015Z
[PING] 🏠 Found 1
[PING-PI] ❌ Could not reach homebase C554CE816A718CDE
[PING-ESP] Considering HB IDs: [ 'C554CE816A718CDE' ]
[PING-ESP] Online HB IDs: []
[PING-ESP] 🚫 Skipping ESP pings (DB offline) hb=C554CE816A718CDE
[PING] ✅ All pings dispatched

[PING] 🔁 Tick — 2025-08-02T05:27:00.015Z
[PING] 🏠 Found 1
[PING-PI] ❌ Could not reach homebase C554CE816A718CDE
[PING-ESP] Considering HB IDs: [ 'C554CE816A718CDE' ]
[PING-ESP] Online HB IDs: []
[PING-ESP] 🚫 Skipping ESP pings (DB offline) hb=C554CE816A718CDE
[PING] ✅ All pings dispatched

[PING] 🔁 Tick — 2025-08-02T05:28:00.015Z
[PING] 🏠 Found 1
[PING-PI] ❌ Could not reach homebase C554CE816A718CDE
[PING-ESP] Considering HB IDs: [ 'C554CE816A718CDE' ]
[PING-ESP] Online HB IDs: []
[PING-ESP] 🚫 Skipping ESP pings (DB offline) hb=C554CE816A718CDE
[PING] ✅ All pings dispatched

[PING] 🔁 Tick — 2025-08-02T05:29:00.020Z
[PING] 🏠 Found 1
[PING-PI] ❌ Could not reach homebase C554CE816A718CDE
[PING-ESP] Considering HB IDs: [ 'C554CE816A718CDE' ]
[PING-ESP] Online HB IDs: []
[PING-ESP] 🚫 Skipping ESP pings (DB offline) hb=C554CE816A718CDE
[PING] ✅ All pings dispatched

[CRON] 2025-08-02T05:30:00.019Z — dow=6, bucket=18
[PING] 🔁 Tick — 2025-08-02T05:30:00.020Z
[CRON] ▶ ON  slots to start/continue: 0
[PING] 🏠 Found 1
[PING-PI] ❌ Could not reach homebase C554CE816A718CDE
[CRON] ▶ OFF slots to stop        : 0
[CRON] ✓ pass complete

[PING-ESP] Considering HB IDs: [ 'C554CE816A718CDE' ]
[PING-ESP] Online HB IDs: []
[PING-ESP] 🚫 Skipping ESP pings (DB offline) hb=C554CE816A718CDE
[PING] ✅ All pings dispatched

[PING] 🔁 Tick — 2025-08-02T05:31:00.022Z
[PING] 🏠 Found 1
[PING-PI] ❌ Could not reach homebase C554CE816A718CDE
[PING-ESP] Considering HB IDs: [ 'C554CE816A718CDE' ]
[PING-ESP] Online HB IDs: []
[PING-ESP] 🚫 Skipping ESP pings (DB offline) hb=C554CE816A718CDE
[PING] ✅ All pings dispatched

[PING] 🔁 Tick — 2025-08-02T05:32:00.012Z
[PING] 🏠 Found 1
[PING-PI] ❌ Could not reach homebase C554CE816A718CDE
[PING-ESP] Considering HB IDs: [ 'C554CE816A718CDE' ]
[PING-ESP] Online HB IDs: []
[PING-ESP] 🚫 Skipping ESP pings (DB offline) hb=C554CE816A718CDE
[PING] ✅ All pings dispatched

[PING] 🔁 Tick — 2025-08-02T05:33:00.016Z
[PING] 🏠 Found 1
[PING-PI] ❌ Could not reach homebase C554CE816A718CDE
[PING-ESP] Considering HB IDs: [ 'C554CE816A718CDE' ]
[PING-ESP] Online HB IDs: []
[PING-ESP] 🚫 Skipping ESP pings (DB offline) hb=C554CE816A718CDE
[PING] ✅ All pings dispatched

[PING] 🔁 Tick — 2025-08-02T05:34:00.015Z
[PING] 🏠 Found 1
[PING-PI] ❌ Could not reach homebase C554CE816A718CDE
[PING-ESP] Considering HB IDs: [ 'C554CE816A718CDE' ]
[PING-ESP] Online HB IDs: []
[PING-ESP] 🚫 Skipping ESP pings (DB offline) hb=C554CE816A718CDE
[PING] ✅ All pings dispatched

[PING] 🔁 Tick — 2025-08-02T05:35:00.019Z
[CRON] 2025-08-02T05:35:00.020Z — dow=6, bucket=19
[PING] 🏠 Found 1
[PING-PI] ❌ Could not reach homebase C554CE816A718CDE
[PING-ESP] Considering HB IDs: [ 'C554CE816A718CDE' ]
[PING-ESP] Online HB IDs: []
[PING-ESP] 🚫 Skipping ESP pings (DB offline) hb=C554CE816A718CDE
[PING] ✅ All pings dispatched

[CRON] ▶ ON  slots to start/continue: 0
[CRON] ▶ OFF slots to stop        : 0
[CRON] ✓ pass complete

[PING] 🔁 Tick — 2025-08-02T05:36:00.015Z
[PING] 🏠 Found 1
[PING-PI] ❌ Could not reach homebase C554CE816A718CDE
[PING-ESP] Considering HB IDs: [ 'C554CE816A718CDE' ]
[PING-ESP] Online HB IDs: []
[PING-ESP] 🚫 Skipping ESP pings (DB offline) hb=C554CE816A718CDE
[PING] ✅ All pings dispatched

[PING] 🔁 Tick — 2025-08-02T05:37:00.016Z
[PING] 🏠 Found 1
[PING-PI] ❌ Could not reach homebase C554CE816A718CDE
[PING-ESP] Considering HB IDs: [ 'C554CE816A718CDE' ]
[PING-ESP] Online HB IDs: []
[PING-ESP] 🚫 Skipping ESP pings (DB offline) hb=C554CE816A718CDE
[PING] ✅ All pings dispatched

[PING] 🔁 Tick — 2025-08-02T05:38:00.012Z
[PING] 🏠 Found 1
[PING-PI] ❌ Could not reach homebase C554CE816A718CDE
[PING-ESP] Considering HB IDs: [ 'C554CE816A718CDE' ]
[PING-ESP] Online HB IDs: []
[PING-ESP] 🚫 Skipping ESP pings (DB offline) hb=C554CE816A718CDE
[PING] ✅ All pings dispatched

[PING] 🔁 Tick — 2025-08-02T05:39:00.016Z
[PING] 🏠 Found 1
[PING-PI] ❌ Could not reach homebase C554CE816A718CDE
[PING-ESP] Considering HB IDs: [ 'C554CE816A718CDE' ]
[PING-ESP] Online HB IDs: []
[PING-ESP] 🚫 Skipping ESP pings (DB offline) hb=C554CE816A718CDE
[PING] ✅ All pings dispatched

[PING] 🔁 Tick — 2025-08-02T05:40:00.021Z
[CRON] 2025-08-02T05:40:00.022Z — dow=6, bucket=20
[PING] 🏠 Found 1
[PING-PI] ❌ Could not reach homebase C554CE816A718CDE
[CRON] ▶ ON  slots to start/continue: 0
[CRON] ▶ OFF slots to stop        : 0
[CRON] ✓ pass complete

[PING-ESP] Considering HB IDs: [ 'C554CE816A718CDE' ]
[PING-ESP] Online HB IDs: []
[PING-ESP] 🚫 Skipping ESP pings (DB offline) hb=C554CE816A718CDE
[PING] ✅ All pings dispatched

[PING] 🔁 Tick — 2025-08-02T05:41:00.012Z
[PING] 🏠 Found 1
[PING-PI] ❌ Could not reach homebase C554CE816A718CDE
[PING-ESP] Considering HB IDs: [ 'C554CE816A718CDE' ]
[PING-ESP] Online HB IDs: []
[PING-ESP] 🚫 Skipping ESP pings (DB offline) hb=C554CE816A718CDE
[PING] ✅ All pings dispatched

[PING] 🔁 Tick — 2025-08-02T05:42:00.015Z
[PING] 🏠 Found 1
[PING-PI] ❌ Could not reach homebase C554CE816A718CDE
[PING-ESP] Considering HB IDs: [ 'C554CE816A718CDE' ]
[PING-ESP] Online HB IDs: []
[PING-ESP] 🚫 Skipping ESP pings (DB offline) hb=C554CE816A718CDE
[PING] ✅ All pings dispatched

[PING] 🔁 Tick — 2025-08-02T05:43:00.015Z
[PING] 🏠 Found 1
[PING-PI] ❌ Could not reach homebase C554CE816A718CDE
[PING-ESP] Considering HB IDs: [ 'C554CE816A718CDE' ]
[PING-ESP] Online HB IDs: []
[PING-ESP] 🚫 Skipping ESP pings (DB offline) hb=C554CE816A718CDE
[PING] ✅ All pings dispatched

[PING] 🔁 Tick — 2025-08-02T05:44:00.014Z
[PING] 🏠 Found 1
[PING-PI] ❌ Could not reach homebase C554CE816A718CDE
[PING-ESP] Considering HB IDs: [ 'C554CE816A718CDE' ]
[PING-ESP] Online HB IDs: []
[PING-ESP] 🚫 Skipping ESP pings (DB offline) hb=C554CE816A718CDE
[PING] ✅ All pings dispatched

[CRON] 2025-08-02T05:45:00.016Z — dow=6, bucket=21
[PING] 🔁 Tick — 2025-08-02T05:45:00.019Z
[PING] 🏠 Found 1
[PING-PI] ❌ Could not reach homebase C554CE816A718CDE
[PING-ESP] Considering HB IDs: [ 'C554CE816A718CDE' ]
[PING-ESP] Online HB IDs: []
[PING-ESP] 🚫 Skipping ESP pings (DB offline) hb=C554CE816A718CDE
[PING] ✅ All pings dispatched

[CRON] ▶ ON  slots to start/continue: 0
[CRON] ▶ OFF slots to stop        : 0
[CRON] ✓ pass complete

[PING] 🔁 Tick — 2025-08-02T05:46:00.016Z
[PING] 🏠 Found 1
[PING-PI] ❌ Could not reach homebase C554CE816A718CDE
[PING-ESP] Considering HB IDs: [ 'C554CE816A718CDE' ]
[PING-ESP] Online HB IDs: []
[PING-ESP] 🚫 Skipping ESP pings (DB offline) hb=C554CE816A718CDE
[PING] ✅ All pings dispatched

[PING] 🔁 Tick — 2025-08-02T05:47:00.016Z
[PING] 🏠 Found 1
[PING-PI] ❌ Could not reach homebase C554CE816A718CDE
[PING-ESP] Considering HB IDs: [ 'C554CE816A718CDE' ]
[PING-ESP] Online HB IDs: []
[PING-ESP] 🚫 Skipping ESP pings (DB offline) hb=C554CE816A718CDE
[PING] ✅ All pings dispatched

[PING] 🔁 Tick — 2025-08-02T05:48:00.015Z
[PING] 🏠 Found 1
[PING-PI] ❌ Could not reach homebase C554CE816A718CDE
[PING-ESP] Considering HB IDs: [ 'C554CE816A718CDE' ]
[PING-ESP] Online HB IDs: []
[PING-ESP] 🚫 Skipping ESP pings (DB offline) hb=C554CE816A718CDE
[PING] ✅ All pings dispatched

[PING] 🔁 Tick — 2025-08-02T05:49:00.015Z
[PING] 🏠 Found 1
[PING-PI] ❌ Could not reach homebase C554CE816A718CDE
[PING-ESP] Considering HB IDs: [ 'C554CE816A718CDE' ]
[PING-ESP] Online HB IDs: []
[PING-ESP] 🚫 Skipping ESP pings (DB offline) hb=C554CE816A718CDE
[PING] ✅ All pings dispatched

[PING] 🔁 Tick — 2025-08-02T05:50:00.019Z
[CRON] 2025-08-02T05:50:00.020Z — dow=6, bucket=22
[PING] 🏠 Found 1
[PING-PI] ❌ Could not reach homebase C554CE816A718CDE
[CRON] ▶ ON  slots to start/continue: 0
[CRON] ▶ OFF slots to stop        : 0
[CRON] ✓ pass complete

[PING-ESP] Considering HB IDs: [ 'C554CE816A718CDE' ]
[PING-ESP] Online HB IDs: []
[PING-ESP] 🚫 Skipping ESP pings (DB offline) hb=C554CE816A718CDE
[PING] ✅ All pings dispatched

[PING] 🔁 Tick — 2025-08-02T05:51:00.020Z
[PING] 🏠 Found 1
[PING-PI] ❌ Could not reach homebase C554CE816A718CDE
[PING-ESP] Considering HB IDs: [ 'C554CE816A718CDE' ]
[PING-ESP] Online HB IDs: []
[PING-ESP] 🚫 Skipping ESP pings (DB offline) hb=C554CE816A718CDE
[PING] ✅ All pings dispatched

[PING] 🔁 Tick — 2025-08-02T05:52:00.016Z
[PING] 🏠 Found 1
[PING-PI] ❌ Could not reach homebase C554CE816A718CDE
[PING-ESP] Considering HB IDs: [ 'C554CE816A718CDE' ]
[PING-ESP] Online HB IDs: []
[PING-ESP] 🚫 Skipping ESP pings (DB offline) hb=C554CE816A718CDE
[PING] ✅ All pings dispatched

[PING] 🔁 Tick — 2025-08-02T05:53:00.015Z
[PING] 🏠 Found 1
[PING-PI] ❌ Could not reach homebase C554CE816A718CDE
[PING-ESP] Considering HB IDs: [ 'C554CE816A718CDE' ]
[PING-ESP] Online HB IDs: []
[PING-ESP] 🚫 Skipping ESP pings (DB offline) hb=C554CE816A718CDE
[PING] ✅ All pings dispatched

[PING] 🔁 Tick — 2025-08-02T05:54:00.015Z
[PING] 🏠 Found 1
[PING-PI] ❌ Could not reach homebase C554CE816A718CDE
[PING-ESP] Considering HB IDs: [ 'C554CE816A718CDE' ]
[PING-ESP] Online HB IDs: []
[PING-ESP] 🚫 Skipping ESP pings (DB offline) hb=C554CE816A718CDE
[PING] ✅ All pings dispatched

[CRON] 2025-08-02T05:55:00.018Z — dow=6, bucket=23
[PING] 🔁 Tick — 2025-08-02T05:55:00.022Z
[CRON] ▶ ON  slots to start/continue: 0
[CRON] ▶ OFF slots to stop        : 0
[CRON] ✓ pass complete

[PING] 🏠 Found 1
[PING-PI] ❌ Could not reach homebase C554CE816A718CDE
[PING-ESP] Considering HB IDs: [ 'C554CE816A718CDE' ]
[PING-ESP] Online HB IDs: []
[PING-ESP] 🚫 Skipping ESP pings (DB offline) hb=C554CE816A718CDE
[PING] ✅ All pings dispatched

[PING] 🔁 Tick — 2025-08-02T05:56:00.018Z
[PING] 🏠 Found 1
[PING-PI] ❌ Could not reach homebase C554CE816A718CDE
[PING-ESP] Considering HB IDs: [ 'C554CE816A718CDE' ]
[PING-ESP] Online HB IDs: []
[PING-ESP] 🚫 Skipping ESP pings (DB offline) hb=C554CE816A718CDE
[PING] ✅ All pings dispatched

[PING] 🔁 Tick — 2025-08-02T05:57:00.018Z
[PING] 🏠 Found 1
[PING-PI] ❌ Could not reach homebase C554CE816A718CDE
[PING-ESP] Considering HB IDs: [ 'C554CE816A718CDE' ]
[PING-ESP] Online HB IDs: []
[PING-ESP] 🚫 Skipping ESP pings (DB offline) hb=C554CE816A718CDE
[PING] ✅ All pings dispatched

[PING] 🔁 Tick — 2025-08-02T05:58:00.018Z
[PING] 🏠 Found 1
[PING-PI] ❌ Could not reach homebase C554CE816A718CDE
[PING-ESP] Considering HB IDs: [ 'C554CE816A718CDE' ]
[PING-ESP] Online HB IDs: []
[PING-ESP] 🚫 Skipping ESP pings (DB offline) hb=C554CE816A718CDE
[PING] ✅ All pings dispatched

[PING] 🔁 Tick — 2025-08-02T05:59:00.017Z
[PING] 🏠 Found 1
[PING-PI] ❌ Could not reach homebase C554CE816A718CDE
[PING-ESP] Considering HB IDs: [ 'C554CE816A718CDE' ]
[PING-ESP] Online HB IDs: []
[PING-ESP] 🚫 Skipping ESP pings (DB offline) hb=C554CE816A718CDE
[PING] ✅ All pings dispatched

[CRON] 2025-08-02T06:00:00.019Z — dow=6, bucket=24
[PING] 🔁 Tick — 2025-08-02T06:00:00.020Z
[CRON] ▶ ON  slots to start/continue: 0
[PING] 🏠 Found 1
[PING-PI] ❌ Could not reach homebase C554CE816A718CDE
[CRON] ▶ OFF slots to stop        : 0
[CRON] ✓ pass complete

[PING-ESP] Considering HB IDs: [ 'C554CE816A718CDE' ]
[PING-ESP] Online HB IDs: []
[PING-ESP] 🚫 Skipping ESP pings (DB offline) hb=C554CE816A718CDE
[PING] ✅ All pings dispatched

[PING] 🔁 Tick — 2025-08-02T06:01:00.016Z
[PING] 🏠 Found 1
[PING-PI] ❌ Could not reach homebase C554CE816A718CDE
[PING-ESP] Considering HB IDs: [ 'C554CE816A718CDE' ]
[PING-ESP] Online HB IDs: []
[PING-ESP] 🚫 Skipping ESP pings (DB offline) hb=C554CE816A718CDE
[PING] ✅ All pings dispatched

[PING] 🔁 Tick — 2025-08-02T06:02:00.016Z
[PING] 🏠 Found 1
[PING-PI] ❌ Could not reach homebase C554CE816A718CDE
[PING-ESP] Considering HB IDs: [ 'C554CE816A718CDE' ]
[PING-ESP] Online HB IDs: []
[PING-ESP] 🚫 Skipping ESP pings (DB offline) hb=C554CE816A718CDE
[PING] ✅ All pings dispatched

[PING] 🔁 Tick — 2025-08-02T06:03:00.015Z
[PING] 🏠 Found 1
[PING-PI] ❌ Could not reach homebase C554CE816A718CDE
[PING-ESP] Considering HB IDs: [ 'C554CE816A718CDE' ]
[PING-ESP] Online HB IDs: []
[PING-ESP] 🚫 Skipping ESP pings (DB offline) hb=C554CE816A718CDE
[PING] ✅ All pings dispatched

[PING] 🔁 Tick — 2025-08-02T06:04:00.015Z
[PING] 🏠 Found 1
[PING-PI] ❌ Could not reach homebase C554CE816A718CDE
[PING-ESP] Considering HB IDs: [ 'C554CE816A718CDE' ]
[PING-ESP] Online HB IDs: []
[PING-ESP] 🚫 Skipping ESP pings (DB offline) hb=C554CE816A718CDE
[PING] ✅ All pings dispatched

[PING] 🔁 Tick — 2025-08-02T06:05:00.016Z
[CRON] 2025-08-02T06:05:00.017Z — dow=6, bucket=25
[PING] 🏠 Found 1
[PING-PI] ❌ Could not reach homebase C554CE816A718CDE
[PING-ESP] Considering HB IDs: [ 'C554CE816A718CDE' ]
[PING-ESP] Online HB IDs: []
[PING-ESP] 🚫 Skipping ESP pings (DB offline) hb=C554CE816A718CDE
[PING] ✅ All pings dispatched

[CRON] ▶ ON  slots to start/continue: 0
[CRON] ▶ OFF slots to stop        : 0
[CRON] ✓ pass complete

[PING] 🔁 Tick — 2025-08-02T06:06:00.016Z
[PING] 🏠 Found 1
[PING-PI] ❌ Could not reach homebase C554CE816A718CDE
[PING-ESP] Considering HB IDs: [ 'C554CE816A718CDE' ]
[PING-ESP] Online HB IDs: []
[PING-ESP] 🚫 Skipping ESP pings (DB offline) hb=C554CE816A718CDE
[PING] ✅ All pings dispatched

[PING] 🔁 Tick — 2025-08-02T06:07:00.014Z
[PING] 🏠 Found 1
[PING-PI] ❌ Could not reach homebase C554CE816A718CDE
[PING-ESP] Considering HB IDs: [ 'C554CE816A718CDE' ]
[PING-ESP] Online HB IDs: []
[PING-ESP] 🚫 Skipping ESP pings (DB offline) hb=C554CE816A718CDE
[PING] ✅ All pings dispatched

[PING] 🔁 Tick — 2025-08-02T06:08:00.012Z
[PING] 🏠 Found 1
[PING-PI] ❌ Could not reach homebase C554CE816A718CDE
[PING-ESP] Considering HB IDs: [ 'C554CE816A718CDE' ]
[PING-ESP] Online HB IDs: []
[PING-ESP] 🚫 Skipping ESP pings (DB offline) hb=C554CE816A718CDE
[PING] ✅ All pings dispatched

[PING] 🔁 Tick — 2025-08-02T06:09:00.015Z
[PING] 🏠 Found 1
[PING-PI] ❌ Could not reach homebase C554CE816A718CDE
[PING-ESP] Considering HB IDs: [ 'C554CE816A718CDE' ]
[PING-ESP] Online HB IDs: []
[PING-ESP] 🚫 Skipping ESP pings (DB offline) hb=C554CE816A718CDE
[PING] ✅ All pings dispatched

[PING] 🔁 Tick — 2025-08-02T06:10:00.022Z
[CRON] 2025-08-02T06:10:00.022Z — dow=6, bucket=26
[PING] 🏠 Found 1
[PING-PI] ❌ Could not reach homebase C554CE816A718CDE
[CRON] ▶ ON  slots to start/continue: 0
[CRON] ▶ OFF slots to stop        : 0
[CRON] ✓ pass complete

[PING-ESP] Considering HB IDs: [ 'C554CE816A718CDE' ]
[PING-ESP] Online HB IDs: []
[PING-ESP] 🚫 Skipping ESP pings (DB offline) hb=C554CE816A718CDE
[PING] ✅ All pings dispatched

[PING] 🔁 Tick — 2025-08-02T06:11:00.015Z
[PING] 🏠 Found 1
[PING-PI] ❌ Could not reach homebase C554CE816A718CDE
[PING-ESP] Considering HB IDs: [ 'C554CE816A718CDE' ]
[PING-ESP] Online HB IDs: []
[PING-ESP] 🚫 Skipping ESP pings (DB offline) hb=C554CE816A718CDE
[PING] ✅ All pings dispatched

[PING] 🔁 Tick — 2025-08-02T06:12:00.016Z
[PING] 🏠 Found 1
[PING-PI] ❌ Could not reach homebase C554CE816A718CDE
[PING-ESP] Considering HB IDs: [ 'C554CE816A718CDE' ]
[PING-ESP] Online HB IDs: []
[PING-ESP] 🚫 Skipping ESP pings (DB offline) hb=C554CE816A718CDE
[PING] ✅ All pings dispatched

[PING] 🔁 Tick — 2025-08-02T06:13:00.016Z
[PING] 🏠 Found 1
[PING-PI] ❌ Could not reach homebase C554CE816A718CDE
[PING-ESP] Considering HB IDs: [ 'C554CE816A718CDE' ]
[PING-ESP] Online HB IDs: []
[PING-ESP] 🚫 Skipping ESP pings (DB offline) hb=C554CE816A718CDE
[PING] ✅ All pings dispatched

[PING] 🔁 Tick — 2025-08-02T06:14:00.016Z
[PING] 🏠 Found 1
[PING-PI] ❌ Could not reach homebase C554CE816A718CDE
[PING-ESP] Considering HB IDs: [ 'C554CE816A718CDE' ]
[PING-ESP] Online HB IDs: []
[PING-ESP] 🚫 Skipping ESP pings (DB offline) hb=C554CE816A718CDE
[PING] ✅ All pings dispatched

[CRON] 2025-08-02T06:15:00.024Z — dow=6, bucket=27
[PING] 🔁 Tick — 2025-08-02T06:15:00.025Z
[PING] 🏠 Found 1
[PING-PI] ❌ Could not reach homebase C554CE816A718CDE
[PING-ESP] Considering HB IDs: [ 'C554CE816A718CDE' ]
[PING-ESP] Online HB IDs: []
[PING-ESP] 🚫 Skipping ESP pings (DB offline) hb=C554CE816A718CDE
[PING] ✅ All pings dispatched

[CRON] ▶ ON  slots to start/continue: 0
[CRON] ▶ OFF slots to stop        : 0
[CRON] ✓ pass complete

[PING] 🔁 Tick — 2025-08-02T06:16:00.016Z
[PING] 🏠 Found 1
[PING-PI] ❌ Could not reach homebase C554CE816A718CDE
[PING-ESP] Considering HB IDs: [ 'C554CE816A718CDE' ]
[PING-ESP] Online HB IDs: []
[PING-ESP] 🚫 Skipping ESP pings (DB offline) hb=C554CE816A718CDE
[PING] ✅ All pings dispatched

[PING] 🔁 Tick — 2025-08-02T06:17:00.015Z
[PING] 🏠 Found 1
[PING-PI] ❌ Could not reach homebase C554CE816A718CDE
[PING-ESP] Considering HB IDs: [ 'C554CE816A718CDE' ]
[PING-ESP] Online HB IDs: []
[PING-ESP] 🚫 Skipping ESP pings (DB offline) hb=C554CE816A718CDE
[PING] ✅ All pings dispatched

[PING] 🔁 Tick — 2025-08-02T06:18:00.017Z
[PING] 🏠 Found 1
[PING-PI] ❌ Could not reach homebase C554CE816A718CDE
[PING-ESP] Considering HB IDs: [ 'C554CE816A718CDE' ]
[PING-ESP] Online HB IDs: []
[PING-ESP] 🚫 Skipping ESP pings (DB offline) hb=C554CE816A718CDE
[PING] ✅ All pings dispatched

[PING] 🔁 Tick — 2025-08-02T06:19:00.015Z
[PING] 🏠 Found 1
[PING-PI] ❌ Could not reach homebase C554CE816A718CDE
[PING-ESP] Considering HB IDs: [ 'C554CE816A718CDE' ]
[PING-ESP] Online HB IDs: []
[PING-ESP] 🚫 Skipping ESP pings (DB offline) hb=C554CE816A718CDE
[PING] ✅ All pings dispatched

[CRON] 2025-08-02T06:20:00.023Z — dow=6, bucket=28
[PING] 🔁 Tick — 2025-08-02T06:20:00.024Z
[PING] 🏠 Found 1
[PING-PI] ❌ Could not reach homebase C554CE816A718CDE
[CRON] ▶ ON  slots to start/continue: 0
[CRON] ▶ OFF slots to stop        : 0
[CRON] ✓ pass complete

[PING-ESP] Considering HB IDs: [ 'C554CE816A718CDE' ]
[PING-ESP] Online HB IDs: []
[PING-ESP] 🚫 Skipping ESP pings (DB offline) hb=C554CE816A718CDE
[PING] ✅ All pings dispatched

[PING] 🔁 Tick — 2025-08-02T06:21:00.015Z
[PING] 🏠 Found 1
[PING-PI] ❌ Could not reach homebase C554CE816A718CDE
[PING-ESP] Considering HB IDs: [ 'C554CE816A718CDE' ]
[PING-ESP] Online HB IDs: []
[PING-ESP] 🚫 Skipping ESP pings (DB offline) hb=C554CE816A718CDE
[PING] ✅ All pings dispatched

[PING] 🔁 Tick — 2025-08-02T06:22:00.017Z
[PING] 🏠 Found 1
[PING-PI] ❌ Could not reach homebase C554CE816A718CDE
[PING-ESP] Considering HB IDs: [ 'C554CE816A718CDE' ]
[PING-ESP] Online HB IDs: []
[PING-ESP] 🚫 Skipping ESP pings (DB offline) hb=C554CE816A718CDE
[PING] ✅ All pings dispatched

[PING] 🔁 Tick — 2025-08-02T06:23:00.016Z
[PING] 🏠 Found 1
[PING-PI] ❌ Could not reach homebase C554CE816A718CDE
[PING-ESP] Considering HB IDs: [ 'C554CE816A718CDE' ]
[PING-ESP] Online HB IDs: []
[PING-ESP] 🚫 Skipping ESP pings (DB offline) hb=C554CE816A718CDE
[PING] ✅ All pings dispatched

[PING] 🔁 Tick — 2025-08-02T06:24:00.012Z
[PING] 🏠 Found 1
[PING-PI] ❌ Could not reach homebase C554CE816A718CDE
[PING-ESP] Considering HB IDs: [ 'C554CE816A718CDE' ]
[PING-ESP] Online HB IDs: []
[PING-ESP] 🚫 Skipping ESP pings (DB offline) hb=C554CE816A718CDE
[PING] ✅ All pings dispatched

[CRON] 2025-08-02T06:25:00.018Z — dow=6, bucket=29
[PING] 🔁 Tick — 2025-08-02T06:25:00.019Z
[PING] 🏠 Found 1
[PING-PI] ❌ Could not reach homebase C554CE816A718CDE
[PING-ESP] Considering HB IDs: [ 'C554CE816A718CDE' ]
[PING-ESP] Online HB IDs: []
[PING-ESP] 🚫 Skipping ESP pings (DB offline) hb=C554CE816A718CDE
[PING] ✅ All pings dispatched

[CRON] ▶ ON  slots to start/continue: 0
[CRON] ▶ OFF slots to stop        : 0
[CRON] ✓ pass complete

[PING] 🔁 Tick — 2025-08-02T06:26:00.015Z
[PING] 🏠 Found 1
[PING-PI] ❌ Could not reach homebase C554CE816A718CDE
[PING-ESP] Considering HB IDs: [ 'C554CE816A718CDE' ]
[PING-ESP] Online HB IDs: []
[PING-ESP] 🚫 Skipping ESP pings (DB offline) hb=C554CE816A718CDE
[PING] ✅ All pings dispatched

[PING] 🔁 Tick — 2025-08-02T06:27:00.015Z
[PING] 🏠 Found 1
[PING-PI] ❌ Could not reach homebase C554CE816A718CDE
[PING-ESP] Considering HB IDs: [ 'C554CE816A718CDE' ]
[PING-ESP] Online HB IDs: []
[PING-ESP] 🚫 Skipping ESP pings (DB offline) hb=C554CE816A718CDE
[PING] ✅ All pings dispatched

[PING] 🔁 Tick — 2025-08-02T06:28:00.016Z
[PING] 🏠 Found 1
[PING-PI] ❌ Could not reach homebase C554CE816A718CDE
[PING-ESP] Considering HB IDs: [ 'C554CE816A718CDE' ]
[PING-ESP] Online HB IDs: []
[PING-ESP] 🚫 Skipping ESP pings (DB offline) hb=C554CE816A718CDE
[PING] ✅ All pings dispatched

[PING] 🔁 Tick — 2025-08-02T06:29:00.016Z
[PING] 🏠 Found 1
[PING-PI] ❌ Could not reach homebase C554CE816A718CDE
[PING-ESP] Considering HB IDs: [ 'C554CE816A718CDE' ]
[PING-ESP] Online HB IDs: []
[PING-ESP] 🚫 Skipping ESP pings (DB offline) hb=C554CE816A718CDE
[PING] ✅ All pings dispatched

[CRON] 2025-08-02T06:30:00.019Z — dow=6, bucket=30
[PING] 🔁 Tick — 2025-08-02T06:30:00.020Z
[CRON] ▶ ON  slots to start/continue: 0
[PING] 🏠 Found 1
[PING-PI] ❌ Could not reach homebase C554CE816A718CDE
[CRON] ▶ OFF slots to stop        : 0
[CRON] ✓ pass complete

[PING-ESP] Considering HB IDs: [ 'C554CE816A718CDE' ]
[PING-ESP] Online HB IDs: []
[PING-ESP] 🚫 Skipping ESP pings (DB offline) hb=C554CE816A718CDE
[PING] ✅ All pings dispatched

[PING] 🔁 Tick — 2025-08-02T06:31:00.016Z
[PING] 🏠 Found 1
[PING-PI] ❌ Could not reach homebase C554CE816A718CDE
[PING-ESP] Considering HB IDs: [ 'C554CE816A718CDE' ]
[PING-ESP] Online HB IDs: []
[PING-ESP] 🚫 Skipping ESP pings (DB offline) hb=C554CE816A718CDE
[PING] ✅ All pings dispatched

[PING] 🔁 Tick — 2025-08-02T06:32:00.014Z
[PING] 🏠 Found 1
[PING-PI] ❌ Could not reach homebase C554CE816A718CDE
[PING-ESP] Considering HB IDs: [ 'C554CE816A718CDE' ]
[PING-ESP] Online HB IDs: []
[PING-ESP] 🚫 Skipping ESP pings (DB offline) hb=C554CE816A718CDE
[PING] ✅ All pings dispatched

[PING] 🔁 Tick — 2025-08-02T06:33:00.015Z
[PING] 🏠 Found 1
[PING-PI] ❌ Could not reach homebase C554CE816A718CDE
[PING-ESP] Considering HB IDs: [ 'C554CE816A718CDE' ]
[PING-ESP] Online HB IDs: []
[PING-ESP] 🚫 Skipping ESP pings (DB offline) hb=C554CE816A718CDE
[PING] ✅ All pings dispatched

[PING] 🔁 Tick — 2025-08-02T06:34:00.016Z
[PING] 🏠 Found 1
[PING-PI] ❌ Could not reach homebase C554CE816A718CDE
[PING-ESP] Considering HB IDs: [ 'C554CE816A718CDE' ]
[PING-ESP] Online HB IDs: []
[PING-ESP] 🚫 Skipping ESP pings (DB offline) hb=C554CE816A718CDE
[PING] ✅ All pings dispatched

[CRON] 2025-08-02T06:35:00.019Z — dow=6, bucket=31
[PING] 🔁 Tick — 2025-08-02T06:35:00.022Z
[PING] 🏠 Found 1
[PING-PI] ❌ Could not reach homebase C554CE816A718CDE
[CRON] ▶ ON  slots to start/continue: 0
[CRON] ▶ OFF slots to stop        : 0
[CRON] ✓ pass complete

[PING-ESP] Considering HB IDs: [ 'C554CE816A718CDE' ]
[PING-ESP] Online HB IDs: []
[PING-ESP] 🚫 Skipping ESP pings (DB offline) hb=C554CE816A718CDE
[PING] ✅ All pings dispatched

[PING] 🔁 Tick — 2025-08-02T06:36:00.015Z
[PING] 🏠 Found 1
[PING-PI] ❌ Could not reach homebase C554CE816A718CDE
[PING-ESP] Considering HB IDs: [ 'C554CE816A718CDE' ]
[PING-ESP] Online HB IDs: []
[PING-ESP] 🚫 Skipping ESP pings (DB offline) hb=C554CE816A718CDE
[PING] ✅ All pings dispatched

[PING] 🔁 Tick — 2025-08-02T06:37:00.015Z
[PING] 🏠 Found 1
[PING-PI] ❌ Could not reach homebase C554CE816A718CDE
[PING-ESP] Considering HB IDs: [ 'C554CE816A718CDE' ]
[PING-ESP] Online HB IDs: []
[PING-ESP] 🚫 Skipping ESP pings (DB offline) hb=C554CE816A718CDE
[PING] ✅ All pings dispatched

[PING] 🔁 Tick — 2025-08-02T06:38:00.016Z
[PING] 🏠 Found 1
[PING-PI] ❌ Could not reach homebase C554CE816A718CDE
[PING-ESP] Considering HB IDs: [ 'C554CE816A718CDE' ]
[PING-ESP] Online HB IDs: []
[PING-ESP] 🚫 Skipping ESP pings (DB offline) hb=C554CE816A718CDE
[PING] ✅ All pings dispatched

[PING] 🔁 Tick — 2025-08-02T06:39:00.016Z
[PING] 🏠 Found 1
[PING-PI] ❌ Could not reach homebase C554CE816A718CDE
[PING-ESP] Considering HB IDs: [ 'C554CE816A718CDE' ]
[PING-ESP] Online HB IDs: []
[PING-ESP] 🚫 Skipping ESP pings (DB offline) hb=C554CE816A718CDE
[PING] ✅ All pings dispatched

[CRON] 2025-08-02T06:40:00.024Z — dow=6, bucket=32
[PING] 🔁 Tick — 2025-08-02T06:40:00.025Z
[CRON] ▶ ON  slots to start/continue: 0
[PING] 🏠 Found 1
[PING-PI] ❌ Could not reach homebase C554CE816A718CDE
[CRON] ▶ OFF slots to stop        : 0
[CRON] ✓ pass complete

[PING-ESP] Considering HB IDs: [ 'C554CE816A718CDE' ]
[PING-ESP] Online HB IDs: []
[PING-ESP] 🚫 Skipping ESP pings (DB offline) hb=C554CE816A718CDE
[PING] ✅ All pings dispatched

[PING] 🔁 Tick — 2025-08-02T06:41:00.015Z
[PING] 🏠 Found 1
[PING-PI] ❌ Could not reach homebase C554CE816A718CDE
[PING-ESP] Considering HB IDs: [ 'C554CE816A718CDE' ]
[PING-ESP] Online HB IDs: []
[PING-ESP] 🚫 Skipping ESP pings (DB offline) hb=C554CE816A718CDE
[PING] ✅ All pings dispatched

[PING] 🔁 Tick — 2025-08-02T06:42:00.012Z
[PING] 🏠 Found 1
[PING-PI] ❌ Could not reach homebase C554CE816A718CDE
[PING-ESP] Considering HB IDs: [ 'C554CE816A718CDE' ]
[PING-ESP] Online HB IDs: []
[PING-ESP] 🚫 Skipping ESP pings (DB offline) hb=C554CE816A718CDE
[PING] ✅ All pings dispatched

[PING] 🔁 Tick — 2025-08-02T06:43:00.015Z
[PING] 🏠 Found 1
[PING-PI] ❌ Could not reach homebase C554CE816A718CDE
[PING-ESP] Considering HB IDs: [ 'C554CE816A718CDE' ]
[PING-ESP] Online HB IDs: []
[PING-ESP] 🚫 Skipping ESP pings (DB offline) hb=C554CE816A718CDE
[PING] ✅ All pings dispatched

[PING] 🔁 Tick — 2025-08-02T06:44:00.012Z
[PING] 🏠 Found 1
[PING-PI] ❌ Could not reach homebase C554CE816A718CDE
[PING-ESP] Considering HB IDs: [ 'C554CE816A718CDE' ]
[PING-ESP] Online HB IDs: []
[PING-ESP] 🚫 Skipping ESP pings (DB offline) hb=C554CE816A718CDE
[PING] ✅ All pings dispatched

[PING] 🔁 Tick — 2025-08-02T06:45:00.009Z
[PING] 🏠 Found 1
[PING-PI] ❌ Could not reach homebase C554CE816A718CDE
[CRON] 2025-08-02T06:45:00.012Z — dow=6, bucket=33
[PING-ESP] Considering HB IDs: [ 'C554CE816A718CDE' ]
[PING-ESP] Online HB IDs: []
[PING-ESP] 🚫 Skipping ESP pings (DB offline) hb=C554CE816A718CDE
[PING] ✅ All pings dispatched

[CRON] ▶ ON  slots to start/continue: 0
[CRON] ▶ OFF slots to stop        : 0
[CRON] ✓ pass complete

[PING] 🔁 Tick — 2025-08-02T06:46:00.015Z
[PING] 🏠 Found 1
[PING-PI] ❌ Could not reach homebase C554CE816A718CDE
[PING-ESP] Considering HB IDs: [ 'C554CE816A718CDE' ]
[PING-ESP] Online HB IDs: []
[PING-ESP] 🚫 Skipping ESP pings (DB offline) hb=C554CE816A718CDE
[PING] ✅ All pings dispatched

[PING] 🔁 Tick — 2025-08-02T06:47:00.013Z
[PING] 🏠 Found 1
[PING-PI] ❌ Could not reach homebase C554CE816A718CDE
[PING-ESP] Considering HB IDs: [ 'C554CE816A718CDE' ]
[PING-ESP] Online HB IDs: []
[PING-ESP] 🚫 Skipping ESP pings (DB offline) hb=C554CE816A718CDE
[PING] ✅ All pings dispatched

[PING] 🔁 Tick — 2025-08-02T06:48:00.018Z
[PING] 🏠 Found 1
[PING-PI] ❌ Could not reach homebase C554CE816A718CDE
[PING-ESP] Considering HB IDs: [ 'C554CE816A718CDE' ]
[PING-ESP] Online HB IDs: []
[PING-ESP] 🚫 Skipping ESP pings (DB offline) hb=C554CE816A718CDE
[PING] ✅ All pings dispatched

[PING] 🔁 Tick — 2025-08-02T06:49:00.016Z
[PING] 🏠 Found 1
[PING-PI] ❌ Could not reach homebase C554CE816A718CDE
[PING-ESP] Considering HB IDs: [ 'C554CE816A718CDE' ]
[PING-ESP] Online HB IDs: []
[PING-ESP] 🚫 Skipping ESP pings (DB offline) hb=C554CE816A718CDE
[PING] ✅ All pings dispatched

[CRON] 2025-08-02T06:50:00.018Z — dow=6, bucket=34
[PING] 🔁 Tick — 2025-08-02T06:50:00.019Z
[CRON] ▶ ON  slots to start/continue: 0
[PING] 🏠 Found 1
[PING-PI] ❌ Could not reach homebase C554CE816A718CDE
[PING-ESP] Considering HB IDs: [ 'C554CE816A718CDE' ]
[PING-ESP] Online HB IDs: []
[PING-ESP] 🚫 Skipping ESP pings (DB offline) hb=C554CE816A718CDE
[PING] ✅ All pings dispatched

[CRON] ▶ OFF slots to stop        : 0
[CRON] ✓ pass complete

[PING] 🔁 Tick — 2025-08-02T06:51:00.015Z
[PING] 🏠 Found 1
[PING-PI] ❌ Could not reach homebase C554CE816A718CDE
[PING-ESP] Considering HB IDs: [ 'C554CE816A718CDE' ]
[PING-ESP] Online HB IDs: []
[PING-ESP] 🚫 Skipping ESP pings (DB offline) hb=C554CE816A718CDE
[PING] ✅ All pings dispatched

[PING] 🔁 Tick — 2025-08-02T06:52:00.015Z
[PING] 🏠 Found 1
[PING-PI] ❌ Could not reach homebase C554CE816A718CDE
[PING-ESP] Considering HB IDs: [ 'C554CE816A718CDE' ]
[PING-ESP] Online HB IDs: []
[PING-ESP] 🚫 Skipping ESP pings (DB offline) hb=C554CE816A718CDE
[PING] ✅ All pings dispatched

[PING] 🔁 Tick — 2025-08-02T06:53:00.015Z
[PING] 🏠 Found 1
[PING-PI] ❌ Could not reach homebase C554CE816A718CDE
[PING-ESP] Considering HB IDs: [ 'C554CE816A718CDE' ]
[PING-ESP] Online HB IDs: []
[PING-ESP] 🚫 Skipping ESP pings (DB offline) hb=C554CE816A718CDE
[PING] ✅ All pings dispatched

[PING] 🔁 Tick — 2025-08-02T06:54:00.015Z
[PING] 🏠 Found 1
[PING-PI] ❌ Could not reach homebase C554CE816A718CDE
[PING-ESP] Considering HB IDs: [ 'C554CE816A718CDE' ]
[PING-ESP] Online HB IDs: []
[PING-ESP] 🚫 Skipping ESP pings (DB offline) hb=C554CE816A718CDE
[PING] ✅ All pings dispatched

[CRON] 2025-08-02T06:55:00.017Z — dow=6, bucket=35
[PING] 🔁 Tick — 2025-08-02T06:55:00.018Z
[PING] 🏠 Found 1
[PING-PI] ❌ Could not reach homebase C554CE816A718CDE
[CRON] ▶ ON  slots to start/continue: 0
[CRON] ▶ OFF slots to stop        : 0
[CRON] ✓ pass complete

[PING-ESP] Considering HB IDs: [ 'C554CE816A718CDE' ]
[PING-ESP] Online HB IDs: []
[PING-ESP] 🚫 Skipping ESP pings (DB offline) hb=C554CE816A718CDE
[PING] ✅ All pings dispatched

[PING] 🔁 Tick — 2025-08-02T06:56:00.015Z
[PING] 🏠 Found 1
[PING-PI] ❌ Could not reach homebase C554CE816A718CDE
[PING-ESP] Considering HB IDs: [ 'C554CE816A718CDE' ]
[PING-ESP] Online HB IDs: []
[PING-ESP] 🚫 Skipping ESP pings (DB offline) hb=C554CE816A718CDE
[PING] ✅ All pings dispatched

[PING] 🔁 Tick — 2025-08-02T06:57:00.017Z
[PING] 🏠 Found 1
[PING-PI] ❌ Could not reach homebase C554CE816A718CDE
[PING-ESP] Considering HB IDs: [ 'C554CE816A718CDE' ]
[PING-ESP] Online HB IDs: []
[PING-ESP] 🚫 Skipping ESP pings (DB offline) hb=C554CE816A718CDE
[PING] ✅ All pings dispatched

[PING] 🔁 Tick — 2025-08-02T06:58:00.011Z
[PING] 🏠 Found 1
[PING-PI] ❌ Could not reach homebase C554CE816A718CDE
[PING-ESP] Considering HB IDs: [ 'C554CE816A718CDE' ]
[PING-ESP] Online HB IDs: []
[PING-ESP] 🚫 Skipping ESP pings (DB offline) hb=C554CE816A718CDE
[PING] ✅ All pings dispatched

[PING] 🔁 Tick — 2025-08-02T06:59:00.016Z
[PING] 🏠 Found 1
[PING-PI] ❌ Could not reach homebase C554CE816A718CDE
[PING-ESP] Considering HB IDs: [ 'C554CE816A718CDE' ]
[PING-ESP] Online HB IDs: []
[PING-ESP] 🚫 Skipping ESP pings (DB offline) hb=C554CE816A718CDE
[PING] ✅ All pings dispatched

[CRON] 2025-08-02T07:00:00.009Z — dow=6, bucket=36
[PING] 🔁 Tick — 2025-08-02T07:00:00.010Z
[PING] 🏠 Found 1
[PING-PI] ❌ Could not reach homebase C554CE816A718CDE
[PING-ESP] Considering HB IDs: [ 'C554CE816A718CDE' ]
[PING-ESP] Online HB IDs: []
[PING-ESP] 🚫 Skipping ESP pings (DB offline) hb=C554CE816A718CDE
[PING] ✅ All pings dispatched

[CRON] ▶ ON  slots to start/continue: 0
[CRON] ▶ OFF slots to stop        : 0
[CRON] ✓ pass complete

[PING] 🔁 Tick — 2025-08-02T07:01:00.016Z
[PING] 🏠 Found 1
[PING-PI] ❌ Could not reach homebase C554CE816A718CDE
[PING-ESP] Considering HB IDs: [ 'C554CE816A718CDE' ]
[PING-ESP] Online HB IDs: []
[PING-ESP] 🚫 Skipping ESP pings (DB offline) hb=C554CE816A718CDE
[PING] ✅ All pings dispatched

[PING] 🔁 Tick — 2025-08-02T07:02:00.015Z
[PING] 🏠 Found 1
[PING-PI] ❌ Could not reach homebase C554CE816A718CDE
[PING-ESP] Considering HB IDs: [ 'C554CE816A718CDE' ]
[PING-ESP] Online HB IDs: []
[PING-ESP] 🚫 Skipping ESP pings (DB offline) hb=C554CE816A718CDE
[PING] ✅ All pings dispatched

[PING] 🔁 Tick — 2025-08-02T07:03:00.013Z
[PING] 🏠 Found 1
[PING-PI] ❌ Could not reach homebase C554CE816A718CDE
[PING-ESP] Considering HB IDs: [ 'C554CE816A718CDE' ]
[PING-ESP] Online HB IDs: []
[PING-ESP] 🚫 Skipping ESP pings (DB offline) hb=C554CE816A718CDE
[PING] ✅ All pings dispatched

[PING] 🔁 Tick — 2025-08-02T07:04:00.016Z
[PING] 🏠 Found 1
[PING-PI] ❌ Could not reach homebase C554CE816A718CDE
[PING-ESP] Considering HB IDs: [ 'C554CE816A718CDE' ]
[PING-ESP] Online HB IDs: []
[PING-ESP] 🚫 Skipping ESP pings (DB offline) hb=C554CE816A718CDE
[PING] ✅ All pings dispatched

[CRON] 2025-08-02T07:05:00.009Z — dow=6, bucket=37
[PING] 🔁 Tick — 2025-08-02T07:05:00.010Z
[CRON] ▶ ON  slots to start/continue: 0
[PING] 🏠 Found 1
[PING-PI] ❌ Could not reach homebase C554CE816A718CDE
[CRON] ▶ OFF slots to stop        : 0
[CRON] ✓ pass complete

[PING-ESP] Considering HB IDs: [ 'C554CE816A718CDE' ]
[PING-ESP] Online HB IDs: []
[PING-ESP] 🚫 Skipping ESP pings (DB offline) hb=C554CE816A718CDE
[PING] ✅ All pings dispatched

[PING] 🔁 Tick — 2025-08-02T07:06:00.009Z
[PING] 🏠 Found 1
[PING-PI] ❌ Could not reach homebase C554CE816A718CDE
[PING-ESP] Considering HB IDs: [ 'C554CE816A718CDE' ]
[PING-ESP] Online HB IDs: []
[PING-ESP] 🚫 Skipping ESP pings (DB offline) hb=C554CE816A718CDE
[PING] ✅ All pings dispatched

[PING] 🔁 Tick — 2025-08-02T07:07:00.015Z
[PING] 🏠 Found 1
[PING-PI] ❌ Could not reach homebase C554CE816A718CDE
[PING-ESP] Considering HB IDs: [ 'C554CE816A718CDE' ]
[PING-ESP] Online HB IDs: []
[PING-ESP] 🚫 Skipping ESP pings (DB offline) hb=C554CE816A718CDE
[PING] ✅ All pings dispatched

[PING] 🔁 Tick — 2025-08-02T07:08:00.014Z
[PING] 🏠 Found 1
[PING-PI] ❌ Could not reach homebase C554CE816A718CDE
[PING-ESP] Considering HB IDs: [ 'C554CE816A718CDE' ]
[PING-ESP] Online HB IDs: []
[PING-ESP] 🚫 Skipping ESP pings (DB offline) hb=C554CE816A718CDE
[PING] ✅ All pings dispatched

[PING] 🔁 Tick — 2025-08-02T07:09:00.018Z
[PING] 🏠 Found 1
[PING-PI] ❌ Could not reach homebase C554CE816A718CDE
[PING-ESP] Considering HB IDs: [ 'C554CE816A718CDE' ]
[PING-ESP] Online HB IDs: []
[PING-ESP] 🚫 Skipping ESP pings (DB offline) hb=C554CE816A718CDE
[PING] ✅ All pings dispatched

[CRON] 2025-08-02T07:10:00.020Z — dow=6, bucket=38
[PING] 🔁 Tick — 2025-08-02T07:10:00.021Z
[PING] 🏠 Found 1
[PING-PI] ❌ Could not reach homebase C554CE816A718CDE
[PING-ESP] Considering HB IDs: [ 'C554CE816A718CDE' ]
[PING-ESP] Online HB IDs: []
[PING-ESP] 🚫 Skipping ESP pings (DB offline) hb=C554CE816A718CDE
[PING] ✅ All pings dispatched

[CRON] ▶ ON  slots to start/continue: 0
[CRON] ▶ OFF slots to stop        : 0
[CRON] ✓ pass complete

[PING] 🔁 Tick — 2025-08-02T07:11:00.015Z
[PING] 🏠 Found 1
[PING-PI] ❌ Could not reach homebase C554CE816A718CDE
[PING-ESP] Considering HB IDs: [ 'C554CE816A718CDE' ]
[PING-ESP] Online HB IDs: []
[PING-ESP] 🚫 Skipping ESP pings (DB offline) hb=C554CE816A718CDE
[PING] ✅ All pings dispatched

[PING] 🔁 Tick — 2025-08-02T07:12:00.013Z
[PING] 🏠 Found 1
[PING-PI] ❌ Could not reach homebase C554CE816A718CDE
[PING-ESP] Considering HB IDs: [ 'C554CE816A718CDE' ]
[PING-ESP] Online HB IDs: []
[PING-ESP] 🚫 Skipping ESP pings (DB offline) hb=C554CE816A718CDE
[PING] ✅ All pings dispatched

[PING] 🔁 Tick — 2025-08-02T07:13:00.018Z
[PING] 🏠 Found 1
[PING-PI] ❌ Could not reach homebase C554CE816A718CDE
[PING-ESP] Considering HB IDs: [ 'C554CE816A718CDE' ]
[PING-ESP] Online HB IDs: []
[PING-ESP] 🚫 Skipping ESP pings (DB offline) hb=C554CE816A718CDE
[PING] ✅ All pings dispatched

[PING] 🔁 Tick — 2025-08-02T07:14:00.014Z
[PING] 🏠 Found 1
[PING-PI] ❌ Could not reach homebase C554CE816A718CDE
[PING-ESP] Considering HB IDs: [ 'C554CE816A718CDE' ]
[PING-ESP] Online HB IDs: []
[PING-ESP] 🚫 Skipping ESP pings (DB offline) hb=C554CE816A718CDE
[PING] ✅ All pings dispatched

[CRON] 2025-08-02T07:15:00.015Z — dow=6, bucket=39
[PING] 🔁 Tick — 2025-08-02T07:15:00.016Z
[CRON] ▶ ON  slots to start/continue: 0
[PING] 🏠 Found 1
[PING-PI] ❌ Could not reach homebase C554CE816A718CDE
[CRON] ▶ OFF slots to stop        : 0
[CRON] ✓ pass complete

[PING-ESP] Considering HB IDs: [ 'C554CE816A718CDE' ]
[PING-ESP] Online HB IDs: []
[PING-ESP] 🚫 Skipping ESP pings (DB offline) hb=C554CE816A718CDE
[PING] ✅ All pings dispatched

[PING] 🔁 Tick — 2025-08-02T07:16:00.016Z
[PING] 🏠 Found 1
[PING-PI] ❌ Could not reach homebase C554CE816A718CDE
[PING-ESP] Considering HB IDs: [ 'C554CE816A718CDE' ]
[PING-ESP] Online HB IDs: []
[PING-ESP] 🚫 Skipping ESP pings (DB offline) hb=C554CE816A718CDE
[PING] ✅ All pings dispatched

[PING] 🔁 Tick — 2025-08-02T07:17:00.016Z
[PING] 🏠 Found 1
[PING-PI] ❌ Could not reach homebase C554CE816A718CDE
[PING-ESP] Considering HB IDs: [ 'C554CE816A718CDE' ]
[PING-ESP] Online HB IDs: []
[PING-ESP] 🚫 Skipping ESP pings (DB offline) hb=C554CE816A718CDE
[PING] ✅ All pings dispatched

[PING] 🔁 Tick — 2025-08-02T07:18:00.016Z
[PING] 🏠 Found 1
[PING-PI] ❌ Could not reach homebase C554CE816A718CDE
[PING-ESP] Considering HB IDs: [ 'C554CE816A718CDE' ]
[PING-ESP] Online HB IDs: []
[PING-ESP] 🚫 Skipping ESP pings (DB offline) hb=C554CE816A718CDE
[PING] ✅ All pings dispatched

[PING] 🔁 Tick — 2025-08-02T07:19:00.016Z
[PING] 🏠 Found 1
[PING-PI] ❌ Could not reach homebase C554CE816A718CDE
[PING-ESP] Considering HB IDs: [ 'C554CE816A718CDE' ]
[PING-ESP] Online HB IDs: []
[PING-ESP] 🚫 Skipping ESP pings (DB offline) hb=C554CE816A718CDE
[PING] ✅ All pings dispatched

[PING] 🔁 Tick — 2025-08-02T07:20:00.020Z
[CRON] 2025-08-02T07:20:00.021Z — dow=6, bucket=40
[PING] 🏠 Found 1
[PING-PI] ❌ Could not reach homebase C554CE816A718CDE
[PING-ESP] Considering HB IDs: [ 'C554CE816A718CDE' ]
[PING-ESP] Online HB IDs: []
[PING-ESP] 🚫 Skipping ESP pings (DB offline) hb=C554CE816A718CDE
[PING] ✅ All pings dispatched

[CRON] ▶ ON  slots to start/continue: 0
[CRON] ▶ OFF slots to stop        : 0
[CRON] ✓ pass complete

[PING] 🔁 Tick — 2025-08-02T07:21:00.010Z
[PING] 🏠 Found 1
[PING-PI] ❌ Could not reach homebase C554CE816A718CDE
[PING-ESP] Considering HB IDs: [ 'C554CE816A718CDE' ]
[PING-ESP] Online HB IDs: []
[PING-ESP] 🚫 Skipping ESP pings (DB offline) hb=C554CE816A718CDE
[PING] ✅ All pings dispatched

[PING] 🔁 Tick — 2025-08-02T07:22:00.014Z
[PING] 🏠 Found 1
[PING-PI] ❌ Could not reach homebase C554CE816A718CDE
[PING-ESP] Considering HB IDs: [ 'C554CE816A718CDE' ]
[PING-ESP] Online HB IDs: []
[PING-ESP] 🚫 Skipping ESP pings (DB offline) hb=C554CE816A718CDE
[PING] ✅ All pings dispatched

[PING] 🔁 Tick — 2025-08-02T07:23:00.014Z
[PING] 🏠 Found 1
[PING-PI] ❌ Could not reach homebase C554CE816A718CDE
[PING-ESP] Considering HB IDs: [ 'C554CE816A718CDE' ]
[PING-ESP] Online HB IDs: []
[PING-ESP] 🚫 Skipping ESP pings (DB offline) hb=C554CE816A718CDE
[PING] ✅ All pings dispatched

[PING] 🔁 Tick — 2025-08-02T07:24:00.016Z
[PING] 🏠 Found 1
[PING-PI] ❌ Could not reach homebase C554CE816A718CDE
[PING-ESP] Considering HB IDs: [ 'C554CE816A718CDE' ]
[PING-ESP] Online HB IDs: []
[PING-ESP] 🚫 Skipping ESP pings (DB offline) hb=C554CE816A718CDE
[PING] ✅ All pings dispatched

[CRON] 2025-08-02T07:25:00.018Z — dow=6, bucket=41
[PING] 🔁 Tick — 2025-08-02T07:25:00.019Z
[CRON] ▶ ON  slots to start/continue: 0
[CRON] ▶ OFF slots to stop        : 0
[CRON] ✓ pass complete

[PING] 🏠 Found 1
[PING-PI] ❌ Could not reach homebase C554CE816A718CDE
[PING-ESP] Considering HB IDs: [ 'C554CE816A718CDE' ]
[PING-ESP] Online HB IDs: []
[PING-ESP] 🚫 Skipping ESP pings (DB offline) hb=C554CE816A718CDE
[PING] ✅ All pings dispatched

[PING] 🔁 Tick — 2025-08-02T07:26:00.016Z
[PING] 🏠 Found 1
[PING-PI] ❌ Could not reach homebase C554CE816A718CDE
[PING-ESP] Considering HB IDs: [ 'C554CE816A718CDE' ]
[PING-ESP] Online HB IDs: []
[PING-ESP] 🚫 Skipping ESP pings (DB offline) hb=C554CE816A718CDE
[PING] ✅ All pings dispatched

[PING] 🔁 Tick — 2025-08-02T07:27:00.015Z
[PING] 🏠 Found 1
[PING-PI] ❌ Could not reach homebase C554CE816A718CDE
[PING-ESP] Considering HB IDs: [ 'C554CE816A718CDE' ]
[PING-ESP] Online HB IDs: []
[PING-ESP] 🚫 Skipping ESP pings (DB offline) hb=C554CE816A718CDE
[PING] ✅ All pings dispatched

[PING] 🔁 Tick — 2025-08-02T07:28:00.015Z
[PING] 🏠 Found 1
[PING-PI] ❌ Could not reach homebase C554CE816A718CDE
[PING-ESP] Considering HB IDs: [ 'C554CE816A718CDE' ]
[PING-ESP] Online HB IDs: []
[PING-ESP] 🚫 Skipping ESP pings (DB offline) hb=C554CE816A718CDE
[PING] ✅ All pings dispatched

[PING] 🔁 Tick — 2025-08-02T07:29:00.015Z
[PING] 🏠 Found 1
[PING-PI] ❌ Could not reach homebase C554CE816A718CDE
[PING-ESP] Considering HB IDs: [ 'C554CE816A718CDE' ]
[PING-ESP] Online HB IDs: []
[PING-ESP] 🚫 Skipping ESP pings (DB offline) hb=C554CE816A718CDE
[PING] ✅ All pings dispatched

[CRON] 2025-08-02T07:30:00.019Z — dow=6, bucket=42
[PING] 🔁 Tick — 2025-08-02T07:30:00.021Z
[PING] 🏠 Found 1
[PING-PI] ❌ Could not reach homebase C554CE816A718CDE
[CRON] ▶ ON  slots to start/continue: 0
[CRON] ▶ OFF slots to stop        : 0
[CRON] ✓ pass complete

[PING-ESP] Considering HB IDs: [ 'C554CE816A718CDE' ]
[PING-ESP] Online HB IDs: []
[PING-ESP] 🚫 Skipping ESP pings (DB offline) hb=C554CE816A718CDE
[PING] ✅ All pings dispatched

[PING] 🔁 Tick — 2025-08-02T07:31:00.013Z
[PING] 🏠 Found 1
[PING-PI] ❌ Could not reach homebase C554CE816A718CDE
[PING-ESP] Considering HB IDs: [ 'C554CE816A718CDE' ]
[PING-ESP] Online HB IDs: []
[PING-ESP] 🚫 Skipping ESP pings (DB offline) hb=C554CE816A718CDE
[PING] ✅ All pings dispatched

[PING] 🔁 Tick — 2025-08-02T07:32:00.015Z
[PING] 🏠 Found 1
[PING-PI] ❌ Could not reach homebase C554CE816A718CDE
[PING-ESP] Considering HB IDs: [ 'C554CE816A718CDE' ]
[PING-ESP] Online HB IDs: []
[PING-ESP] 🚫 Skipping ESP pings (DB offline) hb=C554CE816A718CDE
[PING] ✅ All pings dispatched

[PING] 🔁 Tick — 2025-08-02T07:33:00.013Z
[PING] 🏠 Found 1
[PING-PI] ❌ Could not reach homebase C554CE816A718CDE
[PING-ESP] Considering HB IDs: [ 'C554CE816A718CDE' ]
[PING-ESP] Online HB IDs: []
[PING-ESP] 🚫 Skipping ESP pings (DB offline) hb=C554CE816A718CDE
[PING] ✅ All pings dispatched

[PING] 🔁 Tick — 2025-08-02T07:34:00.013Z
[PING] 🏠 Found 1
[PING-PI] ❌ Could not reach homebase C554CE816A718CDE
[PING-ESP] Considering HB IDs: [ 'C554CE816A718CDE' ]
[PING-ESP] Online HB IDs: []
[PING-ESP] 🚫 Skipping ESP pings (DB offline) hb=C554CE816A718CDE
[PING] ✅ All pings dispatched

[CRON] 2025-08-02T07:35:00.019Z — dow=6, bucket=43
[PING] 🔁 Tick — 2025-08-02T07:35:00.020Z
[CRON] ▶ ON  slots to start/continue: 0
[PING] 🏠 Found 1
[PING-PI] ❌ Could not reach homebase C554CE816A718CDE
[CRON] ▶ OFF slots to stop        : 0
[CRON] ✓ pass complete

[PING-ESP] Considering HB IDs: [ 'C554CE816A718CDE' ]
[PING-ESP] Online HB IDs: []
[PING-ESP] 🚫 Skipping ESP pings (DB offline) hb=C554CE816A718CDE
[PING] ✅ All pings dispatched

[PING] 🔁 Tick — 2025-08-02T07:36:00.015Z
[PING] 🏠 Found 1
[PING-PI] ❌ Could not reach homebase C554CE816A718CDE
[PING-ESP] Considering HB IDs: [ 'C554CE816A718CDE' ]
[PING-ESP] Online HB IDs: []
[PING-ESP] 🚫 Skipping ESP pings (DB offline) hb=C554CE816A718CDE
[PING] ✅ All pings dispatched

[PING] 🔁 Tick — 2025-08-02T07:37:00.012Z
[PING] 🏠 Found 1
[PING-PI] ❌ Could not reach homebase C554CE816A718CDE
[PING-ESP] Considering HB IDs: [ 'C554CE816A718CDE' ]
[PING-ESP] Online HB IDs: []
[PING-ESP] 🚫 Skipping ESP pings (DB offline) hb=C554CE816A718CDE
[PING] ✅ All pings dispatched

[PING] 🔁 Tick — 2025-08-02T07:38:00.015Z
[PING] 🏠 Found 1
[PING-PI] ❌ Could not reach homebase C554CE816A718CDE
[PING-ESP] Considering HB IDs: [ 'C554CE816A718CDE' ]
[PING-ESP] Online HB IDs: []
[PING-ESP] 🚫 Skipping ESP pings (DB offline) hb=C554CE816A718CDE
[PING] ✅ All pings dispatched

[PING] 🔁 Tick — 2025-08-02T07:39:00.016Z
[PING] 🏠 Found 1
[PING-PI] ❌ Could not reach homebase C554CE816A718CDE
[PING-ESP] Considering HB IDs: [ 'C554CE816A718CDE' ]
[PING-ESP] Online HB IDs: []
[PING-ESP] 🚫 Skipping ESP pings (DB offline) hb=C554CE816A718CDE
[PING] ✅ All pings dispatched

[CRON] 2025-08-02T07:40:00.017Z — dow=6, bucket=44
[PING] 🔁 Tick — 2025-08-02T07:40:00.019Z
[PING] 🏠 Found 1
[PING-PI] ❌ Could not reach homebase C554CE816A718CDE
[PING-ESP] Considering HB IDs: [ 'C554CE816A718CDE' ]
[PING-ESP] Online HB IDs: []
[PING-ESP] 🚫 Skipping ESP pings (DB offline) hb=C554CE816A718CDE
[PING] ✅ All pings dispatched

[CRON] ▶ ON  slots to start/continue: 0
[CRON] ▶ OFF slots to stop        : 0
[CRON] ✓ pass complete

[PING] 🔁 Tick — 2025-08-02T07:41:00.015Z
[PING] 🏠 Found 1
[PING-PI] ❌ Could not reach homebase C554CE816A718CDE
[PING-ESP] Considering HB IDs: [ 'C554CE816A718CDE' ]
[PING-ESP] Online HB IDs: []
[PING-ESP] 🚫 Skipping ESP pings (DB offline) hb=C554CE816A718CDE
[PING] ✅ All pings dispatched

[PING] 🔁 Tick — 2025-08-02T07:42:00.014Z
[PING] 🏠 Found 1
[PING-PI] ❌ Could not reach homebase C554CE816A718CDE
[PING-ESP] Considering HB IDs: [ 'C554CE816A718CDE' ]
[PING-ESP] Online HB IDs: []
[PING-ESP] 🚫 Skipping ESP pings (DB offline) hb=C554CE816A718CDE
[PING] ✅ All pings dispatched

[PING] 🔁 Tick — 2025-08-02T07:43:00.012Z
[PING] 🏠 Found 1
[PING-PI] ❌ Could not reach homebase C554CE816A718CDE
[PING-ESP] Considering HB IDs: [ 'C554CE816A718CDE' ]
[PING-ESP] Online HB IDs: []
[PING-ESP] 🚫 Skipping ESP pings (DB offline) hb=C554CE816A718CDE
[PING] ✅ All pings dispatched

[PING] 🔁 Tick — 2025-08-02T07:44:00.015Z
[PING] 🏠 Found 1
[PING-PI] ❌ Could not reach homebase C554CE816A718CDE
[PING-ESP] Considering HB IDs: [ 'C554CE816A718CDE' ]
[PING-ESP] Online HB IDs: []
[PING-ESP] 🚫 Skipping ESP pings (DB offline) hb=C554CE816A718CDE
[PING] ✅ All pings dispatched

[PING] 🔁 Tick — 2025-08-02T07:45:00.018Z
[CRON] 2025-08-02T07:45:00.019Z — dow=6, bucket=45
[PING] 🏠 Found 1
[PING-PI] ❌ Could not reach homebase C554CE816A718CDE
[CRON] ▶ ON  slots to start/continue: 0
[CRON] ▶ OFF slots to stop        : 0
[CRON] ✓ pass complete

[PING-ESP] Considering HB IDs: [ 'C554CE816A718CDE' ]
[PING-ESP] Online HB IDs: []
[PING-ESP] 🚫 Skipping ESP pings (DB offline) hb=C554CE816A718CDE
[PING] ✅ All pings dispatched

[PING] 🔁 Tick — 2025-08-02T07:46:00.014Z
[PING] 🏠 Found 1
[PING-PI] ❌ Could not reach homebase C554CE816A718CDE
[PING-ESP] Considering HB IDs: [ 'C554CE816A718CDE' ]
[PING-ESP] Online HB IDs: []
[PING-ESP] 🚫 Skipping ESP pings (DB offline) hb=C554CE816A718CDE
[PING] ✅ All pings dispatched

[PING] 🔁 Tick — 2025-08-02T07:47:00.012Z
[PING] 🏠 Found 1
[PING-PI] ❌ Could not reach homebase C554CE816A718CDE
[PING-ESP] Considering HB IDs: [ 'C554CE816A718CDE' ]
[PING-ESP] Online HB IDs: []
[PING-ESP] 🚫 Skipping ESP pings (DB offline) hb=C554CE816A718CDE
[PING] ✅ All pings dispatched

[PING] 🔁 Tick — 2025-08-02T07:48:00.013Z
[PING] 🏠 Found 1
[PING-PI] ❌ Could not reach homebase C554CE816A718CDE
[PING-ESP] Considering HB IDs: [ 'C554CE816A718CDE' ]
[PING-ESP] Online HB IDs: []
[PING-ESP] 🚫 Skipping ESP pings (DB offline) hb=C554CE816A718CDE
[PING] ✅ All pings dispatched

[PING] 🔁 Tick — 2025-08-02T07:49:00.012Z
[PING] 🏠 Found 1
[PING-PI] ❌ Could not reach homebase C554CE816A718CDE
[PING-ESP] Considering HB IDs: [ 'C554CE816A718CDE' ]
[PING-ESP] Online HB IDs: []
[PING-ESP] 🚫 Skipping ESP pings (DB offline) hb=C554CE816A718CDE
[PING] ✅ All pings dispatched

[CRON] 2025-08-02T07:50:00.019Z — dow=6, bucket=46
[PING] 🔁 Tick — 2025-08-02T07:50:00.020Z
[PING] 🏠 Found 1
[PING-PI] ❌ Could not reach homebase C554CE816A718CDE
[PING-ESP] Considering HB IDs: [ 'C554CE816A718CDE' ]
[PING-ESP] Online HB IDs: []
[PING-ESP] 🚫 Skipping ESP pings (DB offline) hb=C554CE816A718CDE
[PING] ✅ All pings dispatched

[CRON] ▶ ON  slots to start/continue: 0
[CRON] ▶ OFF slots to stop        : 0
[CRON] ✓ pass complete

[PING] 🔁 Tick — 2025-08-02T07:51:00.016Z
[PING] 🏠 Found 1
[PING-PI] ❌ Could not reach homebase C554CE816A718CDE
[PING-ESP] Considering HB IDs: [ 'C554CE816A718CDE' ]
[PING-ESP] Online HB IDs: []
[PING-ESP] 🚫 Skipping ESP pings (DB offline) hb=C554CE816A718CDE
[PING] ✅ All pings dispatched

[PING] 🔁 Tick — 2025-08-02T07:52:00.015Z
[PING] 🏠 Found 1
[PING-PI] ❌ Could not reach homebase C554CE816A718CDE
[PING-ESP] Considering HB IDs: [ 'C554CE816A718CDE' ]
[PING-ESP] Online HB IDs: []
[PING-ESP] 🚫 Skipping ESP pings (DB offline) hb=C554CE816A718CDE
[PING] ✅ All pings dispatched

[PING] 🔁 Tick — 2025-08-02T07:53:00.015Z
[PING] 🏠 Found 1
[PING-PI] ❌ Could not reach homebase C554CE816A718CDE
[PING-ESP] Considering HB IDs: [ 'C554CE816A718CDE' ]
[PING-ESP] Online HB IDs: []
[PING-ESP] 🚫 Skipping ESP pings (DB offline) hb=C554CE816A718CDE
[PING] ✅ All pings dispatched

[PING] 🔁 Tick — 2025-08-02T07:54:00.016Z
[PING] 🏠 Found 1
[PING-PI] ❌ Could not reach homebase C554CE816A718CDE
[PING-ESP] Considering HB IDs: [ 'C554CE816A718CDE' ]
[PING-ESP] Online HB IDs: []
[PING-ESP] 🚫 Skipping ESP pings (DB offline) hb=C554CE816A718CDE
[PING] ✅ All pings dispatched

[CRON] 2025-08-02T07:55:00.019Z — dow=6, bucket=47
[PING] 🔁 Tick — 2025-08-02T07:55:00.020Z
[CRON] ▶ ON  slots to start/continue: 0
[PING] 🏠 Found 1
[PING-PI] ❌ Could not reach homebase C554CE816A718CDE
[CRON] ▶ OFF slots to stop        : 0
[CRON] ✓ pass complete

[PING-ESP] Considering HB IDs: [ 'C554CE816A718CDE' ]
[PING-ESP] Online HB IDs: []
[PING-ESP] 🚫 Skipping ESP pings (DB offline) hb=C554CE816A718CDE
[PING] ✅ All pings dispatched

[PING] 🔁 Tick — 2025-08-02T07:56:00.014Z
[PING] 🏠 Found 1
[PING-PI] ❌ Could not reach homebase C554CE816A718CDE
[PING-ESP] Considering HB IDs: [ 'C554CE816A718CDE' ]
[PING-ESP] Online HB IDs: []
[PING-ESP] 🚫 Skipping ESP pings (DB offline) hb=C554CE816A718CDE
[PING] ✅ All pings dispatched

[PING] 🔁 Tick — 2025-08-02T07:57:00.016Z
[PING] 🏠 Found 1
[PING-PI] ❌ Could not reach homebase C554CE816A718CDE
[PING-ESP] Considering HB IDs: [ 'C554CE816A718CDE' ]
[PING-ESP] Online HB IDs: []
[PING-ESP] 🚫 Skipping ESP pings (DB offline) hb=C554CE816A718CDE
[PING] ✅ All pings dispatched

[PING] 🔁 Tick — 2025-08-02T07:58:00.017Z
[PING] 🏠 Found 1
[PING-PI] ❌ Could not reach homebase C554CE816A718CDE
[PING-ESP] Considering HB IDs: [ 'C554CE816A718CDE' ]
[PING-ESP] Online HB IDs: []
[PING-ESP] 🚫 Skipping ESP pings (DB offline) hb=C554CE816A718CDE
[PING] ✅ All pings dispatched

[PING] 🔁 Tick — 2025-08-02T07:59:00.012Z
[PING] 🏠 Found 1
[PING-PI] ❌ Could not reach homebase C554CE816A718CDE
[PING-ESP] Considering HB IDs: [ 'C554CE816A718CDE' ]
[PING-ESP] Online HB IDs: []
[PING-ESP] 🚫 Skipping ESP pings (DB offline) hb=C554CE816A718CDE
[PING] ✅ All pings dispatched

[CRON] 2025-08-02T08:00:00.018Z — dow=6, bucket=48
[PING] 🔁 Tick — 2025-08-02T08:00:00.019Z
[PING] 🏠 Found 1
[PING-PI] ❌ Could not reach homebase C554CE816A718CDE
[PING-ESP] Considering HB IDs: [ 'C554CE816A718CDE' ]
[PING-ESP] Online HB IDs: []
[PING-ESP] 🚫 Skipping ESP pings (DB offline) hb=C554CE816A718CDE
[PING] ✅ All pings dispatched

[CRON] ▶ ON  slots to start/continue: 0
[CRON] ▶ OFF slots to stop        : 0
[CRON] ✓ pass complete

[PING] 🔁 Tick — 2025-08-02T08:01:00.014Z
[PING] 🏠 Found 1
[PING-PI] ❌ Could not reach homebase C554CE816A718CDE
[PING-ESP] Considering HB IDs: [ 'C554CE816A718CDE' ]
[PING-ESP] Online HB IDs: []
[PING-ESP] 🚫 Skipping ESP pings (DB offline) hb=C554CE816A718CDE
[PING] ✅ All pings dispatched

[PING] 🔁 Tick — 2025-08-02T08:02:00.015Z
[PING] 🏠 Found 1
[PING-PI] ❌ Could not reach homebase C554CE816A718CDE
[PING-ESP] Considering HB IDs: [ 'C554CE816A718CDE' ]
[PING-ESP] Online HB IDs: []
[PING-ESP] 🚫 Skipping ESP pings (DB offline) hb=C554CE816A718CDE
[PING] ✅ All pings dispatched

[PING] 🔁 Tick — 2025-08-02T08:03:00.016Z
[PING] 🏠 Found 1
[PING-PI] ❌ Could not reach homebase C554CE816A718CDE
[PING-ESP] Considering HB IDs: [ 'C554CE816A718CDE' ]
[PING-ESP] Online HB IDs: []
[PING-ESP] 🚫 Skipping ESP pings (DB offline) hb=C554CE816A718CDE
[PING] ✅ All pings dispatched

[PING] 🔁 Tick — 2025-08-02T08:04:00.015Z
[PING] 🏠 Found 1
[PING-PI] ❌ Could not reach homebase C554CE816A718CDE
[PING-ESP] Considering HB IDs: [ 'C554CE816A718CDE' ]
[PING-ESP] Online HB IDs: []
[PING-ESP] 🚫 Skipping ESP pings (DB offline) hb=C554CE816A718CDE
[PING] ✅ All pings dispatched

[CRON] 2025-08-02T08:05:00.019Z — dow=6, bucket=49
[PING] 🔁 Tick — 2025-08-02T08:05:00.020Z
[CRON] ▶ ON  slots to start/continue: 0
[PING] 🏠 Found 1
[PING-PI] ❌ Could not reach homebase C554CE816A718CDE
[CRON] ▶ OFF slots to stop        : 0
[CRON] ✓ pass complete

[PING-ESP] Considering HB IDs: [ 'C554CE816A718CDE' ]
[PING-ESP] Online HB IDs: []
[PING-ESP] 🚫 Skipping ESP pings (DB offline) hb=C554CE816A718CDE
[PING] ✅ All pings dispatched

[PING] 🔁 Tick — 2025-08-02T08:06:00.014Z
[PING] 🏠 Found 1
[PING-PI] ❌ Could not reach homebase C554CE816A718CDE
[PING-ESP] Considering HB IDs: [ 'C554CE816A718CDE' ]
[PING-ESP] Online HB IDs: []
[PING-ESP] 🚫 Skipping ESP pings (DB offline) hb=C554CE816A718CDE
[PING] ✅ All pings dispatched

[PING] 🔁 Tick — 2025-08-02T08:07:00.016Z
[PING] 🏠 Found 1
[PING-PI] ❌ Could not reach homebase C554CE816A718CDE
[PING-ESP] Considering HB IDs: [ 'C554CE816A718CDE' ]
[PING-ESP] Online HB IDs: []
[PING-ESP] 🚫 Skipping ESP pings (DB offline) hb=C554CE816A718CDE
[PING] ✅ All pings dispatched

[PING] 🔁 Tick — 2025-08-02T08:08:00.016Z
[PING] 🏠 Found 1
[PING-PI] ❌ Could not reach homebase C554CE816A718CDE
[PING-ESP] Considering HB IDs: [ 'C554CE816A718CDE' ]
[PING-ESP] Online HB IDs: []
[PING-ESP] 🚫 Skipping ESP pings (DB offline) hb=C554CE816A718CDE
[PING] ✅ All pings dispatched

[PING] 🔁 Tick — 2025-08-02T08:09:00.012Z
[PING] 🏠 Found 1
[PING-PI] ❌ Could not reach homebase C554CE816A718CDE
[PING-ESP] Considering HB IDs: [ 'C554CE816A718CDE' ]
[PING-ESP] Online HB IDs: []
[PING-ESP] 🚫 Skipping ESP pings (DB offline) hb=C554CE816A718CDE
[PING] ✅ All pings dispatched

[CRON] 2025-08-02T08:10:00.018Z — dow=6, bucket=50
[PING] 🔁 Tick — 2025-08-02T08:10:00.020Z
[PING] 🏠 Found 1
[PING-PI] ❌ Could not reach homebase C554CE816A718CDE
[CRON] ▶ ON  slots to start/continue: 0
[CRON] ▶ OFF slots to stop        : 0
[CRON] ✓ pass complete

[PING-ESP] Considering HB IDs: [ 'C554CE816A718CDE' ]
[PING-ESP] Online HB IDs: []
[PING-ESP] 🚫 Skipping ESP pings (DB offline) hb=C554CE816A718CDE
[PING] ✅ All pings dispatched

[PING] 🔁 Tick — 2025-08-02T08:11:00.015Z
[PING] 🏠 Found 1
[PING-PI] ❌ Could not reach homebase C554CE816A718CDE
[PING-ESP] Considering HB IDs: [ 'C554CE816A718CDE' ]
[PING-ESP] Online HB IDs: []
[PING-ESP] 🚫 Skipping ESP pings (DB offline) hb=C554CE816A718CDE
[PING] ✅ All pings dispatched

[PING] 🔁 Tick — 2025-08-02T08:12:00.015Z
[PING] 🏠 Found 1
[PING-PI] ❌ Could not reach homebase C554CE816A718CDE
[PING-ESP] Considering HB IDs: [ 'C554CE816A718CDE' ]
[PING-ESP] Online HB IDs: []
[PING-ESP] 🚫 Skipping ESP pings (DB offline) hb=C554CE816A718CDE
[PING] ✅ All pings dispatched

[PING] 🔁 Tick — 2025-08-02T08:13:00.012Z
[PING] 🏠 Found 1
[PING-PI] ❌ Could not reach homebase C554CE816A718CDE
[PING-ESP] Considering HB IDs: [ 'C554CE816A718CDE' ]
[PING-ESP] Online HB IDs: []
[PING-ESP] 🚫 Skipping ESP pings (DB offline) hb=C554CE816A718CDE
[PING] ✅ All pings dispatched

[PING] 🔁 Tick — 2025-08-02T08:14:00.016Z
[PING] 🏠 Found 1
[PING-PI] ❌ Could not reach homebase C554CE816A718CDE
[PING-ESP] Considering HB IDs: [ 'C554CE816A718CDE' ]
[PING-ESP] Online HB IDs: []
[PING-ESP] 🚫 Skipping ESP pings (DB offline) hb=C554CE816A718CDE
[PING] ✅ All pings dispatched

[CRON] 2025-08-02T08:15:00.019Z — dow=6, bucket=51
[PING] 🔁 Tick — 2025-08-02T08:15:00.020Z
[CRON] ▶ ON  slots to start/continue: 0
[PING] 🏠 Found 1
[PING-PI] ❌ Could not reach homebase C554CE816A718CDE
[CRON] ▶ OFF slots to stop        : 0
[CRON] ✓ pass complete

[PING-ESP] Considering HB IDs: [ 'C554CE816A718CDE' ]
[PING-ESP] Online HB IDs: []
[PING-ESP] 🚫 Skipping ESP pings (DB offline) hb=C554CE816A718CDE
[PING] ✅ All pings dispatched

[PING] 🔁 Tick — 2025-08-02T08:16:00.015Z
[PING] 🏠 Found 1
[PING-PI] ❌ Could not reach homebase C554CE816A718CDE
[PING-ESP] Considering HB IDs: [ 'C554CE816A718CDE' ]
[PING-ESP] Online HB IDs: []
[PING-ESP] 🚫 Skipping ESP pings (DB offline) hb=C554CE816A718CDE
[PING] ✅ All pings dispatched

[PING] 🔁 Tick — 2025-08-02T08:17:00.015Z
[PING] 🏠 Found 1
[PING-PI] ❌ Could not reach homebase C554CE816A718CDE
[PING-ESP] Considering HB IDs: [ 'C554CE816A718CDE' ]
[PING-ESP] Online HB IDs: []
[PING-ESP] 🚫 Skipping ESP pings (DB offline) hb=C554CE816A718CDE
[PING] ✅ All pings dispatched

[PING] 🔁 Tick — 2025-08-02T08:18:00.015Z
[PING] 🏠 Found 1
[PING-PI] ❌ Could not reach homebase C554CE816A718CDE
[PING-ESP] Considering HB IDs: [ 'C554CE816A718CDE' ]
[PING-ESP] Online HB IDs: []
[PING-ESP] 🚫 Skipping ESP pings (DB offline) hb=C554CE816A718CDE
[PING] ✅ All pings dispatched

[PING] 🔁 Tick — 2025-08-02T08:19:00.015Z
[PING] 🏠 Found 1
[PING-PI] ❌ Could not reach homebase C554CE816A718CDE
[PING-ESP] Considering HB IDs: [ 'C554CE816A718CDE' ]
[PING-ESP] Online HB IDs: []
[PING-ESP] 🚫 Skipping ESP pings (DB offline) hb=C554CE816A718CDE
[PING] ✅ All pings dispatched

[CRON] 2025-08-02T08:20:00.017Z — dow=6, bucket=52
[PING] 🔁 Tick — 2025-08-02T08:20:00.018Z
[PING] 🏠 Found 1
[PING-PI] ❌ Could not reach homebase C554CE816A718CDE
[PING-ESP] Considering HB IDs: [ 'C554CE816A718CDE' ]
[PING-ESP] Online HB IDs: []
[PING-ESP] 🚫 Skipping ESP pings (DB offline) hb=C554CE816A718CDE
[PING] ✅ All pings dispatched

[CRON] ▶ ON  slots to start/continue: 0
[CRON] ▶ OFF slots to stop        : 0
[CRON] ✓ pass complete

[PING] 🔁 Tick — 2025-08-02T08:21:00.012Z
[PING] 🏠 Found 1
[PING-PI] ❌ Could not reach homebase C554CE816A718CDE
[PING-ESP] Considering HB IDs: [ 'C554CE816A718CDE' ]
[PING-ESP] Online HB IDs: []
[PING-ESP] 🚫 Skipping ESP pings (DB offline) hb=C554CE816A718CDE
[PING] ✅ All pings dispatched

[PING] 🔁 Tick — 2025-08-02T08:22:00.016Z
[PING] 🏠 Found 1
[PING-PI] ❌ Could not reach homebase C554CE816A718CDE
[PING-ESP] Considering HB IDs: [ 'C554CE816A718CDE' ]
[PING-ESP] Online HB IDs: []
[PING-ESP] 🚫 Skipping ESP pings (DB offline) hb=C554CE816A718CDE
[PING] ✅ All pings dispatched

[PING] 🔁 Tick — 2025-08-02T08:23:00.015Z
[PING] 🏠 Found 1
[PING-PI] ❌ Could not reach homebase C554CE816A718CDE
[PING-ESP] Considering HB IDs: [ 'C554CE816A718CDE' ]
[PING-ESP] Online HB IDs: []
[PING-ESP] 🚫 Skipping ESP pings (DB offline) hb=C554CE816A718CDE
[PING] ✅ All pings dispatched

[PING] 🔁 Tick — 2025-08-02T08:24:00.015Z
[PING] 🏠 Found 1
[PING-PI] ❌ Could not reach homebase C554CE816A718CDE
[PING-ESP] Considering HB IDs: [ 'C554CE816A718CDE' ]
[PING-ESP] Online HB IDs: []
[PING-ESP] 🚫 Skipping ESP pings (DB offline) hb=C554CE816A718CDE
[PING] ✅ All pings dispatched

[CRON] 2025-08-02T08:25:00.016Z — dow=6, bucket=53
[PING] 🔁 Tick — 2025-08-02T08:25:00.017Z
[CRON] ▶ ON  slots to start/continue: 0
[PING] 🏠 Found 1
[PING-PI] ❌ Could not reach homebase C554CE816A718CDE
[CRON] ▶ OFF slots to stop        : 0
[CRON] ✓ pass complete

[PING-ESP] Considering HB IDs: [ 'C554CE816A718CDE' ]
[PING-ESP] Online HB IDs: []
[PING-ESP] 🚫 Skipping ESP pings (DB offline) hb=C554CE816A718CDE
[PING] ✅ All pings dispatched

[PING] 🔁 Tick — 2025-08-02T08:26:00.015Z
[PING] 🏠 Found 1
[PING-PI] ❌ Could not reach homebase C554CE816A718CDE
[PING-ESP] Considering HB IDs: [ 'C554CE816A718CDE' ]
[PING-ESP] Online HB IDs: []
[PING-ESP] 🚫 Skipping ESP pings (DB offline) hb=C554CE816A718CDE
[PING] ✅ All pings dispatched

[PING] 🔁 Tick — 2025-08-02T08:27:00.015Z
[PING] 🏠 Found 1
[PING-PI] ❌ Could not reach homebase C554CE816A718CDE
[PING-ESP] Considering HB IDs: [ 'C554CE816A718CDE' ]
[PING-ESP] Online HB IDs: []
[PING-ESP] 🚫 Skipping ESP pings (DB offline) hb=C554CE816A718CDE
[PING] ✅ All pings dispatched

[PING] 🔁 Tick — 2025-08-02T08:28:00.014Z
[PING] 🏠 Found 1
[PING-PI] ❌ Could not reach homebase C554CE816A718CDE
[PING-ESP] Considering HB IDs: [ 'C554CE816A718CDE' ]
[PING-ESP] Online HB IDs: []
[PING-ESP] 🚫 Skipping ESP pings (DB offline) hb=C554CE816A718CDE
[PING] ✅ All pings dispatched

[PING] 🔁 Tick — 2025-08-02T08:29:00.014Z
[PING] 🏠 Found 1
[PING-PI] ❌ Could not reach homebase C554CE816A718CDE
[PING-ESP] Considering HB IDs: [ 'C554CE816A718CDE' ]
[PING-ESP] Online HB IDs: []
[PING-ESP] 🚫 Skipping ESP pings (DB offline) hb=C554CE816A718CDE
[PING] ✅ All pings dispatched

[CRON] 2025-08-02T08:30:00.016Z — dow=6, bucket=54
[PING] 🔁 Tick — 2025-08-02T08:30:00.018Z
[PING] 🏠 Found 1
[PING-PI] ❌ Could not reach homebase C554CE816A718CDE
[PING-ESP] Considering HB IDs: [ 'C554CE816A718CDE' ]
[PING-ESP] Online HB IDs: []
[PING-ESP] 🚫 Skipping ESP pings (DB offline) hb=C554CE816A718CDE
[PING] ✅ All pings dispatched

[CRON] ▶ ON  slots to start/continue: 0
[CRON] ▶ OFF slots to stop        : 0
[CRON] ✓ pass complete

[PING] 🔁 Tick — 2025-08-02T08:31:00.015Z
[PING] 🏠 Found 1
[PING-PI] ❌ Could not reach homebase C554CE816A718CDE
[PING-ESP] Considering HB IDs: [ 'C554CE816A718CDE' ]
[PING-ESP] Online HB IDs: []
[PING-ESP] 🚫 Skipping ESP pings (DB offline) hb=C554CE816A718CDE
[PING] ✅ All pings dispatched

[PING] 🔁 Tick — 2025-08-02T08:32:00.015Z
[PING] 🏠 Found 1
[PING-PI] ❌ Could not reach homebase C554CE816A718CDE
[PING-ESP] Considering HB IDs: [ 'C554CE816A718CDE' ]
[PING-ESP] Online HB IDs: []
[PING-ESP] 🚫 Skipping ESP pings (DB offline) hb=C554CE816A718CDE
[PING] ✅ All pings dispatched

[PING] 🔁 Tick — 2025-08-02T08:33:00.012Z
[PING] 🏠 Found 1
[PING-PI] ❌ Could not reach homebase C554CE816A718CDE
[PING-ESP] Considering HB IDs: [ 'C554CE816A718CDE' ]
[PING-ESP] Online HB IDs: []
[PING-ESP] 🚫 Skipping ESP pings (DB offline) hb=C554CE816A718CDE
[PING] ✅ All pings dispatched

[PING] 🔁 Tick — 2025-08-02T08:34:00.015Z
[PING] 🏠 Found 1
[PING-PI] ❌ Could not reach homebase C554CE816A718CDE
[PING-ESP] Considering HB IDs: [ 'C554CE816A718CDE' ]
[PING-ESP] Online HB IDs: []
[PING-ESP] 🚫 Skipping ESP pings (DB offline) hb=C554CE816A718CDE
[PING] ✅ All pings dispatched

[CRON] 2025-08-02T08:35:00.020Z — dow=6, bucket=55
[PING] 🔁 Tick — 2025-08-02T08:35:00.021Z
[CRON] ▶ ON  slots to start/continue: 0
[PING] 🏠 Found 1
[PING-PI] ❌ Could not reach homebase C554CE816A718CDE
[CRON] ▶ OFF slots to stop        : 0
[CRON] ✓ pass complete

[PING-ESP] Considering HB IDs: [ 'C554CE816A718CDE' ]
[PING-ESP] Online HB IDs: []
[PING-ESP] 🚫 Skipping ESP pings (DB offline) hb=C554CE816A718CDE
[PING] ✅ All pings dispatched

[PING] 🔁 Tick — 2025-08-02T08:36:00.011Z
[PING] 🏠 Found 1
[PING-PI] ❌ Could not reach homebase C554CE816A718CDE
[PING-ESP] Considering HB IDs: [ 'C554CE816A718CDE' ]
[PING-ESP] Online HB IDs: []
[PING-ESP] 🚫 Skipping ESP pings (DB offline) hb=C554CE816A718CDE
[PING] ✅ All pings dispatched

[PING] 🔁 Tick — 2025-08-02T08:37:00.015Z
[PING] 🏠 Found 1
[PING-PI] ❌ Could not reach homebase C554CE816A718CDE
[PING-ESP] Considering HB IDs: [ 'C554CE816A718CDE' ]
[PING-ESP] Online HB IDs: []
[PING-ESP] 🚫 Skipping ESP pings (DB offline) hb=C554CE816A718CDE
[PING] ✅ All pings dispatched

[PING] 🔁 Tick — 2025-08-02T08:38:00.012Z
[PING] 🏠 Found 1
[PING-PI] ❌ Could not reach homebase C554CE816A718CDE
[PING-ESP] Considering HB IDs: [ 'C554CE816A718CDE' ]
[PING-ESP] Online HB IDs: []
[PING-ESP] 🚫 Skipping ESP pings (DB offline) hb=C554CE816A718CDE
[PING] ✅ All pings dispatched

[PING] 🔁 Tick — 2025-08-02T08:39:00.005Z
[PING] 🏠 Found 1
[PING-PI] ❌ Could not reach homebase C554CE816A718CDE
[PING-ESP] Considering HB IDs: [ 'C554CE816A718CDE' ]
[PING-ESP] Online HB IDs: []
[PING-ESP] 🚫 Skipping ESP pings (DB offline) hb=C554CE816A718CDE
[PING] ✅ All pings dispatched

[CRON] 2025-08-02T08:40:00.018Z — dow=6, bucket=56
[PING] 🔁 Tick — 2025-08-02T08:40:00.019Z
[PING] 🏠 Found 1
[PING-PI] ❌ Could not reach homebase C554CE816A718CDE
[PING-ESP] Considering HB IDs: [ 'C554CE816A718CDE' ]
[PING-ESP] Online HB IDs: []
[PING-ESP] 🚫 Skipping ESP pings (DB offline) hb=C554CE816A718CDE
[PING] ✅ All pings dispatched

[CRON] ▶ ON  slots to start/continue: 0
[CRON] ▶ OFF slots to stop        : 0
[CRON] ✓ pass complete

[PING] 🔁 Tick — 2025-08-02T08:41:00.012Z
[PING] 🏠 Found 1
[PING-PI] ❌ Could not reach homebase C554CE816A718CDE
[PING-ESP] Considering HB IDs: [ 'C554CE816A718CDE' ]
[PING-ESP] Online HB IDs: []
[PING-ESP] 🚫 Skipping ESP pings (DB offline) hb=C554CE816A718CDE
[PING] ✅ All pings dispatched

[PING] 🔁 Tick — 2025-08-02T08:42:00.012Z
[PING] 🏠 Found 1
[PING-PI] ❌ Could not reach homebase C554CE816A718CDE
[PING-ESP] Considering HB IDs: [ 'C554CE816A718CDE' ]
[PING-ESP] Online HB IDs: []
[PING-ESP] 🚫 Skipping ESP pings (DB offline) hb=C554CE816A718CDE
[PING] ✅ All pings dispatched

[PING] 🔁 Tick — 2025-08-02T08:43:00.006Z
[PING] 🏠 Found 1
[PING-PI] ❌ Could not reach homebase C554CE816A718CDE
[PING-ESP] Considering HB IDs: [ 'C554CE816A718CDE' ]
[PING-ESP] Online HB IDs: []
[PING-ESP] 🚫 Skipping ESP pings (DB offline) hb=C554CE816A718CDE
[PING] ✅ All pings dispatched

[PING] 🔁 Tick — 2025-08-02T08:44:00.015Z
[PING] 🏠 Found 1
[PING-PI] ❌ Could not reach homebase C554CE816A718CDE
[PING-ESP] Considering HB IDs: [ 'C554CE816A718CDE' ]
[PING-ESP] Online HB IDs: []
[PING-ESP] 🚫 Skipping ESP pings (DB offline) hb=C554CE816A718CDE
[PING] ✅ All pings dispatched

[CRON] 2025-08-02T08:45:00.018Z — dow=6, bucket=57
[PING] 🔁 Tick — 2025-08-02T08:45:00.019Z
[CRON] ▶ ON  slots to start/continue: 0
[PING] 🏠 Found 1
[PING-PI] ❌ Could not reach homebase C554CE816A718CDE
[CRON] ▶ OFF slots to stop        : 0
[CRON] ✓ pass complete

[PING-ESP] Considering HB IDs: [ 'C554CE816A718CDE' ]
[PING-ESP] Online HB IDs: []
[PING-ESP] 🚫 Skipping ESP pings (DB offline) hb=C554CE816A718CDE
[PING] ✅ All pings dispatched

[PING] 🔁 Tick — 2025-08-02T08:46:00.014Z
[PING] 🏠 Found 1
[PING-PI] ❌ Could not reach homebase C554CE816A718CDE
[PING-ESP] Considering HB IDs: [ 'C554CE816A718CDE' ]
[PING-ESP] Online HB IDs: []
[PING-ESP] 🚫 Skipping ESP pings (DB offline) hb=C554CE816A718CDE
[PING] ✅ All pings dispatched

[PING] 🔁 Tick — 2025-08-02T08:47:00.013Z
[PING] 🏠 Found 1
[PING-PI] ❌ Could not reach homebase C554CE816A718CDE
[PING-ESP] Considering HB IDs: [ 'C554CE816A718CDE' ]
[PING-ESP] Online HB IDs: []
[PING-ESP] 🚫 Skipping ESP pings (DB offline) hb=C554CE816A718CDE
[PING] ✅ All pings dispatched

[PING] 🔁 Tick — 2025-08-02T08:48:00.015Z
[PING] 🏠 Found 1
[PING-PI] ❌ Could not reach homebase C554CE816A718CDE
[PING-ESP] Considering HB IDs: [ 'C554CE816A718CDE' ]
[PING-ESP] Online HB IDs: []
[PING-ESP] 🚫 Skipping ESP pings (DB offline) hb=C554CE816A718CDE
[PING] ✅ All pings dispatched

[PING] 🔁 Tick — 2025-08-02T08:49:00.014Z
[PING] 🏠 Found 1
[PING-PI] ❌ Could not reach homebase C554CE816A718CDE
[PING-ESP] Considering HB IDs: [ 'C554CE816A718CDE' ]
[PING-ESP] Online HB IDs: []
[PING-ESP] 🚫 Skipping ESP pings (DB offline) hb=C554CE816A718CDE
[PING] ✅ All pings dispatched

[CRON] 2025-08-02T08:50:00.017Z — dow=6, bucket=58
[PING] 🔁 Tick — 2025-08-02T08:50:00.017Z
[PING] 🏠 Found 1
[PING-PI] ❌ Could not reach homebase C554CE816A718CDE
[CRON] ▶ ON  slots to start/continue: 0
[CRON] ▶ OFF slots to stop        : 0
[CRON] ✓ pass complete

[PING-ESP] Considering HB IDs: [ 'C554CE816A718CDE' ]
[PING-ESP] Online HB IDs: []
[PING-ESP] 🚫 Skipping ESP pings (DB offline) hb=C554CE816A718CDE
[PING] ✅ All pings dispatched

[PING] 🔁 Tick — 2025-08-02T08:51:00.012Z
[PING] 🏠 Found 1
[PING-PI] ❌ Could not reach homebase C554CE816A718CDE
[PING-ESP] Considering HB IDs: [ 'C554CE816A718CDE' ]
[PING-ESP] Online HB IDs: []
[PING-ESP] 🚫 Skipping ESP pings (DB offline) hb=C554CE816A718CDE
[PING] ✅ All pings dispatched

[PING] 🔁 Tick — 2025-08-02T08:52:00.016Z
[PING] 🏠 Found 1
[PING-PI] ❌ Could not reach homebase C554CE816A718CDE
[PING-ESP] Considering HB IDs: [ 'C554CE816A718CDE' ]
[PING-ESP] Online HB IDs: []
[PING-ESP] 🚫 Skipping ESP pings (DB offline) hb=C554CE816A718CDE
[PING] ✅ All pings dispatched

[PING] 🔁 Tick — 2025-08-02T08:53:00.012Z
[PING] 🏠 Found 1
[PING-PI] ❌ Could not reach homebase C554CE816A718CDE
[PING-ESP] Considering HB IDs: [ 'C554CE816A718CDE' ]
[PING-ESP] Online HB IDs: []
[PING-ESP] 🚫 Skipping ESP pings (DB offline) hb=C554CE816A718CDE
[PING] ✅ All pings dispatched

[PING] 🔁 Tick — 2025-08-02T08:54:00.012Z
[PING] 🏠 Found 1
[PING-PI] ❌ Could not reach homebase C554CE816A718CDE
[PING-ESP] Considering HB IDs: [ 'C554CE816A718CDE' ]
[PING-ESP] Online HB IDs: []
[PING-ESP] 🚫 Skipping ESP pings (DB offline) hb=C554CE816A718CDE
[PING] ✅ All pings dispatched

[CRON] 2025-08-02T08:55:00.020Z — dow=6, bucket=59
[PING] 🔁 Tick — 2025-08-02T08:55:00.021Z
[PING] 🏠 Found 1
[PING-PI] ❌ Could not reach homebase C554CE816A718CDE
[CRON] ▶ ON  slots to start/continue: 0
[CRON] ▶ OFF slots to stop        : 0
[CRON] ✓ pass complete

[PING-ESP] Considering HB IDs: [ 'C554CE816A718CDE' ]
[PING-ESP] Online HB IDs: []
[PING-ESP] 🚫 Skipping ESP pings (DB offline) hb=C554CE816A718CDE
[PING] ✅ All pings dispatched

[PING] 🔁 Tick — 2025-08-02T08:56:00.012Z
[PING] 🏠 Found 1
[PING-PI] ❌ Could not reach homebase C554CE816A718CDE
[PING-ESP] Considering HB IDs: [ 'C554CE816A718CDE' ]
[PING-ESP] Online HB IDs: []
[PING-ESP] 🚫 Skipping ESP pings (DB offline) hb=C554CE816A718CDE
[PING] ✅ All pings dispatched

[PING] 🔁 Tick — 2025-08-02T08:57:00.012Z
[PING] 🏠 Found 1
[PING-PI] ❌ Could not reach homebase C554CE816A718CDE
[PING-ESP] Considering HB IDs: [ 'C554CE816A718CDE' ]
[PING-ESP] Online HB IDs: []
[PING-ESP] 🚫 Skipping ESP pings (DB offline) hb=C554CE816A718CDE
[PING] ✅ All pings dispatched

[PING] 🔁 Tick — 2025-08-02T08:58:00.016Z
[PING] 🏠 Found 1
[PING-PI] ❌ Could not reach homebase C554CE816A718CDE
[PING-ESP] Considering HB IDs: [ 'C554CE816A718CDE' ]
[PING-ESP] Online HB IDs: []
[PING-ESP] 🚫 Skipping ESP pings (DB offline) hb=C554CE816A718CDE
[PING] ✅ All pings dispatched

[PING] 🔁 Tick — 2025-08-02T08:59:00.014Z
[PING] 🏠 Found 1
[PING-PI] ❌ Could not reach homebase C554CE816A718CDE
[PING-ESP] Considering HB IDs: [ 'C554CE816A718CDE' ]
[PING-ESP] Online HB IDs: []
[PING-ESP] 🚫 Skipping ESP pings (DB offline) hb=C554CE816A718CDE
[PING] ✅ All pings dispatched

[CRON] 2025-08-02T09:00:00.016Z — dow=6, bucket=60
[PING] 🔁 Tick — 2025-08-02T09:00:00.017Z
[PING] 🏠 Found 1
[PING-PI] ❌ Could not reach homebase C554CE816A718CDE
[PING-ESP] Considering HB IDs: [ 'C554CE816A718CDE' ]
[PING-ESP] Online HB IDs: []
[PING-ESP] 🚫 Skipping ESP pings (DB offline) hb=C554CE816A718CDE
[PING] ✅ All pings dispatched

[CRON] ▶ ON  slots to start/continue: 0
[CRON] ▶ OFF slots to stop        : 0
[CRON] ✓ pass complete

[PING] 🔁 Tick — 2025-08-02T09:01:00.014Z
[PING] 🏠 Found 1
[PING-PI] ❌ Could not reach homebase C554CE816A718CDE
[PING-ESP] Considering HB IDs: [ 'C554CE816A718CDE' ]
[PING-ESP] Online HB IDs: []
[PING-ESP] 🚫 Skipping ESP pings (DB offline) hb=C554CE816A718CDE
[PING] ✅ All pings dispatched

[PING] 🔁 Tick — 2025-08-02T09:02:00.014Z
[PING] 🏠 Found 1
[PING-PI] ❌ Could not reach homebase C554CE816A718CDE
[PING-ESP] Considering HB IDs: [ 'C554CE816A718CDE' ]
[PING-ESP] Online HB IDs: []
[PING-ESP] 🚫 Skipping ESP pings (DB offline) hb=C554CE816A718CDE
[PING] ✅ All pings dispatched

[PING] 🔁 Tick — 2025-08-02T09:03:00.013Z
[PING] 🏠 Found 1
[PING-PI] ❌ Could not reach homebase C554CE816A718CDE
[PING-ESP] Considering HB IDs: [ 'C554CE816A718CDE' ]
[PING-ESP] Online HB IDs: []
[PING-ESP] 🚫 Skipping ESP pings (DB offline) hb=C554CE816A718CDE
[PING] ✅ All pings dispatched

[PING] 🔁 Tick — 2025-08-02T09:04:00.015Z
[PING] 🏠 Found 1
[PING-PI] ❌ Could not reach homebase C554CE816A718CDE
[PING-ESP] Considering HB IDs: [ 'C554CE816A718CDE' ]
[PING-ESP] Online HB IDs: []
[PING-ESP] 🚫 Skipping ESP pings (DB offline) hb=C554CE816A718CDE
[PING] ✅ All pings dispatched

[CRON] 2025-08-02T09:05:00.018Z — dow=6, bucket=61
[PING] 🔁 Tick — 2025-08-02T09:05:00.019Z
[CRON] ▶ ON  slots to start/continue: 0
[PING] 🏠 Found 1
[PING-PI] ❌ Could not reach homebase C554CE816A718CDE
[CRON] ▶ OFF slots to stop        : 0
[CRON] ✓ pass complete

[PING-ESP] Considering HB IDs: [ 'C554CE816A718CDE' ]
[PING-ESP] Online HB IDs: []
[PING-ESP] 🚫 Skipping ESP pings (DB offline) hb=C554CE816A718CDE
[PING] ✅ All pings dispatched

[PING] 🔁 Tick — 2025-08-02T09:06:00.016Z
[PING] 🏠 Found 1
[PING-PI] ❌ Could not reach homebase C554CE816A718CDE
[PING-ESP] Considering HB IDs: [ 'C554CE816A718CDE' ]
[PING-ESP] Online HB IDs: []
[PING-ESP] 🚫 Skipping ESP pings (DB offline) hb=C554CE816A718CDE
[PING] ✅ All pings dispatched

[PING] 🔁 Tick — 2025-08-02T09:07:00.015Z
[PING] 🏠 Found 1
[PING-PI] ❌ Could not reach homebase C554CE816A718CDE
[PING-ESP] Considering HB IDs: [ 'C554CE816A718CDE' ]
[PING-ESP] Online HB IDs: []
[PING-ESP] 🚫 Skipping ESP pings (DB offline) hb=C554CE816A718CDE
[PING] ✅ All pings dispatched

[PING] 🔁 Tick — 2025-08-02T09:08:00.012Z
[PING] 🏠 Found 1
[PING-PI] ❌ Could not reach homebase C554CE816A718CDE
[PING-ESP] Considering HB IDs: [ 'C554CE816A718CDE' ]
[PING-ESP] Online HB IDs: []
[PING-ESP] 🚫 Skipping ESP pings (DB offline) hb=C554CE816A718CDE
[PING] ✅ All pings dispatched

[PING] 🔁 Tick — 2025-08-02T09:09:00.013Z
[PING] 🏠 Found 1
[PING-PI] ❌ Could not reach homebase C554CE816A718CDE
[PING-ESP] Considering HB IDs: [ 'C554CE816A718CDE' ]
[PING-ESP] Online HB IDs: []
[PING-ESP] 🚫 Skipping ESP pings (DB offline) hb=C554CE816A718CDE
[PING] ✅ All pings dispatched

[CRON] 2025-08-02T09:10:00.016Z — dow=6, bucket=62
[PING] 🔁 Tick — 2025-08-02T09:10:00.017Z
[PING] 🏠 Found 1
[PING-PI] ❌ Could not reach homebase C554CE816A718CDE
[CRON] ▶ ON  slots to start/continue: 0
[PING-ESP] Considering HB IDs: [ 'C554CE816A718CDE' ]
[PING-ESP] Online HB IDs: []
[PING-ESP] 🚫 Skipping ESP pings (DB offline) hb=C554CE816A718CDE
[PING] ✅ All pings dispatched

[CRON] ▶ OFF slots to stop        : 0
[CRON] ✓ pass complete

[PING] 🔁 Tick — 2025-08-02T09:11:00.015Z
[PING] 🏠 Found 1
[PING-PI] ❌ Could not reach homebase C554CE816A718CDE
[PING-ESP] Considering HB IDs: [ 'C554CE816A718CDE' ]
[PING-ESP] Online HB IDs: []
[PING-ESP] 🚫 Skipping ESP pings (DB offline) hb=C554CE816A718CDE
[PING] ✅ All pings dispatched

[PING] 🔁 Tick — 2025-08-02T09:12:00.014Z
[PING] 🏠 Found 1
[PING-PI] ❌ Could not reach homebase C554CE816A718CDE
[PING-ESP] Considering HB IDs: [ 'C554CE816A718CDE' ]
[PING-ESP] Online HB IDs: []
[PING-ESP] 🚫 Skipping ESP pings (DB offline) hb=C554CE816A718CDE
[PING] ✅ All pings dispatched

[PING] 🔁 Tick — 2025-08-02T09:13:00.012Z
[PING] 🏠 Found 1
[PING-PI] ❌ Could not reach homebase C554CE816A718CDE
[PING-ESP] Considering HB IDs: [ 'C554CE816A718CDE' ]
[PING-ESP] Online HB IDs: []
[PING-ESP] 🚫 Skipping ESP pings (DB offline) hb=C554CE816A718CDE
[PING] ✅ All pings dispatched

[PING] 🔁 Tick — 2025-08-02T09:14:00.015Z
[PING] 🏠 Found 1
[PING-PI] ❌ Could not reach homebase C554CE816A718CDE
[PING-ESP] Considering HB IDs: [ 'C554CE816A718CDE' ]
[PING-ESP] Online HB IDs: []
[PING-ESP] 🚫 Skipping ESP pings (DB offline) hb=C554CE816A718CDE
[PING] ✅ All pings dispatched

[CRON] 2025-08-02T09:15:00.009Z — dow=6, bucket=63
[PING] 🔁 Tick — 2025-08-02T09:15:00.010Z
[CRON] ▶ ON  slots to start/continue: 0
[PING] 🏠 Found 1
[PING-PI] ❌ Could not reach homebase C554CE816A718CDE
[CRON] ▶ OFF slots to stop        : 0
[CRON] ✓ pass complete

[PING-ESP] Considering HB IDs: [ 'C554CE816A718CDE' ]
[PING-ESP] Online HB IDs: []
[PING-ESP] 🚫 Skipping ESP pings (DB offline) hb=C554CE816A718CDE
[PING] ✅ All pings dispatched

[PING] 🔁 Tick — 2025-08-02T09:16:00.012Z
[PING] 🏠 Found 1
[PING-PI] ❌ Could not reach homebase C554CE816A718CDE
[PING-ESP] Considering HB IDs: [ 'C554CE816A718CDE' ]
[PING-ESP] Online HB IDs: []
[PING-ESP] 🚫 Skipping ESP pings (DB offline) hb=C554CE816A718CDE
[PING] ✅ All pings dispatched

[PING] 🔁 Tick — 2025-08-02T09:17:00.015Z
[PING] 🏠 Found 1
[PING-PI] ❌ Could not reach homebase C554CE816A718CDE
[PING-ESP] Considering HB IDs: [ 'C554CE816A718CDE' ]
[PING-ESP] Online HB IDs: []
[PING-ESP] 🚫 Skipping ESP pings (DB offline) hb=C554CE816A718CDE
[PING] ✅ All pings dispatched

[PING] 🔁 Tick — 2025-08-02T09:18:00.013Z
[PING] 🏠 Found 1
[PING-PI] ❌ Could not reach homebase C554CE816A718CDE
[PING-ESP] Considering HB IDs: [ 'C554CE816A718CDE' ]
[PING-ESP] Online HB IDs: []
[PING-ESP] 🚫 Skipping ESP pings (DB offline) hb=C554CE816A718CDE
[PING] ✅ All pings dispatched

[PING] 🔁 Tick — 2025-08-02T09:19:00.014Z
[PING] 🏠 Found 1
[PING-PI] ❌ Could not reach homebase C554CE816A718CDE
[PING-ESP] Considering HB IDs: [ 'C554CE816A718CDE' ]
[PING-ESP] Online HB IDs: []
[PING-ESP] 🚫 Skipping ESP pings (DB offline) hb=C554CE816A718CDE
[PING] ✅ All pings dispatched

[PING] 🔁 Tick — 2025-08-02T09:20:00.016Z
[CRON] 2025-08-02T09:20:00.017Z — dow=6, bucket=64
[PING] 🏠 Found 1
[PING-PI] ❌ Could not reach homebase C554CE816A718CDE
[PING-ESP] Considering HB IDs: [ 'C554CE816A718CDE' ]
[PING-ESP] Online HB IDs: []
[PING-ESP] 🚫 Skipping ESP pings (DB offline) hb=C554CE816A718CDE
[PING] ✅ All pings dispatched

[CRON] ▶ ON  slots to start/continue: 0
[CRON] ▶ OFF slots to stop        : 0
[CRON] ✓ pass complete

[PING] 🔁 Tick — 2025-08-02T09:21:00.012Z
[PING] 🏠 Found 1
[PING-PI] ❌ Could not reach homebase C554CE816A718CDE
[PING-ESP] Considering HB IDs: [ 'C554CE816A718CDE' ]
[PING-ESP] Online HB IDs: []
[PING-ESP] 🚫 Skipping ESP pings (DB offline) hb=C554CE816A718CDE
[PING] ✅ All pings dispatched

[PING] 🔁 Tick — 2025-08-02T09:22:00.013Z
[PING] 🏠 Found 1
[PING-PI] ❌ Could not reach homebase C554CE816A718CDE
[PING-ESP] Considering HB IDs: [ 'C554CE816A718CDE' ]
[PING-ESP] Online HB IDs: []
[PING-ESP] 🚫 Skipping ESP pings (DB offline) hb=C554CE816A718CDE
[PING] ✅ All pings dispatched

[PING] 🔁 Tick — 2025-08-02T09:23:00.014Z
[PING] 🏠 Found 1
[PING-PI] ❌ Could not reach homebase C554CE816A718CDE
[PING-ESP] Considering HB IDs: [ 'C554CE816A718CDE' ]
[PING-ESP] Online HB IDs: []
[PING-ESP] 🚫 Skipping ESP pings (DB offline) hb=C554CE816A718CDE
[PING] ✅ All pings dispatched

[PING] 🔁 Tick — 2025-08-02T09:24:00.012Z
[PING] 🏠 Found 1
[PING-PI] ❌ Could not reach homebase C554CE816A718CDE
[PING-ESP] Considering HB IDs: [ 'C554CE816A718CDE' ]
[PING-ESP] Online HB IDs: []
[PING-ESP] 🚫 Skipping ESP pings (DB offline) hb=C554CE816A718CDE
[PING] ✅ All pings dispatched

[CRON] 2025-08-02T09:25:00.014Z — dow=6, bucket=65
[PING] 🔁 Tick — 2025-08-02T09:25:00.015Z
[CRON] ▶ ON  slots to start/continue: 0
[CRON] ▶ OFF slots to stop        : 0
[CRON] ✓ pass complete

[PING] 🏠 Found 1
[PING-PI] ❌ Could not reach homebase C554CE816A718CDE
[PING-ESP] Considering HB IDs: [ 'C554CE816A718CDE' ]
[PING-ESP] Online HB IDs: []
[PING-ESP] 🚫 Skipping ESP pings (DB offline) hb=C554CE816A718CDE
[PING] ✅ All pings dispatched

[PING] 🔁 Tick — 2025-08-02T09:26:00.012Z
[PING] 🏠 Found 1
[PING-PI] ❌ Could not reach homebase C554CE816A718CDE
[PING-ESP] Considering HB IDs: [ 'C554CE816A718CDE' ]
[PING-ESP] Online HB IDs: []
[PING-ESP] 🚫 Skipping ESP pings (DB offline) hb=C554CE816A718CDE
[PING] ✅ All pings dispatched

[PING] 🔁 Tick — 2025-08-02T09:27:00.011Z
[PING] 🏠 Found 1
[PING-PI] ❌ Could not reach homebase C554CE816A718CDE
[PING-ESP] Considering HB IDs: [ 'C554CE816A718CDE' ]
[PING-ESP] Online HB IDs: []
[PING-ESP] 🚫 Skipping ESP pings (DB offline) hb=C554CE816A718CDE
[PING] ✅ All pings dispatched

[PING] 🔁 Tick — 2025-08-02T09:28:00.015Z
[PING] 🏠 Found 1
[PING-PI] ❌ Could not reach homebase C554CE816A718CDE
[PING-ESP] Considering HB IDs: [ 'C554CE816A718CDE' ]
[PING-ESP] Online HB IDs: []
[PING-ESP] 🚫 Skipping ESP pings (DB offline) hb=C554CE816A718CDE
[PING] ✅ All pings dispatched

[PING] 🔁 Tick — 2025-08-02T09:29:00.012Z
[PING] 🏠 Found 1
[PING-PI] ❌ Could not reach homebase C554CE816A718CDE
[PING-ESP] Considering HB IDs: [ 'C554CE816A718CDE' ]
[PING-ESP] Online HB IDs: []
[PING-ESP] 🚫 Skipping ESP pings (DB offline) hb=C554CE816A718CDE
[PING] ✅ All pings dispatched

[PING] 🔁 Tick — 2025-08-02T09:30:00.016Z
[CRON] 2025-08-02T09:30:00.017Z — dow=6, bucket=66
[PING] 🏠 Found 1
[PING-PI] ❌ Could not reach homebase C554CE816A718CDE
[CRON] ▶ ON  slots to start/continue: 0
[CRON] ▶ OFF slots to stop        : 0
[CRON] ✓ pass complete

[PING-ESP] Considering HB IDs: [ 'C554CE816A718CDE' ]
[PING-ESP] Online HB IDs: []
[PING-ESP] 🚫 Skipping ESP pings (DB offline) hb=C554CE816A718CDE
[PING] ✅ All pings dispatched

[PING] 🔁 Tick — 2025-08-02T09:31:00.012Z
[PING] 🏠 Found 1
[PING-PI] ❌ Could not reach homebase C554CE816A718CDE
[PING-ESP] Considering HB IDs: [ 'C554CE816A718CDE' ]
[PING-ESP] Online HB IDs: []
[PING-ESP] 🚫 Skipping ESP pings (DB offline) hb=C554CE816A718CDE
[PING] ✅ All pings dispatched

[PING] 🔁 Tick — 2025-08-02T09:32:00.014Z
[PING] 🏠 Found 1
[PING-PI] ❌ Could not reach homebase C554CE816A718CDE
[PING-ESP] Considering HB IDs: [ 'C554CE816A718CDE' ]
[PING-ESP] Online HB IDs: []
[PING-ESP] 🚫 Skipping ESP pings (DB offline) hb=C554CE816A718CDE
[PING] ✅ All pings dispatched

[PING] 🔁 Tick — 2025-08-02T09:33:00.011Z
[PING] 🏠 Found 1
[PING-PI] ❌ Could not reach homebase C554CE816A718CDE
[PING-ESP] Considering HB IDs: [ 'C554CE816A718CDE' ]
[PING-ESP] Online HB IDs: []
[PING-ESP] 🚫 Skipping ESP pings (DB offline) hb=C554CE816A718CDE
[PING] ✅ All pings dispatched

[PING] 🔁 Tick — 2025-08-02T09:34:00.015Z
[PING] 🏠 Found 1
[PING-PI] ❌ Could not reach homebase C554CE816A718CDE
[PING-ESP] Considering HB IDs: [ 'C554CE816A718CDE' ]
[PING-ESP] Online HB IDs: []
[PING-ESP] 🚫 Skipping ESP pings (DB offline) hb=C554CE816A718CDE
[PING] ✅ All pings dispatched

[PING] 🔁 Tick — 2025-08-02T09:35:00.016Z
[CRON] 2025-08-02T09:35:00.017Z — dow=6, bucket=67
[PING] 🏠 Found 1
[PING-PI] ❌ Could not reach homebase C554CE816A718CDE
[CRON] ▶ ON  slots to start/continue: 0
[CRON] ▶ OFF slots to stop        : 0
[CRON] ✓ pass complete

[PING-ESP] Considering HB IDs: [ 'C554CE816A718CDE' ]
[PING-ESP] Online HB IDs: []
[PING-ESP] 🚫 Skipping ESP pings (DB offline) hb=C554CE816A718CDE
[PING] ✅ All pings dispatched

[PING] 🔁 Tick — 2025-08-02T09:36:00.014Z
[PING] 🏠 Found 1
[PING-PI] ❌ Could not reach homebase C554CE816A718CDE
[PING-ESP] Considering HB IDs: [ 'C554CE816A718CDE' ]
[PING-ESP] Online HB IDs: []
[PING-ESP] 🚫 Skipping ESP pings (DB offline) hb=C554CE816A718CDE
[PING] ✅ All pings dispatched

[PING] 🔁 Tick — 2025-08-02T09:37:00.012Z
[PING] 🏠 Found 1
[PING-PI] ❌ Could not reach homebase C554CE816A718CDE
[PING-ESP] Considering HB IDs: [ 'C554CE816A718CDE' ]
[PING-ESP] Online HB IDs: []
[PING-ESP] 🚫 Skipping ESP pings (DB offline) hb=C554CE816A718CDE
[PING] ✅ All pings dispatched

[PING] 🔁 Tick — 2025-08-02T09:38:00.014Z
[PING] 🏠 Found 1
[PING-PI] ❌ Could not reach homebase C554CE816A718CDE
[PING-ESP] Considering HB IDs: [ 'C554CE816A718CDE' ]
[PING-ESP] Online HB IDs: []
[PING-ESP] 🚫 Skipping ESP pings (DB offline) hb=C554CE816A718CDE
[PING] ✅ All pings dispatched

[PING] 🔁 Tick — 2025-08-02T09:39:00.014Z
[PING] 🏠 Found 1
[PING-PI] ❌ Could not reach homebase C554CE816A718CDE
[PING-ESP] Considering HB IDs: [ 'C554CE816A718CDE' ]
[PING-ESP] Online HB IDs: []
[PING-ESP] 🚫 Skipping ESP pings (DB offline) hb=C554CE816A718CDE
[PING] ✅ All pings dispatched

[CRON] 2025-08-02T09:40:00.015Z — dow=6, bucket=68
[PING] 🔁 Tick — 2025-08-02T09:40:00.016Z
[PING] 🏠 Found 1
[PING-PI] ❌ Could not reach homebase C554CE816A718CDE
[PING-ESP] Considering HB IDs: [ 'C554CE816A718CDE' ]
[PING-ESP] Online HB IDs: []
[PING-ESP] 🚫 Skipping ESP pings (DB offline) hb=C554CE816A718CDE
[PING] ✅ All pings dispatched

[CRON] ▶ ON  slots to start/continue: 0
[CRON] ▶ OFF slots to stop        : 0
[CRON] ✓ pass complete

[PING] 🔁 Tick — 2025-08-02T09:41:00.013Z
[PING] 🏠 Found 1
[PING-PI] ❌ Could not reach homebase C554CE816A718CDE
[PING-ESP] Considering HB IDs: [ 'C554CE816A718CDE' ]
[PING-ESP] Online HB IDs: []
[PING-ESP] 🚫 Skipping ESP pings (DB offline) hb=C554CE816A718CDE
[PING] ✅ All pings dispatched

[PING] 🔁 Tick — 2025-08-02T09:42:00.012Z
[PING] 🏠 Found 1
[PING-PI] ❌ Could not reach homebase C554CE816A718CDE
[PING-ESP] Considering HB IDs: [ 'C554CE816A718CDE' ]
[PING-ESP] Online HB IDs: []
[PING-ESP] 🚫 Skipping ESP pings (DB offline) hb=C554CE816A718CDE
[PING] ✅ All pings dispatched

[PING] 🔁 Tick — 2025-08-02T09:43:00.012Z
[PING] 🏠 Found 1
[PING-PI] ❌ Could not reach homebase C554CE816A718CDE
[PING-ESP] Considering HB IDs: [ 'C554CE816A718CDE' ]
[PING-ESP] Online HB IDs: []
[PING-ESP] 🚫 Skipping ESP pings (DB offline) hb=C554CE816A718CDE
[PING] ✅ All pings dispatched

[PING] 🔁 Tick — 2025-08-02T09:44:00.012Z
[PING] 🏠 Found 1
[PING-PI] ❌ Could not reach homebase C554CE816A718CDE
[PING-ESP] Considering HB IDs: [ 'C554CE816A718CDE' ]
[PING-ESP] Online HB IDs: []
[PING-ESP] 🚫 Skipping ESP pings (DB offline) hb=C554CE816A718CDE
[PING] ✅ All pings dispatched

[CRON] 2025-08-02T09:45:00.016Z — dow=6, bucket=69
[PING] 🔁 Tick — 2025-08-02T09:45:00.017Z
[CRON] ▶ ON  slots to start/continue: 0
[PING] 🏠 Found 1
[PING-PI] ❌ Could not reach homebase C554CE816A718CDE
[CRON] ▶ OFF slots to stop        : 0
[CRON] ✓ pass complete

[PING-ESP] Considering HB IDs: [ 'C554CE816A718CDE' ]
[PING-ESP] Online HB IDs: []
[PING-ESP] 🚫 Skipping ESP pings (DB offline) hb=C554CE816A718CDE
[PING] ✅ All pings dispatched

[PING] 🔁 Tick — 2025-08-02T09:46:00.013Z
[PING] 🏠 Found 1
[PING-PI] ❌ Could not reach homebase C554CE816A718CDE
[PING-ESP] Considering HB IDs: [ 'C554CE816A718CDE' ]
[PING-ESP] Online HB IDs: []
[PING-ESP] 🚫 Skipping ESP pings (DB offline) hb=C554CE816A718CDE
[PING] ✅ All pings dispatched

[PING] 🔁 Tick — 2025-08-02T09:47:00.012Z
[PING] 🏠 Found 1
[PING-PI] ❌ Could not reach homebase C554CE816A718CDE
[PING-ESP] Considering HB IDs: [ 'C554CE816A718CDE' ]
[PING-ESP] Online HB IDs: []
[PING-ESP] 🚫 Skipping ESP pings (DB offline) hb=C554CE816A718CDE
[PING] ✅ All pings dispatched

[PING] 🔁 Tick — 2025-08-02T09:48:00.012Z
[PING] 🏠 Found 1
[PING-PI] ❌ Could not reach homebase C554CE816A718CDE
[PING-ESP] Considering HB IDs: [ 'C554CE816A718CDE' ]
[PING-ESP] Online HB IDs: []
[PING-ESP] 🚫 Skipping ESP pings (DB offline) hb=C554CE816A718CDE
[PING] ✅ All pings dispatched

[PING] 🔁 Tick — 2025-08-02T09:49:00.012Z
[PING] 🏠 Found 1
[PING-PI] ❌ Could not reach homebase C554CE816A718CDE
[PING-ESP] Considering HB IDs: [ 'C554CE816A718CDE' ]
[PING-ESP] Online HB IDs: []
[PING-ESP] 🚫 Skipping ESP pings (DB offline) hb=C554CE816A718CDE
[PING] ✅ All pings dispatched

[CRON] 2025-08-02T09:50:00.016Z — dow=6, bucket=70
[PING] 🔁 Tick — 2025-08-02T09:50:00.018Z
[PING] 🏠 Found 1
[PING-PI] ❌ Could not reach homebase C554CE816A718CDE
[PING-ESP] Considering HB IDs: [ 'C554CE816A718CDE' ]
[PING-ESP] Online HB IDs: []
[PING-ESP] 🚫 Skipping ESP pings (DB offline) hb=C554CE816A718CDE
[PING] ✅ All pings dispatched

[CRON] ▶ ON  slots to start/continue: 0
[CRON] ▶ OFF slots to stop        : 0
[CRON] ✓ pass complete

[PING] 🔁 Tick — 2025-08-02T09:51:00.012Z
[PING] 🏠 Found 1
[PING-PI] ❌ Could not reach homebase C554CE816A718CDE
[PING-ESP] Considering HB IDs: [ 'C554CE816A718CDE' ]
[PING-ESP] Online HB IDs: []
[PING-ESP] 🚫 Skipping ESP pings (DB offline) hb=C554CE816A718CDE
[PING] ✅ All pings dispatched

[PING] 🔁 Tick — 2025-08-02T09:52:00.013Z
[PING] 🏠 Found 1
[PING-PI] ❌ Could not reach homebase C554CE816A718CDE
[PING-ESP] Considering HB IDs: [ 'C554CE816A718CDE' ]
[PING-ESP] Online HB IDs: []
[PING-ESP] 🚫 Skipping ESP pings (DB offline) hb=C554CE816A718CDE
[PING] ✅ All pings dispatched

[PING] 🔁 Tick — 2025-08-02T09:53:00.012Z
[PING] 🏠 Found 1
[PING-PI] ❌ Could not reach homebase C554CE816A718CDE
[PING-ESP] Considering HB IDs: [ 'C554CE816A718CDE' ]
[PING-ESP] Online HB IDs: []
[PING-ESP] 🚫 Skipping ESP pings (DB offline) hb=C554CE816A718CDE
[PING] ✅ All pings dispatched

[PING] 🔁 Tick — 2025-08-02T09:54:00.012Z
[PING] 🏠 Found 1
[PING-PI] ❌ Could not reach homebase C554CE816A718CDE
[PING-ESP] Considering HB IDs: [ 'C554CE816A718CDE' ]
[PING-ESP] Online HB IDs: []
[PING-ESP] 🚫 Skipping ESP pings (DB offline) hb=C554CE816A718CDE
[PING] ✅ All pings dispatched

[PING] 🔁 Tick — 2025-08-02T09:55:00.016Z
[CRON] 2025-08-02T09:55:00.017Z — dow=6, bucket=71
[PING] 🏠 Found 1
[PING-PI] ❌ Could not reach homebase C554CE816A718CDE
[CRON] ▶ ON  slots to start/continue: 0
[CRON] ▶ OFF slots to stop        : 0
[CRON] ✓ pass complete

[PING-ESP] Considering HB IDs: [ 'C554CE816A718CDE' ]
[PING-ESP] Online HB IDs: []
[PING-ESP] 🚫 Skipping ESP pings (DB offline) hb=C554CE816A718CDE
[PING] ✅ All pings dispatched

[PING] 🔁 Tick — 2025-08-02T09:56:00.014Z
[PING] 🏠 Found 1
[PING-PI] ❌ Could not reach homebase C554CE816A718CDE
[PING-ESP] Considering HB IDs: [ 'C554CE816A718CDE' ]
[PING-ESP] Online HB IDs: []
[PING-ESP] 🚫 Skipping ESP pings (DB offline) hb=C554CE816A718CDE
[PING] ✅ All pings dispatched

[PING] 🔁 Tick — 2025-08-02T09:57:00.013Z
[PING] 🏠 Found 1
[PING-PI] ❌ Could not reach homebase C554CE816A718CDE
[PING-ESP] Considering HB IDs: [ 'C554CE816A718CDE' ]
[PING-ESP] Online HB IDs: []
[PING-ESP] 🚫 Skipping ESP pings (DB offline) hb=C554CE816A718CDE
[PING] ✅ All pings dispatched

[PING] 🔁 Tick — 2025-08-02T09:58:00.014Z
[PING] 🏠 Found 1
[PING-PI] ❌ Could not reach homebase C554CE816A718CDE
[PING-ESP] Considering HB IDs: [ 'C554CE816A718CDE' ]
[PING-ESP] Online HB IDs: []
[PING-ESP] 🚫 Skipping ESP pings (DB offline) hb=C554CE816A718CDE
[PING] ✅ All pings dispatched

[PING] 🔁 Tick — 2025-08-02T09:59:00.013Z
[PING] 🏠 Found 1
[PING-PI] ❌ Could not reach homebase C554CE816A718CDE
[PING-ESP] Considering HB IDs: [ 'C554CE816A718CDE' ]
[PING-ESP] Online HB IDs: []
[PING-ESP] 🚫 Skipping ESP pings (DB offline) hb=C554CE816A718CDE
[PING] ✅ All pings dispatched

[CRON] 2025-08-02T10:00:00.017Z — dow=6, bucket=72
[PING] 🔁 Tick — 2025-08-02T10:00:00.020Z
[CRON] ▶ ON  slots to start/continue: 0
[CRON] ▶ OFF slots to stop        : 0
[CRON] ✓ pass complete

[PING] 🏠 Found 1
[PING-PI] ❌ Could not reach homebase C554CE816A718CDE
[PING-ESP] Considering HB IDs: [ 'C554CE816A718CDE' ]
[PING-ESP] Online HB IDs: []
[PING-ESP] 🚫 Skipping ESP pings (DB offline) hb=C554CE816A718CDE
[PING] ✅ All pings dispatched

[PING] 🔁 Tick — 2025-08-02T10:01:00.014Z
[PING] 🏠 Found 1
[PING-PI] ❌ Could not reach homebase C554CE816A718CDE
[PING-ESP] Considering HB IDs: [ 'C554CE816A718CDE' ]
[PING-ESP] Online HB IDs: []
[PING-ESP] 🚫 Skipping ESP pings (DB offline) hb=C554CE816A718CDE
[PING] ✅ All pings dispatched

[PING] 🔁 Tick — 2025-08-02T10:02:00.014Z
[PING] 🏠 Found 1
[PING-PI] ❌ Could not reach homebase C554CE816A718CDE
[PING-ESP] Considering HB IDs: [ 'C554CE816A718CDE' ]
[PING-ESP] Online HB IDs: []
[PING-ESP] 🚫 Skipping ESP pings (DB offline) hb=C554CE816A718CDE
[PING] ✅ All pings dispatched

[PING] 🔁 Tick — 2025-08-02T10:03:00.013Z
[PING] 🏠 Found 1
[PING-PI] ❌ Could not reach homebase C554CE816A718CDE
[PING-ESP] Considering HB IDs: [ 'C554CE816A718CDE' ]
[PING-ESP] Online HB IDs: []
[PING-ESP] 🚫 Skipping ESP pings (DB offline) hb=C554CE816A718CDE
[PING] ✅ All pings dispatched

[PING] 🔁 Tick — 2025-08-02T10:04:00.012Z
[PING] 🏠 Found 1
[PING-PI] ❌ Could not reach homebase C554CE816A718CDE
[PING-ESP] Considering HB IDs: [ 'C554CE816A718CDE' ]
[PING-ESP] Online HB IDs: []
[PING-ESP] 🚫 Skipping ESP pings (DB offline) hb=C554CE816A718CDE
[PING] ✅ All pings dispatched

[CRON] 2025-08-02T10:05:00.016Z — dow=6, bucket=73
[PING] 🔁 Tick — 2025-08-02T10:05:00.017Z
[CRON] ▶ ON  slots to start/continue: 0
[PING] 🏠 Found 1
[PING-PI] ❌ Could not reach homebase C554CE816A718CDE
[CRON] ▶ OFF slots to stop        : 0
[CRON] ✓ pass complete

[PING-ESP] Considering HB IDs: [ 'C554CE816A718CDE' ]
[PING-ESP] Online HB IDs: []
[PING-ESP] 🚫 Skipping ESP pings (DB offline) hb=C554CE816A718CDE
[PING] ✅ All pings dispatched

[PING] 🔁 Tick — 2025-08-02T10:06:00.013Z
[PING] 🏠 Found 1
[PING-PI] ❌ Could not reach homebase C554CE816A718CDE
[PING-ESP] Considering HB IDs: [ 'C554CE816A718CDE' ]
[PING-ESP] Online HB IDs: []
[PING-ESP] 🚫 Skipping ESP pings (DB offline) hb=C554CE816A718CDE
[PING] ✅ All pings dispatched

[PING] 🔁 Tick — 2025-08-02T10:07:00.012Z
[PING] 🏠 Found 1
[PING-PI] ❌ Could not reach homebase C554CE816A718CDE
[PING-ESP] Considering HB IDs: [ 'C554CE816A718CDE' ]
[PING-ESP] Online HB IDs: []
[PING-ESP] 🚫 Skipping ESP pings (DB offline) hb=C554CE816A718CDE
[PING] ✅ All pings dispatched

[PING] 🔁 Tick — 2025-08-02T10:08:00.012Z
[PING] 🏠 Found 1
[PING-PI] ❌ Could not reach homebase C554CE816A718CDE
[PING-ESP] Considering HB IDs: [ 'C554CE816A718CDE' ]
[PING-ESP] Online HB IDs: []
[PING-ESP] 🚫 Skipping ESP pings (DB offline) hb=C554CE816A718CDE
[PING] ✅ All pings dispatched

[PING] 🔁 Tick — 2025-08-02T10:09:00.006Z
[PING] 🏠 Found 1
[PING-PI] ❌ Could not reach homebase C554CE816A718CDE
[PING-ESP] Considering HB IDs: [ 'C554CE816A718CDE' ]
[PING-ESP] Online HB IDs: []
[PING-ESP] 🚫 Skipping ESP pings (DB offline) hb=C554CE816A718CDE
[PING] ✅ All pings dispatched

[CRON] 2025-08-02T10:10:00.017Z — dow=6, bucket=74
[PING] 🔁 Tick — 2025-08-02T10:10:00.021Z
[PING] 🏠 Found 1
[PING-PI] ❌ Could not reach homebase C554CE816A718CDE
[PING-ESP] Considering HB IDs: [ 'C554CE816A718CDE' ]
[PING-ESP] Online HB IDs: []
[PING-ESP] 🚫 Skipping ESP pings (DB offline) hb=C554CE816A718CDE
[PING] ✅ All pings dispatched

[CRON] ▶ ON  slots to start/continue: 0
[CRON] ▶ OFF slots to stop        : 0
[CRON] ✓ pass complete

[PING] 🔁 Tick — 2025-08-02T10:11:00.012Z
[PING] 🏠 Found 1
[PING-PI] ❌ Could not reach homebase C554CE816A718CDE
[PING-ESP] Considering HB IDs: [ 'C554CE816A718CDE' ]
[PING-ESP] Online HB IDs: []
[PING-ESP] 🚫 Skipping ESP pings (DB offline) hb=C554CE816A718CDE
[PING] ✅ All pings dispatched

[PING] 🔁 Tick — 2025-08-02T10:12:00.014Z
[PING] 🏠 Found 1
[PING-PI] ❌ Could not reach homebase C554CE816A718CDE
[PING-ESP] Considering HB IDs: [ 'C554CE816A718CDE' ]
[PING-ESP] Online HB IDs: []
[PING-ESP] 🚫 Skipping ESP pings (DB offline) hb=C554CE816A718CDE
[PING] ✅ All pings dispatched

[PING] 🔁 Tick — 2025-08-02T10:13:00.014Z
[PING] 🏠 Found 1
[PING-PI] ❌ Could not reach homebase C554CE816A718CDE
[PING-ESP] Considering HB IDs: [ 'C554CE816A718CDE' ]
[PING-ESP] Online HB IDs: []
[PING-ESP] 🚫 Skipping ESP pings (DB offline) hb=C554CE816A718CDE
[PING] ✅ All pings dispatched

[PING] 🔁 Tick — 2025-08-02T10:14:00.013Z
[PING] 🏠 Found 1
[PING-PI] ❌ Could not reach homebase C554CE816A718CDE
[PING-ESP] Considering HB IDs: [ 'C554CE816A718CDE' ]
[PING-ESP] Online HB IDs: []
[PING-ESP] 🚫 Skipping ESP pings (DB offline) hb=C554CE816A718CDE
[PING] ✅ All pings dispatched

[CRON] 2025-08-02T10:15:00.015Z — dow=6, bucket=75
[PING] 🔁 Tick — 2025-08-02T10:15:00.016Z
[CRON] ▶ ON  slots to start/continue: 0
[PING] 🏠 Found 1
[PING-PI] ❌ Could not reach homebase C554CE816A718CDE
[CRON] ▶ OFF slots to stop        : 0
[CRON] ✓ pass complete

[PING-ESP] Considering HB IDs: [ 'C554CE816A718CDE' ]
[PING-ESP] Online HB IDs: []
[PING-ESP] 🚫 Skipping ESP pings (DB offline) hb=C554CE816A718CDE
[PING] ✅ All pings dispatched

[PING] 🔁 Tick — 2025-08-02T10:16:00.013Z
[PING] 🏠 Found 1
[PING-PI] ❌ Could not reach homebase C554CE816A718CDE
[PING-ESP] Considering HB IDs: [ 'C554CE816A718CDE' ]
[PING-ESP] Online HB IDs: []
[PING-ESP] 🚫 Skipping ESP pings (DB offline) hb=C554CE816A718CDE
[PING] ✅ All pings dispatched

[PING] 🔁 Tick — 2025-08-02T10:17:00.012Z
[PING] 🏠 Found 1
[PING-PI] ❌ Could not reach homebase C554CE816A718CDE
[PING-ESP] Considering HB IDs: [ 'C554CE816A718CDE' ]
[PING-ESP] Online HB IDs: []
[PING-ESP] 🚫 Skipping ESP pings (DB offline) hb=C554CE816A718CDE
[PING] ✅ All pings dispatched

[PING] 🔁 Tick — 2025-08-02T10:18:00.013Z
[PING] 🏠 Found 1
[PING-PI] ❌ Could not reach homebase C554CE816A718CDE
[PING-ESP] Considering HB IDs: [ 'C554CE816A718CDE' ]
[PING-ESP] Online HB IDs: []
[PING-ESP] 🚫 Skipping ESP pings (DB offline) hb=C554CE816A718CDE
[PING] ✅ All pings dispatched

[PING] 🔁 Tick — 2025-08-02T10:19:00.014Z
[PING] 🏠 Found 1
[PING-PI] ❌ Could not reach homebase C554CE816A718CDE
[PING-ESP] Considering HB IDs: [ 'C554CE816A718CDE' ]
[PING-ESP] Online HB IDs: []
[PING-ESP] 🚫 Skipping ESP pings (DB offline) hb=C554CE816A718CDE
[PING] ✅ All pings dispatched

[PING] 🔁 Tick — 2025-08-02T10:20:00.016Z
[CRON] 2025-08-02T10:20:00.017Z — dow=6, bucket=76
[PING] 🏠 Found 1
[PING-PI] ❌ Could not reach homebase C554CE816A718CDE
[PING-ESP] Considering HB IDs: [ 'C554CE816A718CDE' ]
[PING-ESP] Online HB IDs: []
[PING-ESP] 🚫 Skipping ESP pings (DB offline) hb=C554CE816A718CDE
[PING] ✅ All pings dispatched

[CRON] ▶ ON  slots to start/continue: 0
[CRON] ▶ OFF slots to stop        : 0
[CRON] ✓ pass complete

[PING] 🔁 Tick — 2025-08-02T10:21:00.011Z
[PING] 🏠 Found 1
[PING-PI] ❌ Could not reach homebase C554CE816A718CDE
[PING-ESP] Considering HB IDs: [ 'C554CE816A718CDE' ]
[PING-ESP] Online HB IDs: []
[PING-ESP] 🚫 Skipping ESP pings (DB offline) hb=C554CE816A718CDE
[PING] ✅ All pings dispatched

[PING] 🔁 Tick — 2025-08-02T10:22:00.012Z
[PING] 🏠 Found 1
[PING-PI] ❌ Could not reach homebase C554CE816A718CDE
[PING-ESP] Considering HB IDs: [ 'C554CE816A718CDE' ]
[PING-ESP] Online HB IDs: []
[PING-ESP] 🚫 Skipping ESP pings (DB offline) hb=C554CE816A718CDE
[PING] ✅ All pings dispatched

[PING] 🔁 Tick — 2025-08-02T10:23:00.011Z
[PING] 🏠 Found 1
[PING-PI] ❌ Could not reach homebase C554CE816A718CDE
[PING-ESP] Considering HB IDs: [ 'C554CE816A718CDE' ]
[PING-ESP] Online HB IDs: []
[PING-ESP] 🚫 Skipping ESP pings (DB offline) hb=C554CE816A718CDE
[PING] ✅ All pings dispatched

[PING] 🔁 Tick — 2025-08-02T10:24:00.012Z
[PING] 🏠 Found 1
[PING-PI] ❌ Could not reach homebase C554CE816A718CDE
[PING-ESP] Considering HB IDs: [ 'C554CE816A718CDE' ]
[PING-ESP] Online HB IDs: []
[PING-ESP] 🚫 Skipping ESP pings (DB offline) hb=C554CE816A718CDE
[PING] ✅ All pings dispatched

[CRON] 2025-08-02T10:25:00.016Z — dow=6, bucket=77
[PING] 🔁 Tick — 2025-08-02T10:25:00.017Z
[CRON] ▶ ON  slots to start/continue: 0
[PING] 🏠 Found 1
[PING-PI] ❌ Could not reach homebase C554CE816A718CDE
[CRON] ▶ OFF slots to stop        : 0
[CRON] ✓ pass complete

[PING-ESP] Considering HB IDs: [ 'C554CE816A718CDE' ]
[PING-ESP] Online HB IDs: []
[PING-ESP] 🚫 Skipping ESP pings (DB offline) hb=C554CE816A718CDE
[PING] ✅ All pings dispatched

[PING] 🔁 Tick — 2025-08-02T10:26:00.012Z
[PING] 🏠 Found 1
[PING-PI] ❌ Could not reach homebase C554CE816A718CDE
[PING-ESP] Considering HB IDs: [ 'C554CE816A718CDE' ]
[PING-ESP] Online HB IDs: []
[PING-ESP] 🚫 Skipping ESP pings (DB offline) hb=C554CE816A718CDE
[PING] ✅ All pings dispatched

[PING] 🔁 Tick — 2025-08-02T10:27:00.012Z
[PING] 🏠 Found 1
[PING-PI] ❌ Could not reach homebase C554CE816A718CDE
[PING-ESP] Considering HB IDs: [ 'C554CE816A718CDE' ]
[PING-ESP] Online HB IDs: []
[PING-ESP] 🚫 Skipping ESP pings (DB offline) hb=C554CE816A718CDE
[PING] ✅ All pings dispatched

[PING] 🔁 Tick — 2025-08-02T10:28:00.012Z
[PING] 🏠 Found 1
[PING-PI] ❌ Could not reach homebase C554CE816A718CDE
[PING-ESP] Considering HB IDs: [ 'C554CE816A718CDE' ]
[PING-ESP] Online HB IDs: []
[PING-ESP] 🚫 Skipping ESP pings (DB offline) hb=C554CE816A718CDE
[PING] ✅ All pings dispatched

[PING] 🔁 Tick — 2025-08-02T10:29:00.011Z
[PING] 🏠 Found 1
[PING-PI] ❌ Could not reach homebase C554CE816A718CDE
[PING-ESP] Considering HB IDs: [ 'C554CE816A718CDE' ]
[PING-ESP] Online HB IDs: []
[PING-ESP] 🚫 Skipping ESP pings (DB offline) hb=C554CE816A718CDE
[PING] ✅ All pings dispatched

[PING] 🔁 Tick — 2025-08-02T10:30:00.016Z
[CRON] 2025-08-02T10:30:00.018Z — dow=6, bucket=78
[PING] 🏠 Found 1
[PING-PI] ❌ Could not reach homebase C554CE816A718CDE
[CRON] ▶ ON  slots to start/continue: 0
[CRON] ▶ OFF slots to stop        : 0
[CRON] ✓ pass complete

[PING-ESP] Considering HB IDs: [ 'C554CE816A718CDE' ]
[PING-ESP] Online HB IDs: []
[PING-ESP] 🚫 Skipping ESP pings (DB offline) hb=C554CE816A718CDE
[PING] ✅ All pings dispatched

[PING] 🔁 Tick — 2025-08-02T10:31:00.013Z
[PING] 🏠 Found 1
[PING-PI] ❌ Could not reach homebase C554CE816A718CDE
[PING-ESP] Considering HB IDs: [ 'C554CE816A718CDE' ]
[PING-ESP] Online HB IDs: []
[PING-ESP] 🚫 Skipping ESP pings (DB offline) hb=C554CE816A718CDE
[PING] ✅ All pings dispatched

[PING] 🔁 Tick — 2025-08-02T10:32:00.013Z
[PING] 🏠 Found 1
[PING-PI] ❌ Could not reach homebase C554CE816A718CDE
[PING-ESP] Considering HB IDs: [ 'C554CE816A718CDE' ]
[PING-ESP] Online HB IDs: []
[PING-ESP] 🚫 Skipping ESP pings (DB offline) hb=C554CE816A718CDE
[PING] ✅ All pings dispatched

[PING] 🔁 Tick — 2025-08-02T10:33:00.012Z
[PING] 🏠 Found 1
[PING-PI] ❌ Could not reach homebase C554CE816A718CDE
[PING-ESP] Considering HB IDs: [ 'C554CE816A718CDE' ]
[PING-ESP] Online HB IDs: []
[PING-ESP] 🚫 Skipping ESP pings (DB offline) hb=C554CE816A718CDE
[PING] ✅ All pings dispatched

[PING] 🔁 Tick — 2025-08-02T10:34:00.012Z
[PING] 🏠 Found 1
[PING-PI] ❌ Could not reach homebase C554CE816A718CDE
[PING-ESP] Considering HB IDs: [ 'C554CE816A718CDE' ]
[PING-ESP] Online HB IDs: []
[PING-ESP] 🚫 Skipping ESP pings (DB offline) hb=C554CE816A718CDE
[PING] ✅ All pings dispatched

[CRON] 2025-08-02T10:35:00.015Z — dow=6, bucket=79
[PING] 🔁 Tick — 2025-08-02T10:35:00.016Z
[CRON] ▶ ON  slots to start/continue: 0
[PING] 🏠 Found 1
[PING-PI] ❌ Could not reach homebase C554CE816A718CDE
[CRON] ▶ OFF slots to stop        : 0
[CRON] ✓ pass complete

[PING-ESP] Considering HB IDs: [ 'C554CE816A718CDE' ]
[PING-ESP] Online HB IDs: []
[PING-ESP] 🚫 Skipping ESP pings (DB offline) hb=C554CE816A718CDE
[PING] ✅ All pings dispatched

[PING] 🔁 Tick — 2025-08-02T10:36:00.006Z
[PING] 🏠 Found 1
[PING-PI] ❌ Could not reach homebase C554CE816A718CDE
[PING-ESP] Considering HB IDs: [ 'C554CE816A718CDE' ]
[PING-ESP] Online HB IDs: []
[PING-ESP] 🚫 Skipping ESP pings (DB offline) hb=C554CE816A718CDE
[PING] ✅ All pings dispatched

[PING] 🔁 Tick — 2025-08-02T10:37:00.012Z
[PING] 🏠 Found 1
[PING-PI] ❌ Could not reach homebase C554CE816A718CDE
[PING-ESP] Considering HB IDs: [ 'C554CE816A718CDE' ]
[PING-ESP] Online HB IDs: []
[PING-ESP] 🚫 Skipping ESP pings (DB offline) hb=C554CE816A718CDE
[PING] ✅ All pings dispatched

[PING] 🔁 Tick — 2025-08-02T10:38:00.012Z
[PING] 🏠 Found 1
[PING-PI] ❌ Could not reach homebase C554CE816A718CDE
[PING-ESP] Considering HB IDs: [ 'C554CE816A718CDE' ]
[PING-ESP] Online HB IDs: []
[PING-ESP] 🚫 Skipping ESP pings (DB offline) hb=C554CE816A718CDE
[PING] ✅ All pings dispatched

[PING] 🔁 Tick — 2025-08-02T10:39:00.013Z
[PING] 🏠 Found 1
[PING-PI] ❌ Could not reach homebase C554CE816A718CDE
[PING-ESP] Considering HB IDs: [ 'C554CE816A718CDE' ]
[PING-ESP] Online HB IDs: []
[PING-ESP] 🚫 Skipping ESP pings (DB offline) hb=C554CE816A718CDE
[PING] ✅ All pings dispatched

[CRON] 2025-08-02T10:40:00.015Z — dow=6, bucket=80
[PING] 🔁 Tick — 2025-08-02T10:40:00.019Z
[PING] 🏠 Found 1
[PING-PI] ❌ Could not reach homebase C554CE816A718CDE
[PING-ESP] Considering HB IDs: [ 'C554CE816A718CDE' ]
[PING-ESP] Online HB IDs: []
[PING-ESP] 🚫 Skipping ESP pings (DB offline) hb=C554CE816A718CDE
[PING] ✅ All pings dispatched

[CRON] ▶ ON  slots to start/continue: 0
[CRON] ▶ OFF slots to stop        : 0
[CRON] ✓ pass complete

[PING] 🔁 Tick — 2025-08-02T10:41:00.012Z
[PING] 🏠 Found 1
[PING-PI] ❌ Could not reach homebase C554CE816A718CDE
[PING-ESP] Considering HB IDs: [ 'C554CE816A718CDE' ]
[PING-ESP] Online HB IDs: []
[PING-ESP] 🚫 Skipping ESP pings (DB offline) hb=C554CE816A718CDE
[PING] ✅ All pings dispatched

[PING] 🔁 Tick — 2025-08-02T10:42:00.012Z
[PING] 🏠 Found 1
[PING-PI] ❌ Could not reach homebase C554CE816A718CDE
[PING-ESP] Considering HB IDs: [ 'C554CE816A718CDE' ]
[PING-ESP] Online HB IDs: []
[PING-ESP] 🚫 Skipping ESP pings (DB offline) hb=C554CE816A718CDE
[PING] ✅ All pings dispatched

[PING] 🔁 Tick — 2025-08-02T10:43:00.012Z
[PING] 🏠 Found 1
[PING-PI] ❌ Could not reach homebase C554CE816A718CDE
[PING-ESP] Considering HB IDs: [ 'C554CE816A718CDE' ]
[PING-ESP] Online HB IDs: []
[PING-ESP] 🚫 Skipping ESP pings (DB offline) hb=C554CE816A718CDE
[PING] ✅ All pings dispatched

[PING] 🔁 Tick — 2025-08-02T10:44:00.005Z
[PING] 🏠 Found 1
[PING-PI] ❌ Could not reach homebase C554CE816A718CDE
[PING-ESP] Considering HB IDs: [ 'C554CE816A718CDE' ]
[PING-ESP] Online HB IDs: []
[PING-ESP] 🚫 Skipping ESP pings (DB offline) hb=C554CE816A718CDE
[PING] ✅ All pings dispatched

[PING] 🔁 Tick — 2025-08-02T10:45:00.016Z
[CRON] 2025-08-02T10:45:00.017Z — dow=6, bucket=81
[PING] 🏠 Found 1
[PING-PI] ❌ Could not reach homebase C554CE816A718CDE
[CRON] ▶ ON  slots to start/continue: 0
[CRON] ▶ OFF slots to stop        : 0
[CRON] ✓ pass complete

[PING-ESP] Considering HB IDs: [ 'C554CE816A718CDE' ]
[PING-ESP] Online HB IDs: []
[PING-ESP] 🚫 Skipping ESP pings (DB offline) hb=C554CE816A718CDE
[PING] ✅ All pings dispatched

[PING] 🔁 Tick — 2025-08-02T10:46:00.011Z
[PING] 🏠 Found 1
[PING-PI] ❌ Could not reach homebase C554CE816A718CDE
[PING-ESP] Considering HB IDs: [ 'C554CE816A718CDE' ]
[PING-ESP] Online HB IDs: []
[PING-ESP] 🚫 Skipping ESP pings (DB offline) hb=C554CE816A718CDE
[PING] ✅ All pings dispatched

[PING] 🔁 Tick — 2025-08-02T10:47:00.012Z
[PING] 🏠 Found 1
[PING-PI] ❌ Could not reach homebase C554CE816A718CDE
[PING-ESP] Considering HB IDs: [ 'C554CE816A718CDE' ]
[PING-ESP] Online HB IDs: []
[PING-ESP] 🚫 Skipping ESP pings (DB offline) hb=C554CE816A718CDE
[PING] ✅ All pings dispatched

[PING] 🔁 Tick — 2025-08-02T10:48:00.012Z
[PING] 🏠 Found 1
[PING-PI] ❌ Could not reach homebase C554CE816A718CDE
[PING-ESP] Considering HB IDs: [ 'C554CE816A718CDE' ]
[PING-ESP] Online HB IDs: []
[PING-ESP] 🚫 Skipping ESP pings (DB offline) hb=C554CE816A718CDE
[PING] ✅ All pings dispatched

[PING] 🔁 Tick — 2025-08-02T10:49:00.013Z
[PING] 🏠 Found 1
[PING-PI] ❌ Could not reach homebase C554CE816A718CDE
[PING-ESP] Considering HB IDs: [ 'C554CE816A718CDE' ]
[PING-ESP] Online HB IDs: []
[PING-ESP] 🚫 Skipping ESP pings (DB offline) hb=C554CE816A718CDE
[PING] ✅ All pings dispatched

[CRON] 2025-08-02T10:50:00.016Z — dow=6, bucket=82
[PING] 🔁 Tick — 2025-08-02T10:50:00.020Z
[PING] 🏠 Found 1
[PING-PI] ❌ Could not reach homebase C554CE816A718CDE
[CRON] ▶ ON  slots to start/continue: 0
[PING-ESP] Considering HB IDs: [ 'C554CE816A718CDE' ]
[PING-ESP] Online HB IDs: []
[PING-ESP] 🚫 Skipping ESP pings (DB offline) hb=C554CE816A718CDE
[PING] ✅ All pings dispatched

[CRON] ▶ OFF slots to stop        : 0
[CRON] ✓ pass complete

[PING] 🔁 Tick — 2025-08-02T10:51:00.013Z
[PING] 🏠 Found 1
[PING-PI] ❌ Could not reach homebase C554CE816A718CDE
[PING-ESP] Considering HB IDs: [ 'C554CE816A718CDE' ]
[PING-ESP] Online HB IDs: []
[PING-ESP] 🚫 Skipping ESP pings (DB offline) hb=C554CE816A718CDE
[PING] ✅ All pings dispatched

[PING] 🔁 Tick — 2025-08-02T10:52:00.012Z
[PING] 🏠 Found 1
[PING-PI] ❌ Could not reach homebase C554CE816A718CDE
[PING-ESP] Considering HB IDs: [ 'C554CE816A718CDE' ]
[PING-ESP] Online HB IDs: []
[PING-ESP] 🚫 Skipping ESP pings (DB offline) hb=C554CE816A718CDE
[PING] ✅ All pings dispatched

[PING] 🔁 Tick — 2025-08-02T10:53:00.006Z
[PING] 🏠 Found 1
[PING-PI] ❌ Could not reach homebase C554CE816A718CDE
[PING-ESP] Considering HB IDs: [ 'C554CE816A718CDE' ]
[PING-ESP] Online HB IDs: []
[PING-ESP] 🚫 Skipping ESP pings (DB offline) hb=C554CE816A718CDE
[PING] ✅ All pings dispatched

[PING] 🔁 Tick — 2025-08-02T10:54:00.013Z
[PING] 🏠 Found 1
[PING-PI] ❌ Could not reach homebase C554CE816A718CDE
[PING-ESP] Considering HB IDs: [ 'C554CE816A718CDE' ]
[PING-ESP] Online HB IDs: []
[PING-ESP] 🚫 Skipping ESP pings (DB offline) hb=C554CE816A718CDE
[PING] ✅ All pings dispatched

[CRON] 2025-08-02T10:55:00.015Z — dow=6, bucket=83
[PING] 🔁 Tick — 2025-08-02T10:55:00.016Z
[CRON] ▶ ON  slots to start/continue: 0
[PING] 🏠 Found 1
[PING-PI] ❌ Could not reach homebase C554CE816A718CDE
[CRON] ▶ OFF slots to stop        : 0
[CRON] ✓ pass complete

[PING-ESP] Considering HB IDs: [ 'C554CE816A718CDE' ]
[PING-ESP] Online HB IDs: []
[PING-ESP] 🚫 Skipping ESP pings (DB offline) hb=C554CE816A718CDE
[PING] ✅ All pings dispatched

[PING] 🔁 Tick — 2025-08-02T10:56:00.012Z
[PING] 🏠 Found 1
[PING-PI] ❌ Could not reach homebase C554CE816A718CDE
[PING-ESP] Considering HB IDs: [ 'C554CE816A718CDE' ]
[PING-ESP] Online HB IDs: []
[PING-ESP] 🚫 Skipping ESP pings (DB offline) hb=C554CE816A718CDE
[PING] ✅ All pings dispatched

[PING] 🔁 Tick — 2025-08-02T10:57:00.011Z
[PING] 🏠 Found 1
[PING-PI] ❌ Could not reach homebase C554CE816A718CDE
[PING-ESP] Considering HB IDs: [ 'C554CE816A718CDE' ]
[PING-ESP] Online HB IDs: []
[PING-ESP] 🚫 Skipping ESP pings (DB offline) hb=C554CE816A718CDE
[PING] ✅ All pings dispatched

[PING] 🔁 Tick — 2025-08-02T10:58:00.012Z
[PING] 🏠 Found 1
[PING-PI] ❌ Could not reach homebase C554CE816A718CDE
[PING-ESP] Considering HB IDs: [ 'C554CE816A718CDE' ]
[PING-ESP] Online HB IDs: []
[PING-ESP] 🚫 Skipping ESP pings (DB offline) hb=C554CE816A718CDE
[PING] ✅ All pings dispatched

[PING] 🔁 Tick — 2025-08-02T10:59:00.006Z
[PING] 🏠 Found 1
[PING-PI] ❌ Could not reach homebase C554CE816A718CDE
[PING-ESP] Considering HB IDs: [ 'C554CE816A718CDE' ]
[PING-ESP] Online HB IDs: []
[PING-ESP] 🚫 Skipping ESP pings (DB offline) hb=C554CE816A718CDE
[PING] ✅ All pings dispatched

[PING] 🔁 Tick — 2025-08-02T11:00:00.016Z
[CRON] 2025-08-02T11:00:00.017Z — dow=6, bucket=84
[PING] 🏠 Found 1
[PING-PI] ❌ Could not reach homebase C554CE816A718CDE
[PING-ESP] Considering HB IDs: [ 'C554CE816A718CDE' ]
[PING-ESP] Online HB IDs: []
[PING-ESP] 🚫 Skipping ESP pings (DB offline) hb=C554CE816A718CDE
[PING] ✅ All pings dispatched

[CRON] ▶ ON  slots to start/continue: 0
[CRON] ▶ OFF slots to stop        : 0
[CRON] ✓ pass complete

[PING] 🔁 Tick — 2025-08-02T11:01:00.013Z
[PING] 🏠 Found 1
[PING-PI] ❌ Could not reach homebase C554CE816A718CDE
[PING-ESP] Considering HB IDs: [ 'C554CE816A718CDE' ]
[PING-ESP] Online HB IDs: []
[PING-ESP] 🚫 Skipping ESP pings (DB offline) hb=C554CE816A718CDE
[PING] ✅ All pings dispatched

[PING] 🔁 Tick — 2025-08-02T11:02:00.012Z
[PING] 🏠 Found 1
[PING-PI] ❌ Could not reach homebase C554CE816A718CDE
[PING-ESP] Considering HB IDs: [ 'C554CE816A718CDE' ]
[PING-ESP] Online HB IDs: []
[PING-ESP] 🚫 Skipping ESP pings (DB offline) hb=C554CE816A718CDE
[PING] ✅ All pings dispatched

[PING] 🔁 Tick — 2025-08-02T11:03:00.011Z
[PING] 🏠 Found 1
[PING-PI] ❌ Could not reach homebase C554CE816A718CDE
[PING-ESP] Considering HB IDs: [ 'C554CE816A718CDE' ]
[PING-ESP] Online HB IDs: []
[PING-ESP] 🚫 Skipping ESP pings (DB offline) hb=C554CE816A718CDE
[PING] ✅ All pings dispatched

[PING] 🔁 Tick — 2025-08-02T11:04:00.013Z
[PING] 🏠 Found 1
[PING-PI] ❌ Could not reach homebase C554CE816A718CDE
[PING-ESP] Considering HB IDs: [ 'C554CE816A718CDE' ]
[PING-ESP] Online HB IDs: []
[PING-ESP] 🚫 Skipping ESP pings (DB offline) hb=C554CE816A718CDE
[PING] ✅ All pings dispatched

[CRON] 2025-08-02T11:05:00.015Z — dow=6, bucket=85
[PING] 🔁 Tick — 2025-08-02T11:05:00.016Z
[CRON] ▶ ON  slots to start/continue: 0
[PING] 🏠 Found 1
[PING-PI] ❌ Could not reach homebase C554CE816A718CDE
[CRON] ▶ OFF slots to stop        : 0
[CRON] ✓ pass complete

[PING-ESP] Considering HB IDs: [ 'C554CE816A718CDE' ]
[PING-ESP] Online HB IDs: []
[PING-ESP] 🚫 Skipping ESP pings (DB offline) hb=C554CE816A718CDE
[PING] ✅ All pings dispatched

[PING] 🔁 Tick — 2025-08-02T11:06:00.012Z
[PING] 🏠 Found 1
[PING-PI] ❌ Could not reach homebase C554CE816A718CDE
[PING-ESP] Considering HB IDs: [ 'C554CE816A718CDE' ]
[PING-ESP] Online HB IDs: []
[PING-ESP] 🚫 Skipping ESP pings (DB offline) hb=C554CE816A718CDE
[PING] ✅ All pings dispatched

[PING] 🔁 Tick — 2025-08-02T11:07:00.012Z
[PING] 🏠 Found 1
[PING-PI] ❌ Could not reach homebase C554CE816A718CDE
[PING-ESP] Considering HB IDs: [ 'C554CE816A718CDE' ]
[PING-ESP] Online HB IDs: []
[PING-ESP] 🚫 Skipping ESP pings (DB offline) hb=C554CE816A718CDE
[PING] ✅ All pings dispatched

[PING] 🔁 Tick — 2025-08-02T11:08:00.012Z
[PING] 🏠 Found 1
[PING-PI] ❌ Could not reach homebase C554CE816A718CDE
[PING-ESP] Considering HB IDs: [ 'C554CE816A718CDE' ]
[PING-ESP] Online HB IDs: []
[PING-ESP] 🚫 Skipping ESP pings (DB offline) hb=C554CE816A718CDE
[PING] ✅ All pings dispatched

[PING] 🔁 Tick — 2025-08-02T11:09:00.012Z
[PING] 🏠 Found 1
[PING-PI] ❌ Could not reach homebase C554CE816A718CDE
[PING-ESP] Considering HB IDs: [ 'C554CE816A718CDE' ]
[PING-ESP] Online HB IDs: []
[PING-ESP] 🚫 Skipping ESP pings (DB offline) hb=C554CE816A718CDE
[PING] ✅ All pings dispatched

[PING] 🔁 Tick — 2025-08-02T11:10:00.009Z
[CRON] 2025-08-02T11:10:00.010Z — dow=6, bucket=86
[PING] 🏠 Found 1
[PING-PI] ❌ Could not reach homebase C554CE816A718CDE
[CRON] ▶ ON  slots to start/continue: 0
[CRON] ▶ OFF slots to stop        : 0
[CRON] ✓ pass complete

[PING-ESP] Considering HB IDs: [ 'C554CE816A718CDE' ]
[PING-ESP] Online HB IDs: []
[PING-ESP] 🚫 Skipping ESP pings (DB offline) hb=C554CE816A718CDE
[PING] ✅ All pings dispatched

[PING] 🔁 Tick — 2025-08-02T11:11:00.006Z
[PING] 🏠 Found 1
[PING-PI] ❌ Could not reach homebase C554CE816A718CDE
[PING-ESP] Considering HB IDs: [ 'C554CE816A718CDE' ]
[PING-ESP] Online HB IDs: []
[PING-ESP] 🚫 Skipping ESP pings (DB offline) hb=C554CE816A718CDE
[PING] ✅ All pings dispatched

[PING] 🔁 Tick — 2025-08-02T11:12:00.012Z
[PING] 🏠 Found 1
[PING-PI] ❌ Could not reach homebase C554CE816A718CDE
[PING-ESP] Considering HB IDs: [ 'C554CE816A718CDE' ]
[PING-ESP] Online HB IDs: []
[PING-ESP] 🚫 Skipping ESP pings (DB offline) hb=C554CE816A718CDE
[PING] ✅ All pings dispatched

[PING] 🔁 Tick — 2025-08-02T11:13:00.012Z
[PING] 🏠 Found 1
[PING-PI] ❌ Could not reach homebase C554CE816A718CDE
[PING-ESP] Considering HB IDs: [ 'C554CE816A718CDE' ]
[PING-ESP] Online HB IDs: []
[PING-ESP] 🚫 Skipping ESP pings (DB offline) hb=C554CE816A718CDE
[PING] ✅ All pings dispatched

[PING] 🔁 Tick — 2025-08-02T11:14:00.012Z
[PING] 🏠 Found 1
[PING-PI] ❌ Could not reach homebase C554CE816A718CDE
[PING-ESP] Considering HB IDs: [ 'C554CE816A718CDE' ]
[PING-ESP] Online HB IDs: []
[PING-ESP] 🚫 Skipping ESP pings (DB offline) hb=C554CE816A718CDE
[PING] ✅ All pings dispatched

[CRON] 2025-08-02T11:15:00.015Z — dow=6, bucket=87
[PING] 🔁 Tick — 2025-08-02T11:15:00.016Z
[PING] 🏠 Found 1
[PING-PI] ❌ Could not reach homebase C554CE816A718CDE
[CRON] ▶ ON  slots to start/continue: 0
[CRON] ▶ OFF slots to stop        : 0
[CRON] ✓ pass complete

[PING-ESP] Considering HB IDs: [ 'C554CE816A718CDE' ]
[PING-ESP] Online HB IDs: []
[PING-ESP] 🚫 Skipping ESP pings (DB offline) hb=C554CE816A718CDE
[PING] ✅ All pings dispatched

[PING] 🔁 Tick — 2025-08-02T11:16:00.013Z
[PING] 🏠 Found 1
[PING-PI] ❌ Could not reach homebase C554CE816A718CDE
[PING-ESP] Considering HB IDs: [ 'C554CE816A718CDE' ]
[PING-ESP] Online HB IDs: []
[PING-ESP] 🚫 Skipping ESP pings (DB offline) hb=C554CE816A718CDE
[PING] ✅ All pings dispatched

[PING] 🔁 Tick — 2025-08-02T11:17:00.012Z
[PING] 🏠 Found 1
[PING-PI] ❌ Could not reach homebase C554CE816A718CDE
[PING-ESP] Considering HB IDs: [ 'C554CE816A718CDE' ]
[PING-ESP] Online HB IDs: []
[PING-ESP] 🚫 Skipping ESP pings (DB offline) hb=C554CE816A718CDE
[PING] ✅ All pings dispatched

[PING] 🔁 Tick — 2025-08-02T11:18:00.012Z
[PING] 🏠 Found 1
[PING-PI] ❌ Could not reach homebase C554CE816A718CDE
[PING-ESP] Considering HB IDs: [ 'C554CE816A718CDE' ]
[PING-ESP] Online HB IDs: []
[PING-ESP] 🚫 Skipping ESP pings (DB offline) hb=C554CE816A718CDE
[PING] ✅ All pings dispatched

[PING] 🔁 Tick — 2025-08-02T11:19:00.008Z
[PING] 🏠 Found 1
[PING-PI] ❌ Could not reach homebase C554CE816A718CDE
[PING-ESP] Considering HB IDs: [ 'C554CE816A718CDE' ]
[PING-ESP] Online HB IDs: []
[PING-ESP] 🚫 Skipping ESP pings (DB offline) hb=C554CE816A718CDE
[PING] ✅ All pings dispatched

[CRON] 2025-08-02T11:20:00.016Z — dow=6, bucket=88
[PING] 🔁 Tick — 2025-08-02T11:20:00.017Z
[PING] 🏠 Found 1
[PING-PI] ❌ Could not reach homebase C554CE816A718CDE
[CRON] ▶ ON  slots to start/continue: 0
[CRON] ▶ OFF slots to stop        : 0
[CRON] ✓ pass complete

[PING-ESP] Considering HB IDs: [ 'C554CE816A718CDE' ]
[PING-ESP] Online HB IDs: []
[PING-ESP] 🚫 Skipping ESP pings (DB offline) hb=C554CE816A718CDE
[PING] ✅ All pings dispatched

[PING] 🔁 Tick — 2025-08-02T11:21:00.012Z
[PING] 🏠 Found 1
[PING-PI] ❌ Could not reach homebase C554CE816A718CDE
[PING-ESP] Considering HB IDs: [ 'C554CE816A718CDE' ]
[PING-ESP] Online HB IDs: []
[PING-ESP] 🚫 Skipping ESP pings (DB offline) hb=C554CE816A718CDE
[PING] ✅ All pings dispatched

[PING] 🔁 Tick — 2025-08-02T11:22:00.012Z
[PING] 🏠 Found 1
[PING-PI] ❌ Could not reach homebase C554CE816A718CDE
[PING-ESP] Considering HB IDs: [ 'C554CE816A718CDE' ]
[PING-ESP] Online HB IDs: []
[PING-ESP] 🚫 Skipping ESP pings (DB offline) hb=C554CE816A718CDE
[PING] ✅ All pings dispatched

[PING] 🔁 Tick — 2025-08-02T11:23:00.006Z
[PING] 🏠 Found 1
[PING-PI] ❌ Could not reach homebase C554CE816A718CDE
[PING-ESP] Considering HB IDs: [ 'C554CE816A718CDE' ]
[PING-ESP] Online HB IDs: []
[PING-ESP] 🚫 Skipping ESP pings (DB offline) hb=C554CE816A718CDE
[PING] ✅ All pings dispatched

[PING] 🔁 Tick — 2025-08-02T11:24:00.012Z
[PING] 🏠 Found 1
[PING-PI] ❌ Could not reach homebase C554CE816A718CDE
[PING-ESP] Considering HB IDs: [ 'C554CE816A718CDE' ]
[PING-ESP] Online HB IDs: []
[PING-ESP] 🚫 Skipping ESP pings (DB offline) hb=C554CE816A718CDE
[PING] ✅ All pings dispatched

[CRON] 2025-08-02T11:25:00.015Z — dow=6, bucket=89
[PING] 🔁 Tick — 2025-08-02T11:25:00.016Z
[PING] 🏠 Found 1
[PING-PI] ❌ Could not reach homebase C554CE816A718CDE
[PING-ESP] Considering HB IDs: [ 'C554CE816A718CDE' ]
[PING-ESP] Online HB IDs: []
[PING-ESP] 🚫 Skipping ESP pings (DB offline) hb=C554CE816A718CDE
[PING] ✅ All pings dispatched

[CRON] ▶ ON  slots to start/continue: 0
[CRON] ▶ OFF slots to stop        : 0
[CRON] ✓ pass complete

[PING] 🔁 Tick — 2025-08-02T11:26:00.011Z
[PING] 🏠 Found 1
[PING-PI] ❌ Could not reach homebase C554CE816A718CDE
[PING-ESP] Considering HB IDs: [ 'C554CE816A718CDE' ]
[PING-ESP] Online HB IDs: []
[PING-ESP] 🚫 Skipping ESP pings (DB offline) hb=C554CE816A718CDE
[PING] ✅ All pings dispatched

[PING] 🔁 Tick — 2025-08-02T11:27:00.006Z
[PING] 🏠 Found 1
[PING-PI] ❌ Could not reach homebase C554CE816A718CDE
[PING-ESP] Considering HB IDs: [ 'C554CE816A718CDE' ]
[PING-ESP] Online HB IDs: []
[PING-ESP] 🚫 Skipping ESP pings (DB offline) hb=C554CE816A718CDE
[PING] ✅ All pings dispatched

[PING] 🔁 Tick — 2025-08-02T11:28:00.012Z
[PING] 🏠 Found 1
[PING-PI] ❌ Could not reach homebase C554CE816A718CDE
[PING-ESP] Considering HB IDs: [ 'C554CE816A718CDE' ]
[PING-ESP] Online HB IDs: []
[PING-ESP] 🚫 Skipping ESP pings (DB offline) hb=C554CE816A718CDE
[PING] ✅ All pings dispatched

[PING] 🔁 Tick — 2025-08-02T11:29:00.007Z
[PING] 🏠 Found 1
[PING-PI] ❌ Could not reach homebase C554CE816A718CDE
[PING-ESP] Considering HB IDs: [ 'C554CE816A718CDE' ]
[PING-ESP] Online HB IDs: []
[PING-ESP] 🚫 Skipping ESP pings (DB offline) hb=C554CE816A718CDE
[PING] ✅ All pings dispatched

[CRON] 2025-08-02T11:30:00.016Z — dow=6, bucket=90
[PING] 🔁 Tick — 2025-08-02T11:30:00.017Z
[CRON] ▶ ON  slots to start/continue: 0
[PING] 🏠 Found 1
[PING-PI] ❌ Could not reach homebase C554CE816A718CDE
[CRON] ▶ OFF slots to stop        : 0
[CRON] ✓ pass complete

[PING-ESP] Considering HB IDs: [ 'C554CE816A718CDE' ]
[PING-ESP] Online HB IDs: []
[PING-ESP] 🚫 Skipping ESP pings (DB offline) hb=C554CE816A718CDE
[PING] ✅ All pings dispatched

[PING] 🔁 Tick — 2025-08-02T11:31:00.011Z
[PING] 🏠 Found 1
[PING-PI] ❌ Could not reach homebase C554CE816A718CDE
[PING-ESP] Considering HB IDs: [ 'C554CE816A718CDE' ]
[PING-ESP] Online HB IDs: []
[PING-ESP] 🚫 Skipping ESP pings (DB offline) hb=C554CE816A718CDE
[PING] ✅ All pings dispatched

[PING] 🔁 Tick — 2025-08-02T11:32:00.012Z
[PING] 🏠 Found 1
[PING-PI] ❌ Could not reach homebase C554CE816A718CDE
[PING-ESP] Considering HB IDs: [ 'C554CE816A718CDE' ]
[PING-ESP] Online HB IDs: []
[PING-ESP] 🚫 Skipping ESP pings (DB offline) hb=C554CE816A718CDE
[PING] ✅ All pings dispatched

[PING] 🔁 Tick — 2025-08-02T11:33:00.011Z
[PING] 🏠 Found 1
[PING-PI] ❌ Could not reach homebase C554CE816A718CDE
[PING-ESP] Considering HB IDs: [ 'C554CE816A718CDE' ]
[PING-ESP] Online HB IDs: []
[PING-ESP] 🚫 Skipping ESP pings (DB offline) hb=C554CE816A718CDE
[PING] ✅ All pings dispatched

[PING] 🔁 Tick — 2025-08-02T11:34:00.012Z
[PING] 🏠 Found 1
[PING-PI] ❌ Could not reach homebase C554CE816A718CDE
[PING-ESP] Considering HB IDs: [ 'C554CE816A718CDE' ]
[PING-ESP] Online HB IDs: []
[PING-ESP] 🚫 Skipping ESP pings (DB offline) hb=C554CE816A718CDE
[PING] ✅ All pings dispatched

[PING] 🔁 Tick — 2025-08-02T11:35:00.015Z
[CRON] 2025-08-02T11:35:00.016Z — dow=6, bucket=91
[PING] 🏠 Found 1
[PING-PI] ❌ Could not reach homebase C554CE816A718CDE
[PING-ESP] Considering HB IDs: [ 'C554CE816A718CDE' ]
[PING-ESP] Online HB IDs: []
[PING-ESP] 🚫 Skipping ESP pings (DB offline) hb=C554CE816A718CDE
[PING] ✅ All pings dispatched

[CRON] ▶ ON  slots to start/continue: 0
[CRON] ▶ OFF slots to stop        : 0
[CRON] ✓ pass complete

[PING] 🔁 Tick — 2025-08-02T11:36:00.011Z
[PING] 🏠 Found 1
[PING-PI] ❌ Could not reach homebase C554CE816A718CDE
[PING-ESP] Considering HB IDs: [ 'C554CE816A718CDE' ]
[PING-ESP] Online HB IDs: []
[PING-ESP] 🚫 Skipping ESP pings (DB offline) hb=C554CE816A718CDE
[PING] ✅ All pings dispatched

[PING] 🔁 Tick — 2025-08-02T11:37:00.012Z
[PING] 🏠 Found 1
[PING-PI] ❌ Could not reach homebase C554CE816A718CDE
[PING-ESP] Considering HB IDs: [ 'C554CE816A718CDE' ]
[PING-ESP] Online HB IDs: []
[PING-ESP] 🚫 Skipping ESP pings (DB offline) hb=C554CE816A718CDE
[PING] ✅ All pings dispatched

[PING] 🔁 Tick — 2025-08-02T11:38:00.011Z
[PING] 🏠 Found 1
[PING-PI] ❌ Could not reach homebase C554CE816A718CDE
[PING-ESP] Considering HB IDs: [ 'C554CE816A718CDE' ]
[PING-ESP] Online HB IDs: []
[PING-ESP] 🚫 Skipping ESP pings (DB offline) hb=C554CE816A718CDE
[PING] ✅ All pings dispatched

[PING] 🔁 Tick — 2025-08-02T11:39:00.011Z
[PING] 🏠 Found 1
[PING-PI] ❌ Could not reach homebase C554CE816A718CDE
[PING-ESP] Considering HB IDs: [ 'C554CE816A718CDE' ]
[PING-ESP] Online HB IDs: []
[PING-ESP] 🚫 Skipping ESP pings (DB offline) hb=C554CE816A718CDE
[PING] ✅ All pings dispatched

[CRON] 2025-08-02T11:40:00.016Z — dow=6, bucket=92
[PING] 🔁 Tick — 2025-08-02T11:40:00.017Z
[CRON] ▶ ON  slots to start/continue: 0
[PING] 🏠 Found 1
[PING-PI] ❌ Could not reach homebase C554CE816A718CDE
[CRON] ▶ OFF slots to stop        : 0
[CRON] ✓ pass complete

[PING-ESP] Considering HB IDs: [ 'C554CE816A718CDE' ]
[PING-ESP] Online HB IDs: []
[PING-ESP] 🚫 Skipping ESP pings (DB offline) hb=C554CE816A718CDE
[PING] ✅ All pings dispatched

[PING] 🔁 Tick — 2025-08-02T11:41:00.013Z
[PING] 🏠 Found 1
[PING-PI] ❌ Could not reach homebase C554CE816A718CDE
[PING-ESP] Considering HB IDs: [ 'C554CE816A718CDE' ]
[PING-ESP] Online HB IDs: []
[PING-ESP] 🚫 Skipping ESP pings (DB offline) hb=C554CE816A718CDE
[PING] ✅ All pings dispatched

[PING] 🔁 Tick — 2025-08-02T11:42:00.013Z
[PING] 🏠 Found 1
[PING-PI] ❌ Could not reach homebase C554CE816A718CDE
[PING-ESP] Considering HB IDs: [ 'C554CE816A718CDE' ]
[PING-ESP] Online HB IDs: []
[PING-ESP] 🚫 Skipping ESP pings (DB offline) hb=C554CE816A718CDE
[PING] ✅ All pings dispatched

[PING] 🔁 Tick — 2025-08-02T11:43:00.011Z
[PING] 🏠 Found 1
[PING-PI] ❌ Could not reach homebase C554CE816A718CDE
[PING-ESP] Considering HB IDs: [ 'C554CE816A718CDE' ]
[PING-ESP] Online HB IDs: []
[PING-ESP] 🚫 Skipping ESP pings (DB offline) hb=C554CE816A718CDE
[PING] ✅ All pings dispatched

[PING] 🔁 Tick — 2025-08-02T11:44:00.009Z
[PING] 🏠 Found 1
[PING-PI] ❌ Could not reach homebase C554CE816A718CDE
[PING-ESP] Considering HB IDs: [ 'C554CE816A718CDE' ]
[PING-ESP] Online HB IDs: []
[PING-ESP] 🚫 Skipping ESP pings (DB offline) hb=C554CE816A718CDE
[PING] ✅ All pings dispatched

[PING] 🔁 Tick — 2025-08-02T11:45:00.015Z
[CRON] 2025-08-02T11:45:00.015Z — dow=6, bucket=93
[PING] 🏠 Found 1
[PING-PI] ❌ Could not reach homebase C554CE816A718CDE
[PING-ESP] Considering HB IDs: [ 'C554CE816A718CDE' ]
[PING-ESP] Online HB IDs: []
[PING-ESP] 🚫 Skipping ESP pings (DB offline) hb=C554CE816A718CDE
[PING] ✅ All pings dispatched

[CRON] ▶ ON  slots to start/continue: 0
[CRON] ▶ OFF slots to stop        : 0
[CRON] ✓ pass complete

[PING] 🔁 Tick — 2025-08-02T11:46:00.007Z
[PING] 🏠 Found 1
[PING-PI] ❌ Could not reach homebase C554CE816A718CDE
[PING-ESP] Considering HB IDs: [ 'C554CE816A718CDE' ]
[PING-ESP] Online HB IDs: []
[PING-ESP] 🚫 Skipping ESP pings (DB offline) hb=C554CE816A718CDE
[PING] ✅ All pings dispatched

[PING] 🔁 Tick — 2025-08-02T11:47:00.012Z
[PING] 🏠 Found 1
[PING-PI] ❌ Could not reach homebase C554CE816A718CDE
[PING-ESP] Considering HB IDs: [ 'C554CE816A718CDE' ]
[PING-ESP] Online HB IDs: []
[PING-ESP] 🚫 Skipping ESP pings (DB offline) hb=C554CE816A718CDE
[PING] ✅ All pings dispatched

[PING] 🔁 Tick — 2025-08-02T11:48:00.011Z
[PING] 🏠 Found 1
[PING-PI] ❌ Could not reach homebase C554CE816A718CDE
[PING-ESP] Considering HB IDs: [ 'C554CE816A718CDE' ]
[PING-ESP] Online HB IDs: []
[PING-ESP] 🚫 Skipping ESP pings (DB offline) hb=C554CE816A718CDE
[PING] ✅ All pings dispatched

[PING] 🔁 Tick — 2025-08-02T11:49:00.011Z
[PING] 🏠 Found 1
[PING-PI] ❌ Could not reach homebase C554CE816A718CDE
[PING-ESP] Considering HB IDs: [ 'C554CE816A718CDE' ]
[PING-ESP] Online HB IDs: []
[PING-ESP] 🚫 Skipping ESP pings (DB offline) hb=C554CE816A718CDE
[PING] ✅ All pings dispatched

[PING] 🔁 Tick — 2025-08-02T11:50:00.009Z
[CRON] 2025-08-02T11:50:00.012Z — dow=6, bucket=94
[PING] 🏠 Found 1
[PING-PI] ❌ Could not reach homebase C554CE816A718CDE
[CRON] ▶ ON  slots to start/continue: 0
[CRON] ▶ OFF slots to stop        : 0
[CRON] ✓ pass complete

[PING-ESP] Considering HB IDs: [ 'C554CE816A718CDE' ]
[PING-ESP] Online HB IDs: []
[PING-ESP] 🚫 Skipping ESP pings (DB offline) hb=C554CE816A718CDE
[PING] ✅ All pings dispatched

[PING] 🔁 Tick — 2025-08-02T11:51:00.011Z
[PING] 🏠 Found 1
[PING-PI] ❌ Could not reach homebase C554CE816A718CDE
[PING-ESP] Considering HB IDs: [ 'C554CE816A718CDE' ]
[PING-ESP] Online HB IDs: []
[PING-ESP] 🚫 Skipping ESP pings (DB offline) hb=C554CE816A718CDE
[PING] ✅ All pings dispatched

[PING] 🔁 Tick — 2025-08-02T11:52:00.011Z
[PING] 🏠 Found 1
[PING-PI] ❌ Could not reach homebase C554CE816A718CDE
[PING-ESP] Considering HB IDs: [ 'C554CE816A718CDE' ]
[PING-ESP] Online HB IDs: []
[PING-ESP] 🚫 Skipping ESP pings (DB offline) hb=C554CE816A718CDE
[PING] ✅ All pings dispatched

[PING] 🔁 Tick — 2025-08-02T11:53:00.011Z
[PING] 🏠 Found 1
[PING-PI] ❌ Could not reach homebase C554CE816A718CDE
[PING-ESP] Considering HB IDs: [ 'C554CE816A718CDE' ]
[PING-ESP] Online HB IDs: []
[PING-ESP] 🚫 Skipping ESP pings (DB offline) hb=C554CE816A718CDE
[PING] ✅ All pings dispatched

[PING] 🔁 Tick — 2025-08-02T11:54:00.013Z
[PING] 🏠 Found 1
[PING-PI] ❌ Could not reach homebase C554CE816A718CDE
[PING-ESP] Considering HB IDs: [ 'C554CE816A718CDE' ]
[PING-ESP] Online HB IDs: []
[PING-ESP] 🚫 Skipping ESP pings (DB offline) hb=C554CE816A718CDE
[PING] ✅ All pings dispatched

[CRON] 2025-08-02T11:55:00.016Z — dow=6, bucket=95
[PING] 🔁 Tick — 2025-08-02T11:55:00.018Z
[PING] 🏠 Found 1
[PING-PI] ❌ Could not reach homebase C554CE816A718CDE
[CRON] ▶ ON  slots to start/continue: 0
[CRON] ▶ OFF slots to stop        : 0
[CRON] ✓ pass complete

[PING-ESP] Considering HB IDs: [ 'C554CE816A718CDE' ]
[PING-ESP] Online HB IDs: []
[PING-ESP] 🚫 Skipping ESP pings (DB offline) hb=C554CE816A718CDE
[PING] ✅ All pings dispatched

[PING] 🔁 Tick — 2025-08-02T11:56:00.014Z
[PING] 🏠 Found 1
[PING-PI] ❌ Could not reach homebase C554CE816A718CDE
[PING-ESP] Considering HB IDs: [ 'C554CE816A718CDE' ]
[PING-ESP] Online HB IDs: []
[PING-ESP] 🚫 Skipping ESP pings (DB offline) hb=C554CE816A718CDE
[PING] ✅ All pings dispatched

[PING] 🔁 Tick — 2025-08-02T11:57:00.012Z
[PING] 🏠 Found 1
[PING-PI] ❌ Could not reach homebase C554CE816A718CDE
[PING-ESP] Considering HB IDs: [ 'C554CE816A718CDE' ]
[PING-ESP] Online HB IDs: []
[PING-ESP] 🚫 Skipping ESP pings (DB offline) hb=C554CE816A718CDE
[PING] ✅ All pings dispatched

[PING] 🔁 Tick — 2025-08-02T11:58:00.011Z
[PING] 🏠 Found 1
[PING-PI] ❌ Could not reach homebase C554CE816A718CDE
[PING-ESP] Considering HB IDs: [ 'C554CE816A718CDE' ]
[PING-ESP] Online HB IDs: []
[PING-ESP] 🚫 Skipping ESP pings (DB offline) hb=C554CE816A718CDE
[PING] ✅ All pings dispatched

[PING] 🔁 Tick — 2025-08-02T11:59:00.013Z
[PING] 🏠 Found 1
[PING-PI] ❌ Could not reach homebase C554CE816A718CDE
[PING-ESP] Considering HB IDs: [ 'C554CE816A718CDE' ]
[PING-ESP] Online HB IDs: []
[PING-ESP] 🚫 Skipping ESP pings (DB offline) hb=C554CE816A718CDE
[PING] ✅ All pings dispatched

[CRON] 2025-08-02T12:00:00.014Z — dow=6, bucket=96
[PING] 🔁 Tick — 2025-08-02T12:00:00.015Z
[CRON] ▶ ON  slots to start/continue: 0
[PING] 🏠 Found 1
[PING-PI] ❌ Could not reach homebase C554CE816A718CDE
[CRON] ▶ OFF slots to stop        : 0
[CRON] ✓ pass complete

[PING-ESP] Considering HB IDs: [ 'C554CE816A718CDE' ]
[PING-ESP] Online HB IDs: []
[PING-ESP] 🚫 Skipping ESP pings (DB offline) hb=C554CE816A718CDE
[PING] ✅ All pings dispatched

[PING] 🔁 Tick — 2025-08-02T12:01:00.006Z
[PING] 🏠 Found 1
[PING-PI] ❌ Could not reach homebase C554CE816A718CDE
[PING-ESP] Considering HB IDs: [ 'C554CE816A718CDE' ]
[PING-ESP] Online HB IDs: []
[PING-ESP] 🚫 Skipping ESP pings (DB offline) hb=C554CE816A718CDE
[PING] ✅ All pings dispatched

[PING] 🔁 Tick — 2025-08-02T12:02:00.012Z
[PING] 🏠 Found 1
[PING-PI] ❌ Could not reach homebase C554CE816A718CDE
[PING-ESP] Considering HB IDs: [ 'C554CE816A718CDE' ]
[PING-ESP] Online HB IDs: []
[PING-ESP] 🚫 Skipping ESP pings (DB offline) hb=C554CE816A718CDE
[PING] ✅ All pings dispatched

[PING] 🔁 Tick — 2025-08-02T12:03:00.006Z
[PING] 🏠 Found 1
[PING-PI] ❌ Could not reach homebase C554CE816A718CDE
[PING-ESP] Considering HB IDs: [ 'C554CE816A718CDE' ]
[PING-ESP] Online HB IDs: []
[PING-ESP] 🚫 Skipping ESP pings (DB offline) hb=C554CE816A718CDE
[PING] ✅ All pings dispatched

[PING] 🔁 Tick — 2025-08-02T12:04:00.012Z
[PING] 🏠 Found 1
[PING-PI] ❌ Could not reach homebase C554CE816A718CDE
[PING-ESP] Considering HB IDs: [ 'C554CE816A718CDE' ]
[PING-ESP] Online HB IDs: []
[PING-ESP] 🚫 Skipping ESP pings (DB offline) hb=C554CE816A718CDE
[PING] ✅ All pings dispatched

[CRON] 2025-08-02T12:05:00.015Z — dow=6, bucket=97
[PING] 🔁 Tick — 2025-08-02T12:05:00.016Z
[PING] 🏠 Found 1
[PING-PI] ❌ Could not reach homebase C554CE816A718CDE
[PING-ESP] Considering HB IDs: [ 'C554CE816A718CDE' ]
[PING-ESP] Online HB IDs: []
[PING-ESP] 🚫 Skipping ESP pings (DB offline) hb=C554CE816A718CDE
[PING] ✅ All pings dispatched

[CRON] ▶ ON  slots to start/continue: 0
[CRON] ▶ OFF slots to stop        : 0
[CRON] ✓ pass complete

[PING] 🔁 Tick — 2025-08-02T12:06:00.006Z
[PING] 🏠 Found 1
[PING-PI] ❌ Could not reach homebase C554CE816A718CDE
[PING-ESP] Considering HB IDs: [ 'C554CE816A718CDE' ]
[PING-ESP] Online HB IDs: []
[PING-ESP] 🚫 Skipping ESP pings (DB offline) hb=C554CE816A718CDE
[PING] ✅ All pings dispatched

[PING] 🔁 Tick — 2025-08-02T12:07:00.011Z
[PING] 🏠 Found 1
[PING-PI] ❌ Could not reach homebase C554CE816A718CDE
[PING-ESP] Considering HB IDs: [ 'C554CE816A718CDE' ]
[PING-ESP] Online HB IDs: []
[PING-ESP] 🚫 Skipping ESP pings (DB offline) hb=C554CE816A718CDE
[PING] ✅ All pings dispatched

[PING] 🔁 Tick — 2025-08-02T12:08:00.012Z
[PING] 🏠 Found 1
[PING-PI] ❌ Could not reach homebase C554CE816A718CDE
[PING-ESP] Considering HB IDs: [ 'C554CE816A718CDE' ]
[PING-ESP] Online HB IDs: []
[PING-ESP] 🚫 Skipping ESP pings (DB offline) hb=C554CE816A718CDE
[PING] ✅ All pings dispatched

[PING] 🔁 Tick — 2025-08-02T12:09:00.012Z
[PING] 🏠 Found 1
[PING-PI] ❌ Could not reach homebase C554CE816A718CDE
[PING-ESP] Considering HB IDs: [ 'C554CE816A718CDE' ]
[PING-ESP] Online HB IDs: []
[PING-ESP] 🚫 Skipping ESP pings (DB offline) hb=C554CE816A718CDE
[PING] ✅ All pings dispatched

[PING] 🔁 Tick — 2025-08-02T12:10:00.014Z
[CRON] 2025-08-02T12:10:00.016Z — dow=6, bucket=98
[PING] 🏠 Found 1
[PING-PI] ❌ Could not reach homebase C554CE816A718CDE
[CRON] ▶ ON  slots to start/continue: 0
[CRON] ▶ OFF slots to stop        : 0
[CRON] ✓ pass complete

[PING-ESP] Considering HB IDs: [ 'C554CE816A718CDE' ]
[PING-ESP] Online HB IDs: []
[PING-ESP] 🚫 Skipping ESP pings (DB offline) hb=C554CE816A718CDE
[PING] ✅ All pings dispatched

[PING] 🔁 Tick — 2025-08-02T12:11:00.011Z
[PING] 🏠 Found 1
[PING-PI] ❌ Could not reach homebase C554CE816A718CDE
[PING-ESP] Considering HB IDs: [ 'C554CE816A718CDE' ]
[PING-ESP] Online HB IDs: []
[PING-ESP] 🚫 Skipping ESP pings (DB offline) hb=C554CE816A718CDE
[PING] ✅ All pings dispatched

[PING] 🔁 Tick — 2025-08-02T12:12:00.012Z
[PING] 🏠 Found 1
[PING-PI] ❌ Could not reach homebase C554CE816A718CDE
[PING-ESP] Considering HB IDs: [ 'C554CE816A718CDE' ]
[PING-ESP] Online HB IDs: []
[PING-ESP] 🚫 Skipping ESP pings (DB offline) hb=C554CE816A718CDE
[PING] ✅ All pings dispatched

[PING] 🔁 Tick — 2025-08-02T12:13:00.006Z
[PING] 🏠 Found 1
[PING-PI] ❌ Could not reach homebase C554CE816A718CDE
[PING-ESP] Considering HB IDs: [ 'C554CE816A718CDE' ]
[PING-ESP] Online HB IDs: []
[PING-ESP] 🚫 Skipping ESP pings (DB offline) hb=C554CE816A718CDE
[PING] ✅ All pings dispatched

[PING] 🔁 Tick — 2025-08-02T12:14:00.011Z
[PING] 🏠 Found 1
[PING-PI] ❌ Could not reach homebase C554CE816A718CDE
[PING-ESP] Considering HB IDs: [ 'C554CE816A718CDE' ]
[PING-ESP] Online HB IDs: []
[PING-ESP] 🚫 Skipping ESP pings (DB offline) hb=C554CE816A718CDE
[PING] ✅ All pings dispatched

[CRON] 2025-08-02T12:15:00.014Z — dow=6, bucket=99
[PING] 🔁 Tick — 2025-08-02T12:15:00.018Z
[PING] 🏠 Found 1
[PING-PI] ❌ Could not reach homebase C554CE816A718CDE
[PING-ESP] Considering HB IDs: [ 'C554CE816A718CDE' ]
[PING-ESP] Online HB IDs: []
[PING-ESP] 🚫 Skipping ESP pings (DB offline) hb=C554CE816A718CDE
[PING] ✅ All pings dispatched

[CRON] ▶ ON  slots to start/continue: 0
[CRON] ▶ OFF slots to stop        : 0
[CRON] ✓ pass complete

[PING] 🔁 Tick — 2025-08-02T12:16:00.006Z
[PING] 🏠 Found 1
[PING-PI] ❌ Could not reach homebase C554CE816A718CDE
[PING-ESP] Considering HB IDs: [ 'C554CE816A718CDE' ]
[PING-ESP] Online HB IDs: []
[PING-ESP] 🚫 Skipping ESP pings (DB offline) hb=C554CE816A718CDE
[PING] ✅ All pings dispatched

[PING] 🔁 Tick — 2025-08-02T12:17:00.011Z
[PING] 🏠 Found 1
[PING-PI] ❌ Could not reach homebase C554CE816A718CDE
[PING-ESP] Considering HB IDs: [ 'C554CE816A718CDE' ]
[PING-ESP] Online HB IDs: []
[PING-ESP] 🚫 Skipping ESP pings (DB offline) hb=C554CE816A718CDE
[PING] ✅ All pings dispatched

[PING] 🔁 Tick — 2025-08-02T12:18:00.006Z
[PING] 🏠 Found 1
[PING-PI] ❌ Could not reach homebase C554CE816A718CDE
[PING-ESP] Considering HB IDs: [ 'C554CE816A718CDE' ]
[PING-ESP] Online HB IDs: []
[PING-ESP] 🚫 Skipping ESP pings (DB offline) hb=C554CE816A718CDE
[PING] ✅ All pings dispatched

[PING] 🔁 Tick — 2025-08-02T12:19:00.012Z
[PING] 🏠 Found 1
[PING-PI] ❌ Could not reach homebase C554CE816A718CDE
[PING-ESP] Considering HB IDs: [ 'C554CE816A718CDE' ]
[PING-ESP] Online HB IDs: []
[PING-ESP] 🚫 Skipping ESP pings (DB offline) hb=C554CE816A718CDE
[PING] ✅ All pings dispatched

[CRON] 2025-08-02T12:20:00.016Z — dow=6, bucket=100
[PING] 🔁 Tick — 2025-08-02T12:20:00.017Z
[CRON] ▶ ON  slots to start/continue: 0
[PING] 🏠 Found 1
[PING-PI] ❌ Could not reach homebase C554CE816A718CDE
[CRON] ▶ OFF slots to stop        : 0
[CRON] ✓ pass complete

[PING-ESP] Considering HB IDs: [ 'C554CE816A718CDE' ]
[PING-ESP] Online HB IDs: []
[PING-ESP] 🚫 Skipping ESP pings (DB offline) hb=C554CE816A718CDE
[PING] ✅ All pings dispatched

[PING] 🔁 Tick — 2025-08-02T12:21:00.011Z
[PING] 🏠 Found 1
[PING-PI] ❌ Could not reach homebase C554CE816A718CDE
[PING-ESP] Considering HB IDs: [ 'C554CE816A718CDE' ]
[PING-ESP] Online HB IDs: []
[PING-ESP] 🚫 Skipping ESP pings (DB offline) hb=C554CE816A718CDE
[PING] ✅ All pings dispatched

[PING] 🔁 Tick — 2025-08-02T12:22:00.010Z
[PING] 🏠 Found 1
[PING-PI] ❌ Could not reach homebase C554CE816A718CDE
[PING-ESP] Considering HB IDs: [ 'C554CE816A718CDE' ]
[PING-ESP] Online HB IDs: []
[PING-ESP] 🚫 Skipping ESP pings (DB offline) hb=C554CE816A718CDE
[PING] ✅ All pings dispatched

[PING] 🔁 Tick — 2025-08-02T12:23:00.010Z
[PING] 🏠 Found 1
[PING-PI] ❌ Could not reach homebase C554CE816A718CDE
[PING-ESP] Considering HB IDs: [ 'C554CE816A718CDE' ]
[PING-ESP] Online HB IDs: []
[PING-ESP] 🚫 Skipping ESP pings (DB offline) hb=C554CE816A718CDE
[PING] ✅ All pings dispatched

[PING] 🔁 Tick — 2025-08-02T12:24:00.005Z
[PING] 🏠 Found 1
[PING-PI] ❌ Could not reach homebase C554CE816A718CDE
[PING-ESP] Considering HB IDs: [ 'C554CE816A718CDE' ]
[PING-ESP] Online HB IDs: []
[PING-ESP] 🚫 Skipping ESP pings (DB offline) hb=C554CE816A718CDE
[PING] ✅ All pings dispatched

[PING] 🔁 Tick — 2025-08-02T12:25:00.009Z
[PING] 🏠 Found 1
[PING-PI] ❌ Could not reach homebase C554CE816A718CDE
[CRON] 2025-08-02T12:25:00.012Z — dow=6, bucket=101
[PING-ESP] Considering HB IDs: [ 'C554CE816A718CDE' ]
[PING-ESP] Online HB IDs: []
[PING-ESP] 🚫 Skipping ESP pings (DB offline) hb=C554CE816A718CDE
[PING] ✅ All pings dispatched

[CRON] ▶ ON  slots to start/continue: 0
[CRON] ▶ OFF slots to stop        : 0
[CRON] ✓ pass complete

[PING] 🔁 Tick — 2025-08-02T12:26:00.010Z
[PING] 🏠 Found 1
[PING-PI] ❌ Could not reach homebase C554CE816A718CDE
[PING-ESP] Considering HB IDs: [ 'C554CE816A718CDE' ]
[PING-ESP] Online HB IDs: []
[PING-ESP] 🚫 Skipping ESP pings (DB offline) hb=C554CE816A718CDE
[PING] ✅ All pings dispatched

[PING] 🔁 Tick — 2025-08-02T12:27:00.011Z
[PING] 🏠 Found 1
[PING-PI] ❌ Could not reach homebase C554CE816A718CDE
[PING-ESP] Considering HB IDs: [ 'C554CE816A718CDE' ]
[PING-ESP] Online HB IDs: []
[PING-ESP] 🚫 Skipping ESP pings (DB offline) hb=C554CE816A718CDE
[PING] ✅ All pings dispatched

[PING] 🔁 Tick — 2025-08-02T12:28:00.010Z
[PING] 🏠 Found 1
[PING-PI] ❌ Could not reach homebase C554CE816A718CDE
[PING-ESP] Considering HB IDs: [ 'C554CE816A718CDE' ]
[PING-ESP] Online HB IDs: []
[PING-ESP] 🚫 Skipping ESP pings (DB offline) hb=C554CE816A718CDE
[PING] ✅ All pings dispatched

[PING] 🔁 Tick — 2025-08-02T12:29:00.006Z
[PING] 🏠 Found 1
[PING-PI] ❌ Could not reach homebase C554CE816A718CDE
[PING-ESP] Considering HB IDs: [ 'C554CE816A718CDE' ]
[PING-ESP] Online HB IDs: []
[PING-ESP] 🚫 Skipping ESP pings (DB offline) hb=C554CE816A718CDE
[PING] ✅ All pings dispatched

[CRON] 2025-08-02T12:30:00.013Z — dow=6, bucket=102
[PING] 🔁 Tick — 2025-08-02T12:30:00.014Z
[CRON] ▶ ON  slots to start/continue: 0
[PING] 🏠 Found 1
[PING-PI] ❌ Could not reach homebase C554CE816A718CDE
[CRON] ▶ OFF slots to stop        : 0
[CRON] ✓ pass complete

[PING-ESP] Considering HB IDs: [ 'C554CE816A718CDE' ]
[PING-ESP] Online HB IDs: []
[PING-ESP] 🚫 Skipping ESP pings (DB offline) hb=C554CE816A718CDE
[PING] ✅ All pings dispatched

[PING] 🔁 Tick — 2025-08-02T12:31:00.006Z
[PING] 🏠 Found 1
[PING-PI] ❌ Could not reach homebase C554CE816A718CDE
[PING-ESP] Considering HB IDs: [ 'C554CE816A718CDE' ]
[PING-ESP] Online HB IDs: []
[PING-ESP] 🚫 Skipping ESP pings (DB offline) hb=C554CE816A718CDE
[PING] ✅ All pings dispatched

[PING] 🔁 Tick — 2025-08-02T12:32:00.011Z
[PING] 🏠 Found 1
[PING-PI] ❌ Could not reach homebase C554CE816A718CDE
[PING-ESP] Considering HB IDs: [ 'C554CE816A718CDE' ]
[PING-ESP] Online HB IDs: []
[PING-ESP] 🚫 Skipping ESP pings (DB offline) hb=C554CE816A718CDE
[PING] ✅ All pings dispatched

[PING] 🔁 Tick — 2025-08-02T12:33:00.011Z
[PING] 🏠 Found 1
[PING-PI] ❌ Could not reach homebase C554CE816A718CDE
[PING-ESP] Considering HB IDs: [ 'C554CE816A718CDE' ]
[PING-ESP] Online HB IDs: []
[PING-ESP] 🚫 Skipping ESP pings (DB offline) hb=C554CE816A718CDE
[PING] ✅ All pings dispatched

[PING] 🔁 Tick — 2025-08-02T12:34:00.010Z
[PING] 🏠 Found 1
[PING-PI] ❌ Could not reach homebase C554CE816A718CDE
[PING-ESP] Considering HB IDs: [ 'C554CE816A718CDE' ]
[PING-ESP] Online HB IDs: []
[PING-ESP] 🚫 Skipping ESP pings (DB offline) hb=C554CE816A718CDE
[PING] ✅ All pings dispatched

[CRON] 2025-08-02T12:35:00.015Z — dow=6, bucket=103
[PING] 🔁 Tick — 2025-08-02T12:35:00.017Z
[PING] 🏠 Found 1
[PING-PI] ❌ Could not reach homebase C554CE816A718CDE
[PING-ESP] Considering HB IDs: [ 'C554CE816A718CDE' ]
[PING-ESP] Online HB IDs: []
[PING-ESP] 🚫 Skipping ESP pings (DB offline) hb=C554CE816A718CDE
[PING] ✅ All pings dispatched

[CRON] ▶ ON  slots to start/continue: 0
[CRON] ▶ OFF slots to stop        : 0
[CRON] ✓ pass complete

[PING] 🔁 Tick — 2025-08-02T12:36:00.011Z
[PING] 🏠 Found 1
[PING-PI] ❌ Could not reach homebase C554CE816A718CDE
[PING-ESP] Considering HB IDs: [ 'C554CE816A718CDE' ]
[PING-ESP] Online HB IDs: []
[PING-ESP] 🚫 Skipping ESP pings (DB offline) hb=C554CE816A718CDE
[PING] ✅ All pings dispatched

[PING] 🔁 Tick — 2025-08-02T12:37:00.006Z
[PING] 🏠 Found 1
[PING-PI] ❌ Could not reach homebase C554CE816A718CDE
[PING-ESP] Considering HB IDs: [ 'C554CE816A718CDE' ]
[PING-ESP] Online HB IDs: []
[PING-ESP] 🚫 Skipping ESP pings (DB offline) hb=C554CE816A718CDE
[PING] ✅ All pings dispatched

[PING] 🔁 Tick — 2025-08-02T12:38:00.012Z
[PING] 🏠 Found 1
[PING-PI] ❌ Could not reach homebase C554CE816A718CDE
[PING-ESP] Considering HB IDs: [ 'C554CE816A718CDE' ]
[PING-ESP] Online HB IDs: []
[PING-ESP] 🚫 Skipping ESP pings (DB offline) hb=C554CE816A718CDE
[PING] ✅ All pings dispatched

[PING] 🔁 Tick — 2025-08-02T12:39:00.011Z
[PING] 🏠 Found 1
[PING-PI] ❌ Could not reach homebase C554CE816A718CDE
[PING-ESP] Considering HB IDs: [ 'C554CE816A718CDE' ]
[PING-ESP] Online HB IDs: []
[PING-ESP] 🚫 Skipping ESP pings (DB offline) hb=C554CE816A718CDE
[PING] ✅ All pings dispatched

[CRON] 2025-08-02T12:40:00.009Z — dow=6, bucket=104
[PING] 🔁 Tick — 2025-08-02T12:40:00.010Z
[CRON] ▶ ON  slots to start/continue: 0
[CRON] ▶ OFF slots to stop        : 0
[CRON] ✓ pass complete

[PING] 🏠 Found 1
[PING-PI] ❌ Could not reach homebase C554CE816A718CDE
[PING-ESP] Considering HB IDs: [ 'C554CE816A718CDE' ]
[PING-ESP] Online HB IDs: []
[PING-ESP] 🚫 Skipping ESP pings (DB offline) hb=C554CE816A718CDE
[PING] ✅ All pings dispatched

[PING] 🔁 Tick — 2025-08-02T12:41:00.010Z
[PING] 🏠 Found 1
[PING-PI] ❌ Could not reach homebase C554CE816A718CDE
[PING-ESP] Considering HB IDs: [ 'C554CE816A718CDE' ]
[PING-ESP] Online HB IDs: []
[PING-ESP] 🚫 Skipping ESP pings (DB offline) hb=C554CE816A718CDE
[PING] ✅ All pings dispatched

[PING] 🔁 Tick — 2025-08-02T12:42:00.010Z
[PING] 🏠 Found 1
[PING-PI] ❌ Could not reach homebase C554CE816A718CDE
[PING-ESP] Considering HB IDs: [ 'C554CE816A718CDE' ]
[PING-ESP] Online HB IDs: []
[PING-ESP] 🚫 Skipping ESP pings (DB offline) hb=C554CE816A718CDE
[PING] ✅ All pings dispatched

[PING] 🔁 Tick — 2025-08-02T12:43:00.012Z
[PING] 🏠 Found 1
[PING-PI] ❌ Could not reach homebase C554CE816A718CDE
[PING-ESP] Considering HB IDs: [ 'C554CE816A718CDE' ]
[PING-ESP] Online HB IDs: []
[PING-ESP] 🚫 Skipping ESP pings (DB offline) hb=C554CE816A718CDE
[PING] ✅ All pings dispatched

[PING] 🔁 Tick — 2025-08-02T12:44:00.010Z
[PING] 🏠 Found 1
[PING-PI] ❌ Could not reach homebase C554CE816A718CDE
[PING-ESP] Considering HB IDs: [ 'C554CE816A718CDE' ]
[PING-ESP] Online HB IDs: []
[PING-ESP] 🚫 Skipping ESP pings (DB offline) hb=C554CE816A718CDE
[PING] ✅ All pings dispatched

[CRON] 2025-08-02T12:45:00.017Z — dow=6, bucket=105
[PING] 🔁 Tick — 2025-08-02T12:45:00.018Z
[PING] 🏠 Found 1
[PING-PI] ❌ Could not reach homebase C554CE816A718CDE
[CRON] ▶ ON  slots to start/continue: 0
[CRON] ▶ OFF slots to stop        : 0
[CRON] ✓ pass complete

[PING-ESP] Considering HB IDs: [ 'C554CE816A718CDE' ]
[PING-ESP] Online HB IDs: []
[PING-ESP] 🚫 Skipping ESP pings (DB offline) hb=C554CE816A718CDE
[PING] ✅ All pings dispatched

[PING] 🔁 Tick — 2025-08-02T12:46:00.010Z
[PING] 🏠 Found 1
[PING-PI] ❌ Could not reach homebase C554CE816A718CDE
[PING-ESP] Considering HB IDs: [ 'C554CE816A718CDE' ]
[PING-ESP] Online HB IDs: []
[PING-ESP] 🚫 Skipping ESP pings (DB offline) hb=C554CE816A718CDE
[PING] ✅ All pings dispatched

[PING] 🔁 Tick — 2025-08-02T12:47:00.011Z
[PING] 🏠 Found 1
[PING-PI] ❌ Could not reach homebase C554CE816A718CDE
[PING-ESP] Considering HB IDs: [ 'C554CE816A718CDE' ]
[PING-ESP] Online HB IDs: []
[PING-ESP] 🚫 Skipping ESP pings (DB offline) hb=C554CE816A718CDE
[PING] ✅ All pings dispatched

[PING] 🔁 Tick — 2025-08-02T12:48:00.013Z
[PING] 🏠 Found 1
[PING-PI] ❌ Could not reach homebase C554CE816A718CDE
[PING-ESP] Considering HB IDs: [ 'C554CE816A718CDE' ]
[PING-ESP] Online HB IDs: []
[PING-ESP] 🚫 Skipping ESP pings (DB offline) hb=C554CE816A718CDE
[PING] ✅ All pings dispatched

[PING] 🔁 Tick — 2025-08-02T12:49:00.005Z
[PING] 🏠 Found 1
[PING-PI] ❌ Could not reach homebase C554CE816A718CDE
[PING-ESP] Considering HB IDs: [ 'C554CE816A718CDE' ]
[PING-ESP] Online HB IDs: []
[PING-ESP] 🚫 Skipping ESP pings (DB offline) hb=C554CE816A718CDE
[PING] ✅ All pings dispatched

[PING] 🔁 Tick — 2025-08-02T12:50:00.009Z
[CRON] 2025-08-02T12:50:00.011Z — dow=6, bucket=106
[PING] 🏠 Found 1
[PING-PI] ❌ Could not reach homebase C554CE816A718CDE
[CRON] ▶ ON  slots to start/continue: 0
[CRON] ▶ OFF slots to stop        : 0
[CRON] ✓ pass complete

[PING-ESP] Considering HB IDs: [ 'C554CE816A718CDE' ]
[PING-ESP] Online HB IDs: []
[PING-ESP] 🚫 Skipping ESP pings (DB offline) hb=C554CE816A718CDE
[PING] ✅ All pings dispatched

[PING] 🔁 Tick — 2025-08-02T12:51:00.011Z
[PING] 🏠 Found 1
[PING-PI] ❌ Could not reach homebase C554CE816A718CDE
[PING-ESP] Considering HB IDs: [ 'C554CE816A718CDE' ]
[PING-ESP] Online HB IDs: []
[PING-ESP] 🚫 Skipping ESP pings (DB offline) hb=C554CE816A718CDE
[PING] ✅ All pings dispatched

[PING] 🔁 Tick — 2025-08-02T12:52:00.010Z
[PING] 🏠 Found 1
[PING-PI] ❌ Could not reach homebase C554CE816A718CDE
[PING-ESP] Considering HB IDs: [ 'C554CE816A718CDE' ]
[PING-ESP] Online HB IDs: []
[PING-ESP] 🚫 Skipping ESP pings (DB offline) hb=C554CE816A718CDE
[PING] ✅ All pings dispatched

[PING] 🔁 Tick — 2025-08-02T12:53:00.009Z
[PING] 🏠 Found 1
[PING-PI] ❌ Could not reach homebase C554CE816A718CDE
[PING-ESP] Considering HB IDs: [ 'C554CE816A718CDE' ]
[PING-ESP] Online HB IDs: []
[PING-ESP] 🚫 Skipping ESP pings (DB offline) hb=C554CE816A718CDE
[PING] ✅ All pings dispatched

[PING] 🔁 Tick — 2025-08-02T12:54:00.011Z
[PING] 🏠 Found 1
[PING-PI] ❌ Could not reach homebase C554CE816A718CDE
[PING-ESP] Considering HB IDs: [ 'C554CE816A718CDE' ]
[PING-ESP] Online HB IDs: []
[PING-ESP] 🚫 Skipping ESP pings (DB offline) hb=C554CE816A718CDE
[PING] ✅ All pings dispatched

[CRON] 2025-08-02T12:55:00.016Z — dow=6, bucket=107
[PING] 🔁 Tick — 2025-08-02T12:55:00.017Z
[CRON] ▶ ON  slots to start/continue: 0
[PING] 🏠 Found 1
[PING-PI] ❌ Could not reach homebase C554CE816A718CDE
[CRON] ▶ OFF slots to stop        : 0
[CRON] ✓ pass complete

[PING-ESP] Considering HB IDs: [ 'C554CE816A718CDE' ]
[PING-ESP] Online HB IDs: []
[PING-ESP] 🚫 Skipping ESP pings (DB offline) hb=C554CE816A718CDE
[PING] ✅ All pings dispatched

[PING] 🔁 Tick — 2025-08-02T12:56:00.012Z
[PING] 🏠 Found 1
[PING-PI] ❌ Could not reach homebase C554CE816A718CDE
[PING-ESP] Considering HB IDs: [ 'C554CE816A718CDE' ]
[PING-ESP] Online HB IDs: []
[PING-ESP] 🚫 Skipping ESP pings (DB offline) hb=C554CE816A718CDE
[PING] ✅ All pings dispatched

[PING] 🔁 Tick — 2025-08-02T12:57:00.011Z
[PING] 🏠 Found 1
[PING-PI] ❌ Could not reach homebase C554CE816A718CDE
[PING-ESP] Considering HB IDs: [ 'C554CE816A718CDE' ]
[PING-ESP] Online HB IDs: []
[PING-ESP] 🚫 Skipping ESP pings (DB offline) hb=C554CE816A718CDE
[PING] ✅ All pings dispatched

[PING] 🔁 Tick — 2025-08-02T12:58:00.011Z
[PING] 🏠 Found 1
[PING-PI] ❌ Could not reach homebase C554CE816A718CDE
[PING-ESP] Considering HB IDs: [ 'C554CE816A718CDE' ]
[PING-ESP] Online HB IDs: []
[PING-ESP] 🚫 Skipping ESP pings (DB offline) hb=C554CE816A718CDE
[PING] ✅ All pings dispatched

[PING] 🔁 Tick — 2025-08-02T12:59:00.011Z
[PING] 🏠 Found 1
[PING-PI] ❌ Could not reach homebase C554CE816A718CDE
[PING-ESP] Considering HB IDs: [ 'C554CE816A718CDE' ]
[PING-ESP] Online HB IDs: []
[PING-ESP] 🚫 Skipping ESP pings (DB offline) hb=C554CE816A718CDE
[PING] ✅ All pings dispatched

[CRON] 2025-08-02T13:00:00.014Z — dow=6, bucket=108
[PING] 🔁 Tick — 2025-08-02T13:00:00.015Z
[CRON] ▶ ON  slots to start/continue: 0
[PING] 🏠 Found 1
[PING-PI] ❌ Could not reach homebase C554CE816A718CDE
[CRON] ▶ OFF slots to stop        : 0
[CRON] ✓ pass complete

[PING-ESP] Considering HB IDs: [ 'C554CE816A718CDE' ]
[PING-ESP] Online HB IDs: []
[PING-ESP] 🚫 Skipping ESP pings (DB offline) hb=C554CE816A718CDE
[PING] ✅ All pings dispatched

[PING] 🔁 Tick — 2025-08-02T13:01:00.012Z
[PING] 🏠 Found 1
[PING-PI] ❌ Could not reach homebase C554CE816A718CDE
[PING-ESP] Considering HB IDs: [ 'C554CE816A718CDE' ]
[PING-ESP] Online HB IDs: []
[PING-ESP] 🚫 Skipping ESP pings (DB offline) hb=C554CE816A718CDE
[PING] ✅ All pings dispatched

[PING] 🔁 Tick — 2025-08-02T13:02:00.010Z
[PING] 🏠 Found 1
[PING-PI] ❌ Could not reach homebase C554CE816A718CDE
[PING-ESP] Considering HB IDs: [ 'C554CE816A718CDE' ]
[PING-ESP] Online HB IDs: []
[PING-ESP] 🚫 Skipping ESP pings (DB offline) hb=C554CE816A718CDE
[PING] ✅ All pings dispatched

[PING] 🔁 Tick — 2025-08-02T13:03:00.011Z
[PING] 🏠 Found 1
[PING-PI] ❌ Could not reach homebase C554CE816A718CDE
[PING-ESP] Considering HB IDs: [ 'C554CE816A718CDE' ]
[PING-ESP] Online HB IDs: []
[PING-ESP] 🚫 Skipping ESP pings (DB offline) hb=C554CE816A718CDE
[PING] ✅ All pings dispatched

[PING] 🔁 Tick — 2025-08-02T13:04:00.012Z
[PING] 🏠 Found 1
[PING-PI] ❌ Could not reach homebase C554CE816A718CDE
[PING-ESP] Considering HB IDs: [ 'C554CE816A718CDE' ]
[PING-ESP] Online HB IDs: []
[PING-ESP] 🚫 Skipping ESP pings (DB offline) hb=C554CE816A718CDE
[PING] ✅ All pings dispatched

[CRON] 2025-08-02T13:05:00.014Z — dow=6, bucket=109
[PING] 🔁 Tick — 2025-08-02T13:05:00.016Z
[PING] 🏠 Found 1
[PING-PI] ❌ Could not reach homebase C554CE816A718CDE
[PING-ESP] Considering HB IDs: [ 'C554CE816A718CDE' ]
[PING-ESP] Online HB IDs: []
[PING-ESP] 🚫 Skipping ESP pings (DB offline) hb=C554CE816A718CDE
[PING] ✅ All pings dispatched

[CRON] ▶ ON  slots to start/continue: 0
[CRON] ▶ OFF slots to stop        : 0
[CRON] ✓ pass complete

[PING] 🔁 Tick — 2025-08-02T13:06:00.011Z
[PING] 🏠 Found 1
[PING-PI] ❌ Could not reach homebase C554CE816A718CDE
[PING-ESP] Considering HB IDs: [ 'C554CE816A718CDE' ]
[PING-ESP] Online HB IDs: []
[PING-ESP] 🚫 Skipping ESP pings (DB offline) hb=C554CE816A718CDE
[PING] ✅ All pings dispatched

[PING] 🔁 Tick — 2025-08-02T13:07:00.012Z
[PING] 🏠 Found 1
[PING-PI] ❌ Could not reach homebase C554CE816A718CDE
[PING-ESP] Considering HB IDs: [ 'C554CE816A718CDE' ]
[PING-ESP] Online HB IDs: []
[PING-ESP] 🚫 Skipping ESP pings (DB offline) hb=C554CE816A718CDE
[PING] ✅ All pings dispatched

[PING] 🔁 Tick — 2025-08-02T13:08:00.011Z
[PING] 🏠 Found 1
[PING-PI] ❌ Could not reach homebase C554CE816A718CDE
[PING-ESP] Considering HB IDs: [ 'C554CE816A718CDE' ]
[PING-ESP] Online HB IDs: []
[PING-ESP] 🚫 Skipping ESP pings (DB offline) hb=C554CE816A718CDE
[PING] ✅ All pings dispatched

[PING] 🔁 Tick — 2025-08-02T13:09:00.010Z
[PING] 🏠 Found 1
[PING-PI] ❌ Could not reach homebase C554CE816A718CDE
[PING-ESP] Considering HB IDs: [ 'C554CE816A718CDE' ]
[PING-ESP] Online HB IDs: []
[PING-ESP] 🚫 Skipping ESP pings (DB offline) hb=C554CE816A718CDE
[PING] ✅ All pings dispatched

[CRON] 2025-08-02T13:10:00.015Z — dow=6, bucket=110
[PING] 🔁 Tick — 2025-08-02T13:10:00.016Z
[CRON] ▶ ON  slots to start/continue: 0
[PING] 🏠 Found 1
[PING-PI] ❌ Could not reach homebase C554CE816A718CDE
[CRON] ▶ OFF slots to stop        : 0
[CRON] ✓ pass complete

[PING-ESP] Considering HB IDs: [ 'C554CE816A718CDE' ]
[PING-ESP] Online HB IDs: []
[PING-ESP] 🚫 Skipping ESP pings (DB offline) hb=C554CE816A718CDE
[PING] ✅ All pings dispatched

[PING] 🔁 Tick — 2025-08-02T13:11:00.009Z
[PING] 🏠 Found 1
[PING-PI] ❌ Could not reach homebase C554CE816A718CDE
[PING-ESP] Considering HB IDs: [ 'C554CE816A718CDE' ]
[PING-ESP] Online HB IDs: []
[PING-ESP] 🚫 Skipping ESP pings (DB offline) hb=C554CE816A718CDE
[PING] ✅ All pings dispatched

[PING] 🔁 Tick — 2025-08-02T13:12:00.009Z
[PING] 🏠 Found 1
[PING-PI] ❌ Could not reach homebase C554CE816A718CDE
[PING-ESP] Considering HB IDs: [ 'C554CE816A718CDE' ]
[PING-ESP] Online HB IDs: []
[PING-ESP] 🚫 Skipping ESP pings (DB offline) hb=C554CE816A718CDE
[PING] ✅ All pings dispatched

[PING] 🔁 Tick — 2025-08-02T13:13:00.006Z
[PING] 🏠 Found 1
[PING-PI] ❌ Could not reach homebase C554CE816A718CDE
[PING-ESP] Considering HB IDs: [ 'C554CE816A718CDE' ]
[PING-ESP] Online HB IDs: []
[PING-ESP] 🚫 Skipping ESP pings (DB offline) hb=C554CE816A718CDE
[PING] ✅ All pings dispatched

[PING] 🔁 Tick — 2025-08-02T13:14:00.010Z
[PING] 🏠 Found 1
[PING-PI] ❌ Could not reach homebase C554CE816A718CDE
[PING-ESP] Considering HB IDs: [ 'C554CE816A718CDE' ]
[PING-ESP] Online HB IDs: []
[PING-ESP] 🚫 Skipping ESP pings (DB offline) hb=C554CE816A718CDE
[PING] ✅ All pings dispatched

[PING] 🔁 Tick — 2025-08-02T13:15:00.014Z
[CRON] 2025-08-02T13:15:00.015Z — dow=6, bucket=111
[PING] 🏠 Found 1
[PING-PI] ❌ Could not reach homebase C554CE816A718CDE
[CRON] ▶ ON  slots to start/continue: 0
[CRON] ▶ OFF slots to stop        : 0
[CRON] ✓ pass complete

[PING-ESP] Considering HB IDs: [ 'C554CE816A718CDE' ]
[PING-ESP] Online HB IDs: []
[PING-ESP] 🚫 Skipping ESP pings (DB offline) hb=C554CE816A718CDE
[PING] ✅ All pings dispatched

[PING] 🔁 Tick — 2025-08-02T13:16:00.009Z
[PING] 🏠 Found 1
[PING-PI] ❌ Could not reach homebase C554CE816A718CDE
[PING-ESP] Considering HB IDs: [ 'C554CE816A718CDE' ]
[PING-ESP] Online HB IDs: []
[PING-ESP] 🚫 Skipping ESP pings (DB offline) hb=C554CE816A718CDE
[PING] ✅ All pings dispatched

[PING] 🔁 Tick — 2025-08-02T13:17:00.006Z
[PING] 🏠 Found 1
[PING-PI] ❌ Could not reach homebase C554CE816A718CDE
[PING-ESP] Considering HB IDs: [ 'C554CE816A718CDE' ]
[PING-ESP] Online HB IDs: []
[PING-ESP] 🚫 Skipping ESP pings (DB offline) hb=C554CE816A718CDE
[PING] ✅ All pings dispatched

[PING] 🔁 Tick — 2025-08-02T13:18:00.010Z
[PING] 🏠 Found 1
[PING-PI] ❌ Could not reach homebase C554CE816A718CDE
[PING-ESP] Considering HB IDs: [ 'C554CE816A718CDE' ]
[PING-ESP] Online HB IDs: []
[PING-ESP] 🚫 Skipping ESP pings (DB offline) hb=C554CE816A718CDE
[PING] ✅ All pings dispatched

[PING] 🔁 Tick — 2025-08-02T13:19:00.011Z
[PING] 🏠 Found 1
[PING-PI] ❌ Could not reach homebase C554CE816A718CDE
[PING-ESP] Considering HB IDs: [ 'C554CE816A718CDE' ]
[PING-ESP] Online HB IDs: []
[PING-ESP] 🚫 Skipping ESP pings (DB offline) hb=C554CE816A718CDE
[PING] ✅ All pings dispatched

[PING] 🔁 Tick — 2025-08-02T13:20:00.013Z
[CRON] 2025-08-02T13:20:00.013Z — dow=6, bucket=112
[PING] 🏠 Found 1
[PING-PI] ❌ Could not reach homebase C554CE816A718CDE
[CRON] ▶ ON  slots to start/continue: 0
[CRON] ▶ OFF slots to stop        : 0
[CRON] ✓ pass complete

[PING-ESP] Considering HB IDs: [ 'C554CE816A718CDE' ]
[PING-ESP] Online HB IDs: []
[PING-ESP] 🚫 Skipping ESP pings (DB offline) hb=C554CE816A718CDE
[PING] ✅ All pings dispatched

[PING] 🔁 Tick — 2025-08-02T13:21:00.009Z
[PING] 🏠 Found 1
[PING-PI] ❌ Could not reach homebase C554CE816A718CDE
[PING-ESP] Considering HB IDs: [ 'C554CE816A718CDE' ]
[PING-ESP] Online HB IDs: []
[PING-ESP] 🚫 Skipping ESP pings (DB offline) hb=C554CE816A718CDE
[PING] ✅ All pings dispatched

[PING] 🔁 Tick — 2025-08-02T13:22:00.010Z
[PING] 🏠 Found 1
[PING-PI] ❌ Could not reach homebase C554CE816A718CDE
[PING-ESP] Considering HB IDs: [ 'C554CE816A718CDE' ]
[PING-ESP] Online HB IDs: []
[PING-ESP] 🚫 Skipping ESP pings (DB offline) hb=C554CE816A718CDE
[PING] ✅ All pings dispatched

[PING] 🔁 Tick — 2025-08-02T13:23:00.008Z
[PING] 🏠 Found 1
[PING-PI] ❌ Could not reach homebase C554CE816A718CDE
[PING-ESP] Considering HB IDs: [ 'C554CE816A718CDE' ]
[PING-ESP] Online HB IDs: []
[PING-ESP] 🚫 Skipping ESP pings (DB offline) hb=C554CE816A718CDE
[PING] ✅ All pings dispatched

[PING] 🔁 Tick — 2025-08-02T13:24:00.010Z
[PING] 🏠 Found 1
[PING-PI] ❌ Could not reach homebase C554CE816A718CDE
[PING-ESP] Considering HB IDs: [ 'C554CE816A718CDE' ]
[PING-ESP] Online HB IDs: []
[PING-ESP] 🚫 Skipping ESP pings (DB offline) hb=C554CE816A718CDE
[PING] ✅ All pings dispatched

[PING] 🔁 Tick — 2025-08-02T13:25:00.012Z
[CRON] 2025-08-02T13:25:00.013Z — dow=6, bucket=113
[PING] 🏠 Found 1
[PING-PI] ❌ Could not reach homebase C554CE816A718CDE
[PING-ESP] Considering HB IDs: [ 'C554CE816A718CDE' ]
[PING-ESP] Online HB IDs: []
[PING-ESP] 🚫 Skipping ESP pings (DB offline) hb=C554CE816A718CDE
[PING] ✅ All pings dispatched

[CRON] ▶ ON  slots to start/continue: 0
[CRON] ▶ OFF slots to stop        : 0
[CRON] ✓ pass complete

[PING] 🔁 Tick — 2025-08-02T13:26:00.011Z
[PING] 🏠 Found 1
[PING-PI] ❌ Could not reach homebase C554CE816A718CDE
[PING-ESP] Considering HB IDs: [ 'C554CE816A718CDE' ]
[PING-ESP] Online HB IDs: []
[PING-ESP] 🚫 Skipping ESP pings (DB offline) hb=C554CE816A718CDE
[PING] ✅ All pings dispatched

[PING] 🔁 Tick — 2025-08-02T13:27:00.011Z
[PING] 🏠 Found 1
[PING-PI] ❌ Could not reach homebase C554CE816A718CDE
[PING-ESP] Considering HB IDs: [ 'C554CE816A718CDE' ]
[PING-ESP] Online HB IDs: []
[PING-ESP] 🚫 Skipping ESP pings (DB offline) hb=C554CE816A718CDE
[PING] ✅ All pings dispatched

[PING] 🔁 Tick — 2025-08-02T13:28:00.010Z
[PING] 🏠 Found 1
[PING-PI] ❌ Could not reach homebase C554CE816A718CDE
[PING-ESP] Considering HB IDs: [ 'C554CE816A718CDE' ]
[PING-ESP] Online HB IDs: []
[PING-ESP] 🚫 Skipping ESP pings (DB offline) hb=C554CE816A718CDE
[PING] ✅ All pings dispatched

[PING] 🔁 Tick — 2025-08-02T13:29:00.010Z
[PING] 🏠 Found 1
[PING-PI] ❌ Could not reach homebase C554CE816A718CDE
[PING-ESP] Considering HB IDs: [ 'C554CE816A718CDE' ]
[PING-ESP] Online HB IDs: []
[PING-ESP] 🚫 Skipping ESP pings (DB offline) hb=C554CE816A718CDE
[PING] ✅ All pings dispatched

[CRON] 2025-08-02T13:30:00.013Z — dow=6, bucket=114
[PING] 🔁 Tick — 2025-08-02T13:30:00.014Z
[CRON] ▶ ON  slots to start/continue: 0
[PING] 🏠 Found 1
[PING-PI] ❌ Could not reach homebase C554CE816A718CDE
[CRON] ▶ OFF slots to stop        : 0
[CRON] ✓ pass complete

[PING-ESP] Considering HB IDs: [ 'C554CE816A718CDE' ]
[PING-ESP] Online HB IDs: []
[PING-ESP] 🚫 Skipping ESP pings (DB offline) hb=C554CE816A718CDE
[PING] ✅ All pings dispatched

[PING] 🔁 Tick — 2025-08-02T13:31:00.009Z
[PING] 🏠 Found 1
[PING-PI] ❌ Could not reach homebase C554CE816A718CDE
[PING-ESP] Considering HB IDs: [ 'C554CE816A718CDE' ]
[PING-ESP] Online HB IDs: []
[PING-ESP] 🚫 Skipping ESP pings (DB offline) hb=C554CE816A718CDE
[PING] ✅ All pings dispatched

[PING] 🔁 Tick — 2025-08-02T13:32:00.006Z
[PING] 🏠 Found 1
[PING-PI] ❌ Could not reach homebase C554CE816A718CDE
[PING-ESP] Considering HB IDs: [ 'C554CE816A718CDE' ]
[PING-ESP] Online HB IDs: []
[PING-ESP] 🚫 Skipping ESP pings (DB offline) hb=C554CE816A718CDE
[PING] ✅ All pings dispatched

[PING] 🔁 Tick — 2025-08-02T13:33:00.010Z
[PING] 🏠 Found 1
[PING-PI] ❌ Could not reach homebase C554CE816A718CDE
[PING-ESP] Considering HB IDs: [ 'C554CE816A718CDE' ]
[PING-ESP] Online HB IDs: []
[PING-ESP] 🚫 Skipping ESP pings (DB offline) hb=C554CE816A718CDE
[PING] ✅ All pings dispatched

[PING] 🔁 Tick — 2025-08-02T13:34:00.009Z
[PING] 🏠 Found 1
[PING-PI] ❌ Could not reach homebase C554CE816A718CDE
[PING-ESP] Considering HB IDs: [ 'C554CE816A718CDE' ]
[PING-ESP] Online HB IDs: []
[PING-ESP] 🚫 Skipping ESP pings (DB offline) hb=C554CE816A718CDE
[PING] ✅ All pings dispatched

[CRON] 2025-08-02T13:35:00.018Z — dow=6, bucket=115
[PING] 🔁 Tick — 2025-08-02T13:35:00.020Z
[PING] 🏠 Found 1
[PING-PI] ❌ Could not reach homebase C554CE816A718CDE
[PING-ESP] Considering HB IDs: [ 'C554CE816A718CDE' ]
[PING-ESP] Online HB IDs: []
[PING-ESP] 🚫 Skipping ESP pings (DB offline) hb=C554CE816A718CDE
[PING] ✅ All pings dispatched

[CRON] ▶ ON  slots to start/continue: 0
[CRON] ▶ OFF slots to stop        : 0
[CRON] ✓ pass complete

[PING] 🔁 Tick — 2025-08-02T13:36:00.006Z
[PING] 🏠 Found 1
[PING-PI] ❌ Could not reach homebase C554CE816A718CDE
[PING-ESP] Considering HB IDs: [ 'C554CE816A718CDE' ]
[PING-ESP] Online HB IDs: []
[PING-ESP] 🚫 Skipping ESP pings (DB offline) hb=C554CE816A718CDE
[PING] ✅ All pings dispatched

[PING] 🔁 Tick — 2025-08-02T13:37:00.010Z
[PING] 🏠 Found 1
[PING-PI] ❌ Could not reach homebase C554CE816A718CDE
[PING-ESP] Considering HB IDs: [ 'C554CE816A718CDE' ]
[PING-ESP] Online HB IDs: []
[PING-ESP] 🚫 Skipping ESP pings (DB offline) hb=C554CE816A718CDE
[PING] ✅ All pings dispatched

[PING] 🔁 Tick — 2025-08-02T13:38:00.011Z
[PING] 🏠 Found 1
[PING-PI] ❌ Could not reach homebase C554CE816A718CDE
[PING-ESP] Considering HB IDs: [ 'C554CE816A718CDE' ]
[PING-ESP] Online HB IDs: []
[PING-ESP] 🚫 Skipping ESP pings (DB offline) hb=C554CE816A718CDE
[PING] ✅ All pings dispatched

[PING] 🔁 Tick — 2025-08-02T13:39:00.010Z
[PING] 🏠 Found 1
[PING-PI] ❌ Could not reach homebase C554CE816A718CDE
[PING-ESP] Considering HB IDs: [ 'C554CE816A718CDE' ]
[PING-ESP] Online HB IDs: []
[PING-ESP] 🚫 Skipping ESP pings (DB offline) hb=C554CE816A718CDE
[PING] ✅ All pings dispatched

[CRON] 2025-08-02T13:40:00.010Z — dow=6, bucket=116
[PING] 🔁 Tick — 2025-08-02T13:40:00.011Z
[CRON] ▶ ON  slots to start/continue: 0
[PING] 🏠 Found 1
[PING-PI] ❌ Could not reach homebase C554CE816A718CDE
[CRON] ▶ OFF slots to stop        : 0
[CRON] ✓ pass complete

[PING-ESP] Considering HB IDs: [ 'C554CE816A718CDE' ]
[PING-ESP] Online HB IDs: []
[PING-ESP] 🚫 Skipping ESP pings (DB offline) hb=C554CE816A718CDE
[PING] ✅ All pings dispatched

[PING] 🔁 Tick — 2025-08-02T13:41:00.009Z
[PING] 🏠 Found 1
[PING-PI] ❌ Could not reach homebase C554CE816A718CDE
[PING-ESP] Considering HB IDs: [ 'C554CE816A718CDE' ]
[PING-ESP] Online HB IDs: []
[PING-ESP] 🚫 Skipping ESP pings (DB offline) hb=C554CE816A718CDE
[PING] ✅ All pings dispatched

[PING] 🔁 Tick — 2025-08-02T13:42:00.009Z
[PING] 🏠 Found 1
[PING-PI] ❌ Could not reach homebase C554CE816A718CDE
[PING-ESP] Considering HB IDs: [ 'C554CE816A718CDE' ]
[PING-ESP] Online HB IDs: []
[PING-ESP] 🚫 Skipping ESP pings (DB offline) hb=C554CE816A718CDE
[PING] ✅ All pings dispatched

[PING] 🔁 Tick — 2025-08-02T13:43:00.010Z
[PING] 🏠 Found 1
[PING-PI] ❌ Could not reach homebase C554CE816A718CDE
[PING-ESP] Considering HB IDs: [ 'C554CE816A718CDE' ]
[PING-ESP] Online HB IDs: []
[PING-ESP] 🚫 Skipping ESP pings (DB offline) hb=C554CE816A718CDE
[PING] ✅ All pings dispatched

[PING] 🔁 Tick — 2025-08-02T13:44:00.011Z
[PING] 🏠 Found 1
[PING-PI] ❌ Could not reach homebase C554CE816A718CDE
[PING-ESP] Considering HB IDs: [ 'C554CE816A718CDE' ]
[PING-ESP] Online HB IDs: []
[PING-ESP] 🚫 Skipping ESP pings (DB offline) hb=C554CE816A718CDE
[PING] ✅ All pings dispatched

[CRON] 2025-08-02T13:45:00.014Z — dow=6, bucket=117
[PING] 🔁 Tick — 2025-08-02T13:45:00.015Z
[PING] 🏠 Found 1
[PING-PI] ❌ Could not reach homebase C554CE816A718CDE
[PING-ESP] Considering HB IDs: [ 'C554CE816A718CDE' ]
[PING-ESP] Online HB IDs: []
[PING-ESP] 🚫 Skipping ESP pings (DB offline) hb=C554CE816A718CDE
[PING] ✅ All pings dispatched

[CRON] ▶ ON  slots to start/continue: 0
[CRON] ▶ OFF slots to stop        : 0
[CRON] ✓ pass complete

[PING] 🔁 Tick — 2025-08-02T13:46:00.010Z
[PING] 🏠 Found 1
[PING-PI] ❌ Could not reach homebase C554CE816A718CDE
[PING-ESP] Considering HB IDs: [ 'C554CE816A718CDE' ]
[PING-ESP] Online HB IDs: []
[PING-ESP] 🚫 Skipping ESP pings (DB offline) hb=C554CE816A718CDE
[PING] ✅ All pings dispatched

[PING] 🔁 Tick — 2025-08-02T13:47:00.006Z
[PING] 🏠 Found 1
[PING-PI] ❌ Could not reach homebase C554CE816A718CDE
[PING-ESP] Considering HB IDs: [ 'C554CE816A718CDE' ]
[PING-ESP] Online HB IDs: []
[PING-ESP] 🚫 Skipping ESP pings (DB offline) hb=C554CE816A718CDE
[PING] ✅ All pings dispatched

[PING] 🔁 Tick — 2025-08-02T13:48:00.009Z
[PING] 🏠 Found 1
[PING-PI] ❌ Could not reach homebase C554CE816A718CDE
[PING-ESP] Considering HB IDs: [ 'C554CE816A718CDE' ]
[PING-ESP] Online HB IDs: []
[PING-ESP] 🚫 Skipping ESP pings (DB offline) hb=C554CE816A718CDE
[PING] ✅ All pings dispatched

[PING] 🔁 Tick — 2025-08-02T13:49:00.009Z
[PING] 🏠 Found 1
[PING-PI] ❌ Could not reach homebase C554CE816A718CDE
[PING-ESP] Considering HB IDs: [ 'C554CE816A718CDE' ]
[PING-ESP] Online HB IDs: []
[PING-ESP] 🚫 Skipping ESP pings (DB offline) hb=C554CE816A718CDE
[PING] ✅ All pings dispatched

[CRON] 2025-08-02T13:50:00.010Z — dow=6, bucket=118
[PING] 🔁 Tick — 2025-08-02T13:50:00.011Z
[CRON] ▶ ON  slots to start/continue: 0
[PING] 🏠 Found 1
[PING-PI] ❌ Could not reach homebase C554CE816A718CDE
[CRON] ▶ OFF slots to stop        : 0
[CRON] ✓ pass complete

[PING-ESP] Considering HB IDs: [ 'C554CE816A718CDE' ]
[PING-ESP] Online HB IDs: []
[PING-ESP] 🚫 Skipping ESP pings (DB offline) hb=C554CE816A718CDE
[PING] ✅ All pings dispatched

[PING] 🔁 Tick — 2025-08-02T13:51:00.008Z
[PING] 🏠 Found 1
[PING-PI] ❌ Could not reach homebase C554CE816A718CDE
[PING-ESP] Considering HB IDs: [ 'C554CE816A718CDE' ]
[PING-ESP] Online HB IDs: []
[PING-ESP] 🚫 Skipping ESP pings (DB offline) hb=C554CE816A718CDE
[PING] ✅ All pings dispatched

[PING] 🔁 Tick — 2025-08-02T13:52:00.009Z
[PING] 🏠 Found 1
[PING-PI] ❌ Could not reach homebase C554CE816A718CDE
[PING-ESP] Considering HB IDs: [ 'C554CE816A718CDE' ]
[PING-ESP] Online HB IDs: []
[PING-ESP] 🚫 Skipping ESP pings (DB offline) hb=C554CE816A718CDE
[PING] ✅ All pings dispatched

[PING] 🔁 Tick — 2025-08-02T13:53:00.009Z
[PING] 🏠 Found 1
[PING-PI] ❌ Could not reach homebase C554CE816A718CDE
[PING-ESP] Considering HB IDs: [ 'C554CE816A718CDE' ]
[PING-ESP] Online HB IDs: []
[PING-ESP] 🚫 Skipping ESP pings (DB offline) hb=C554CE816A718CDE
[PING] ✅ All pings dispatched

[PING] 🔁 Tick — 2025-08-02T13:54:00.010Z
[PING] 🏠 Found 1
[PING-PI] ❌ Could not reach homebase C554CE816A718CDE
[PING-ESP] Considering HB IDs: [ 'C554CE816A718CDE' ]
[PING-ESP] Online HB IDs: []
[PING-ESP] 🚫 Skipping ESP pings (DB offline) hb=C554CE816A718CDE
[PING] ✅ All pings dispatched

[CRON] 2025-08-02T13:55:00.013Z — dow=6, bucket=119
[PING] 🔁 Tick — 2025-08-02T13:55:00.014Z
[PING] 🏠 Found 1
[PING-PI] ❌ Could not reach homebase C554CE816A718CDE
[CRON] ▶ ON  slots to start/continue: 0
[CRON] ▶ OFF slots to stop        : 0
[CRON] ✓ pass complete

[PING-ESP] Considering HB IDs: [ 'C554CE816A718CDE' ]
[PING-ESP] Online HB IDs: []
[PING-ESP] 🚫 Skipping ESP pings (DB offline) hb=C554CE816A718CDE
[PING] ✅ All pings dispatched

[PING] 🔁 Tick — 2025-08-02T13:56:00.009Z
[PING] 🏠 Found 1
[PING-PI] ❌ Could not reach homebase C554CE816A718CDE
[PING-ESP] Considering HB IDs: [ 'C554CE816A718CDE' ]
[PING-ESP] Online HB IDs: []
[PING-ESP] 🚫 Skipping ESP pings (DB offline) hb=C554CE816A718CDE
[PING] ✅ All pings dispatched

[PING] 🔁 Tick — 2025-08-02T13:57:00.009Z
[PING] 🏠 Found 1
[PING-PI] ❌ Could not reach homebase C554CE816A718CDE
[PING-ESP] Considering HB IDs: [ 'C554CE816A718CDE' ]
[PING-ESP] Online HB IDs: []
[PING-ESP] 🚫 Skipping ESP pings (DB offline) hb=C554CE816A718CDE
[PING] ✅ All pings dispatched

[PING] 🔁 Tick — 2025-08-02T13:58:00.009Z
[PING] 🏠 Found 1
[PING-PI] ❌ Could not reach homebase C554CE816A718CDE
[PING-ESP] Considering HB IDs: [ 'C554CE816A718CDE' ]
[PING-ESP] Online HB IDs: []
[PING-ESP] 🚫 Skipping ESP pings (DB offline) hb=C554CE816A718CDE
[PING] ✅ All pings dispatched

[PING] 🔁 Tick — 2025-08-02T13:59:00.010Z
[PING] 🏠 Found 1
[PING-PI] ❌ Could not reach homebase C554CE816A718CDE
[PING-ESP] Considering HB IDs: [ 'C554CE816A718CDE' ]
[PING-ESP] Online HB IDs: []
[PING-ESP] 🚫 Skipping ESP pings (DB offline) hb=C554CE816A718CDE
[PING] ✅ All pings dispatched

[CRON] 2025-08-02T14:00:00.015Z — dow=6, bucket=120
[PING] 🔁 Tick — 2025-08-02T14:00:00.016Z
[PING] 🏠 Found 1
[PING-PI] ❌ Could not reach homebase C554CE816A718CDE
[CRON] ▶ ON  slots to start/continue: 0
[CRON] ▶ OFF slots to stop        : 0
[CRON] ✓ pass complete

[PING-ESP] Considering HB IDs: [ 'C554CE816A718CDE' ]
[PING-ESP] Online HB IDs: []
[PING-ESP] 🚫 Skipping ESP pings (DB offline) hb=C554CE816A718CDE
[PING] ✅ All pings dispatched

[PING] 🔁 Tick — 2025-08-02T14:01:00.010Z
[PING] 🏠 Found 1
[PING-PI] ❌ Could not reach homebase C554CE816A718CDE
[PING-ESP] Considering HB IDs: [ 'C554CE816A718CDE' ]
[PING-ESP] Online HB IDs: []
[PING-ESP] 🚫 Skipping ESP pings (DB offline) hb=C554CE816A718CDE
[PING] ✅ All pings dispatched

[PING] 🔁 Tick — 2025-08-02T14:02:00.009Z
[PING] 🏠 Found 1
[PING-PI] ❌ Could not reach homebase C554CE816A718CDE
[PING-ESP] Considering HB IDs: [ 'C554CE816A718CDE' ]
[PING-ESP] Online HB IDs: []
[PING-ESP] 🚫 Skipping ESP pings (DB offline) hb=C554CE816A718CDE
[PING] ✅ All pings dispatched

[PING] 🔁 Tick — 2025-08-02T14:03:00.008Z
[PING] 🏠 Found 1
[PING-PI] ❌ Could not reach homebase C554CE816A718CDE
[PING-ESP] Considering HB IDs: [ 'C554CE816A718CDE' ]
[PING-ESP] Online HB IDs: []
[PING-ESP] 🚫 Skipping ESP pings (DB offline) hb=C554CE816A718CDE
[PING] ✅ All pings dispatched

[PING] 🔁 Tick — 2025-08-02T14:04:00.005Z
[PING] 🏠 Found 1
[PING-PI] ❌ Could not reach homebase C554CE816A718CDE
[PING-ESP] Considering HB IDs: [ 'C554CE816A718CDE' ]
[PING-ESP] Online HB IDs: []
[PING-ESP] 🚫 Skipping ESP pings (DB offline) hb=C554CE816A718CDE
[PING] ✅ All pings dispatched

[PING] 🔁 Tick — 2025-08-02T14:05:00.013Z
[CRON] 2025-08-02T14:05:00.013Z — dow=6, bucket=121
[PING] 🏠 Found 1
[PING-PI] ❌ Could not reach homebase C554CE816A718CDE
[PING-ESP] Considering HB IDs: [ 'C554CE816A718CDE' ]
[PING-ESP] Online HB IDs: []
[PING-ESP] 🚫 Skipping ESP pings (DB offline) hb=C554CE816A718CDE
[PING] ✅ All pings dispatched

[CRON] ▶ ON  slots to start/continue: 0
[CRON] ▶ OFF slots to stop        : 0
[CRON] ✓ pass complete

[PING] 🔁 Tick — 2025-08-02T14:06:00.008Z
[PING] 🏠 Found 1
[PING-PI] ❌ Could not reach homebase C554CE816A718CDE
[PING-ESP] Considering HB IDs: [ 'C554CE816A718CDE' ]
[PING-ESP] Online HB IDs: []
[PING-ESP] 🚫 Skipping ESP pings (DB offline) hb=C554CE816A718CDE
[PING] ✅ All pings dispatched

[PING] 🔁 Tick — 2025-08-02T14:07:00.009Z
[PING] 🏠 Found 1
[PING-PI] ❌ Could not reach homebase C554CE816A718CDE
[PING-ESP] Considering HB IDs: [ 'C554CE816A718CDE' ]
[PING-ESP] Online HB IDs: []
[PING-ESP] 🚫 Skipping ESP pings (DB offline) hb=C554CE816A718CDE
[PING] ✅ All pings dispatched

[PING] 🔁 Tick — 2025-08-02T14:08:00.009Z
[PING] 🏠 Found 1
[PING-PI] ❌ Could not reach homebase C554CE816A718CDE
[PING-ESP] Considering HB IDs: [ 'C554CE816A718CDE' ]
[PING-ESP] Online HB IDs: []
[PING-ESP] 🚫 Skipping ESP pings (DB offline) hb=C554CE816A718CDE
[PING] ✅ All pings dispatched

[PING] 🔁 Tick — 2025-08-02T14:09:00.008Z
[PING] 🏠 Found 1
[PING-PI] ❌ Could not reach homebase C554CE816A718CDE
[PING-ESP] Considering HB IDs: [ 'C554CE816A718CDE' ]
[PING-ESP] Online HB IDs: []
[PING-ESP] 🚫 Skipping ESP pings (DB offline) hb=C554CE816A718CDE
[PING] ✅ All pings dispatched

[PING] 🔁 Tick — 2025-08-02T14:10:00.011Z
[CRON] 2025-08-02T14:10:00.013Z — dow=6, bucket=122
[PING] 🏠 Found 1
[PING-PI] ❌ Could not reach homebase C554CE816A718CDE
[CRON] ▶ ON  slots to start/continue: 0
[CRON] ▶ OFF slots to stop        : 0
[CRON] ✓ pass complete

[PING-ESP] Considering HB IDs: [ 'C554CE816A718CDE' ]
[PING-ESP] Online HB IDs: []
[PING-ESP] 🚫 Skipping ESP pings (DB offline) hb=C554CE816A718CDE
[PING] ✅ All pings dispatched

[PING] 🔁 Tick — 2025-08-02T14:11:00.009Z
[PING] 🏠 Found 1
[PING-PI] ❌ Could not reach homebase C554CE816A718CDE
[PING-ESP] Considering HB IDs: [ 'C554CE816A718CDE' ]
[PING-ESP] Online HB IDs: []
[PING-ESP] 🚫 Skipping ESP pings (DB offline) hb=C554CE816A718CDE
[PING] ✅ All pings dispatched

[PING] 🔁 Tick — 2025-08-02T14:12:00.008Z
[PING] 🏠 Found 1
[PING-PI] ❌ Could not reach homebase C554CE816A718CDE
[PING-ESP] Considering HB IDs: [ 'C554CE816A718CDE' ]
[PING-ESP] Online HB IDs: []
[PING-ESP] 🚫 Skipping ESP pings (DB offline) hb=C554CE816A718CDE
[PING] ✅ All pings dispatched

[PING] 🔁 Tick — 2025-08-02T14:13:00.009Z
[PING] 🏠 Found 1
[PING-PI] ❌ Could not reach homebase C554CE816A718CDE
[PING-ESP] Considering HB IDs: [ 'C554CE816A718CDE' ]
[PING-ESP] Online HB IDs: []
[PING-ESP] 🚫 Skipping ESP pings (DB offline) hb=C554CE816A718CDE
[PING] ✅ All pings dispatched

[PING] 🔁 Tick — 2025-08-02T14:14:00.009Z
[PING] 🏠 Found 1
[PING-PI] ❌ Could not reach homebase C554CE816A718CDE
[PING-ESP] Considering HB IDs: [ 'C554CE816A718CDE' ]
[PING-ESP] Online HB IDs: []
[PING-ESP] 🚫 Skipping ESP pings (DB offline) hb=C554CE816A718CDE
[PING] ✅ All pings dispatched

[CRON] 2025-08-02T14:15:00.012Z — dow=6, bucket=123
[PING] 🔁 Tick — 2025-08-02T14:15:00.016Z
[PING] 🏠 Found 1
[PING-PI] ❌ Could not reach homebase C554CE816A718CDE
[CRON] ▶ ON  slots to start/continue: 0
[PING-ESP] Considering HB IDs: [ 'C554CE816A718CDE' ]
[PING-ESP] Online HB IDs: []
[PING-ESP] 🚫 Skipping ESP pings (DB offline) hb=C554CE816A718CDE
[PING] ✅ All pings dispatched

[CRON] ▶ OFF slots to stop        : 0
[CRON] ✓ pass complete

[PING] 🔁 Tick — 2025-08-02T14:16:00.008Z
[PING] 🏠 Found 1
[PING-PI] ❌ Could not reach homebase C554CE816A718CDE
[PING-ESP] Considering HB IDs: [ 'C554CE816A718CDE' ]
[PING-ESP] Online HB IDs: []
[PING-ESP] 🚫 Skipping ESP pings (DB offline) hb=C554CE816A718CDE
[PING] ✅ All pings dispatched

[PING] 🔁 Tick — 2025-08-02T14:17:00.008Z
[PING] 🏠 Found 1
[PING-PI] ❌ Could not reach homebase C554CE816A718CDE
[PING-ESP] Considering HB IDs: [ 'C554CE816A718CDE' ]
[PING-ESP] Online HB IDs: []
[PING-ESP] 🚫 Skipping ESP pings (DB offline) hb=C554CE816A718CDE
[PING] ✅ All pings dispatched

[PING] 🔁 Tick — 2025-08-02T14:18:00.008Z
[PING] 🏠 Found 1
[PING-PI] ❌ Could not reach homebase C554CE816A718CDE
[PING-ESP] Considering HB IDs: [ 'C554CE816A718CDE' ]
[PING-ESP] Online HB IDs: []
[PING-ESP] 🚫 Skipping ESP pings (DB offline) hb=C554CE816A718CDE
[PING] ✅ All pings dispatched

[PING] 🔁 Tick — 2025-08-02T14:19:00.009Z
[PING] 🏠 Found 1
[PING-PI] ❌ Could not reach homebase C554CE816A718CDE
[PING-ESP] Considering HB IDs: [ 'C554CE816A718CDE' ]
[PING-ESP] Online HB IDs: []
[PING-ESP] 🚫 Skipping ESP pings (DB offline) hb=C554CE816A718CDE
[PING] ✅ All pings dispatched

